PLAYER_ID,PLAYER_NAME,MIN,FGM,FGA,FG_PCT,FG3M,FG3A,FG3_PCT,FTM,FTA,FT_PCT,OREB,DREB,REB,AST,TOV,STL,BLK,BLKA,PF,PTS,PLUS_MINUS,RAPM
203932,Aaron Gordon,27.7,4.6,10.0,0.463,1.2,3.5,0.335,1.9,3.0,0.651,1.5,4.1,5.7,3.2,1.9,0.7,0.7,0.6,1.8,12.4,1.2,2.47
1628988,Aaron Holiday,17.8,2.6,6.6,0.39,1.0,2.8,0.368,1.0,1.3,0.819,0.2,1.1,1.3,1.9,1.0,0.7,0.2,0.5,1.4,7.2,0.0,1.5
1630174,Aaron Nesmith,14.5,1.7,3.9,0.438,0.9,2.3,0.37,0.5,0.6,0.786,0.6,2.2,2.8,0.5,0.5,0.3,0.2,0.3,1.9,4.7,-0.2,-0.27
1627846,Abdel Nader,14.8,2.4,4.8,0.491,0.8,1.8,0.419,1.2,1.5,0.757,0.3,2.3,2.6,0.8,0.8,0.4,0.4,0.3,1.4,6.7,1.2,-3.29
1629690,Adam Mokoka,4.0,0.5,1.4,0.368,0.1,0.7,0.1,0.0,0.1,0.0,0.1,0.3,0.4,0.4,0.4,0.1,0.1,0.1,0.4,1.1,-0.6,1.17
201143,Al Horford,27.9,5.8,12.9,0.45,2.0,5.4,0.368,0.6,0.8,0.818,1.0,5.7,6.7,3.4,1.0,0.9,0.9,0.4,1.7,14.2,-3.6,2.34
202329,Al-Farouq Aminu,18.9,1.7,4.3,0.384,0.3,1.6,0.216,0.8,1.0,0.818,1.0,3.8,4.8,1.3,1.2,0.8,0.4,0.2,1.3,4.4,-2.3,1.64
202692,Alec Burks,25.6,4.3,10.2,0.42,2.1,5.0,0.415,2.1,2.4,0.856,0.4,4.2,4.6,2.2,1.0,0.6,0.3,0.6,2.1,12.7,2.6,-0.79
1630197,Aleksej Pokusevski,24.2,3.1,9.1,0.341,1.3,4.6,0.28,0.7,0.9,0.738,0.7,4.0,4.7,2.2,2.2,0.4,0.9,0.2,1.3,8.2,-8.7,-2.88
1629346,Alen Smailagic,5.6,0.7,1.8,0.407,0.3,0.7,0.4,0.1,0.4,0.333,0.4,0.7,1.1,0.3,0.3,0.2,0.3,0.1,0.7,1.9,-2.1,-0.38
1627936,Alex Caruso,21.0,2.3,5.3,0.436,0.9,2.4,0.401,0.8,1.3,0.645,0.5,2.4,2.9,2.8,1.3,1.1,0.3,0.4,1.9,6.4,2.1,4.54
203458,Alex Len,15.3,2.7,4.3,0.615,0.1,0.4,0.32,1.1,1.8,0.629,1.2,2.8,4.1,0.8,0.9,0.3,1.0,0.3,2.0,6.6,-1.5,-1.36
1628035,Alfonzo McKinnie,6.6,1.2,2.4,0.516,0.4,1.0,0.41,0.3,0.5,0.556,0.6,0.8,1.4,0.2,0.1,0.2,0.0,0.2,0.7,3.1,0.2,-0.96
1628993,Alize Johnson,10.5,2.2,3.8,0.588,0.1,0.3,0.167,0.7,0.7,1.0,1.5,3.5,5.0,0.8,0.5,0.3,0.3,0.4,0.9,5.2,-1.0,0.48
1628578,Amida Brimah,5.9,1.0,1.6,0.625,0.0,0.0,0.0,0.6,0.6,1.0,0.4,1.2,1.6,0.2,0.8,0.0,1.0,0.0,0.8,2.6,4.4,0.06
1629599,Amir Coffey,9.0,1.0,2.3,0.437,0.5,1.3,0.411,0.6,0.9,0.711,0.2,0.8,1.0,0.5,0.3,0.2,0.0,0.2,0.7,3.2,-0.6,-0.06
2760,Anderson Varejao,7.2,0.8,3.2,0.25,0.0,0.2,0.0,1.0,1.8,0.556,1.4,2.6,4.0,0.6,0.2,0.0,0.4,0.6,0.6,2.6,-6.6,-0.72
203083,Andre Drummond,27.0,6.1,12.4,0.493,0.0,0.2,0.0,2.7,4.5,0.6,3.6,8.4,12.0,2.0,2.7,1.4,1.1,1.5,3.2,14.9,-2.3,1.37
2738,Andre Iguodala,21.3,1.5,3.9,0.383,1.0,2.9,0.33,0.4,0.6,0.658,0.6,2.9,3.5,2.3,1.1,0.9,0.6,0.0,1.4,4.4,-1.3,0.81
203460,Andre Roberson,12.6,0.4,2.8,0.143,0.2,1.6,0.125,0.2,0.4,0.5,1.4,1.6,3.0,0.8,0.4,0.6,0.2,0.4,0.8,1.2,-3.8,-0.2
203952,Andrew Wiggins,33.3,7.1,14.9,0.477,2.0,5.2,0.38,2.4,3.4,0.714,1.2,3.7,4.9,2.4,1.8,0.9,1.0,0.6,2.2,18.6,0.0,-0.06
1629014,Anfernee Simons,17.3,2.6,6.3,0.419,1.9,4.4,0.426,0.7,0.9,0.807,0.2,2.0,2.2,1.4,0.7,0.3,0.1,0.3,1.5,7.8,0.7,-3.56
203076,Anthony Davis,32.3,8.4,17.0,0.491,0.7,2.8,0.26,4.4,5.9,0.738,1.7,6.2,7.9,3.1,2.1,1.3,1.6,0.7,1.7,21.8,3.2,2.19
1630162,Anthony Edwards,32.1,7.0,16.8,0.417,2.4,7.2,0.329,2.9,3.8,0.776,0.8,3.8,4.7,2.9,2.2,1.1,0.5,0.9,1.8,19.3,-3.2,-1.38
1630264,Anthony Gill,8.4,1.2,2.3,0.5,0.3,0.9,0.292,0.5,0.6,0.813,0.6,1.3,2.0,0.4,0.3,0.4,0.2,0.2,1.0,3.1,-0.7,0.12
1630237,Anthony Lamb,17.3,1.9,4.9,0.39,1.0,3.0,0.324,0.8,0.9,0.857,1.1,1.8,2.9,1.0,0.8,0.3,0.2,0.3,1.4,5.5,-3.7,-0.96
201229,Anthony Tolliver,9.0,0.4,1.5,0.235,0.4,1.3,0.286,0.5,0.5,0.833,0.3,0.6,0.9,0.2,0.3,0.3,0.2,0.0,0.6,1.5,2.7,-1.18
1628394,Anzejs Pasecniks,6.3,0.0,1.0,0.0,0.0,1.0,0.0,0.0,0.0,0.0,1.0,0.0,1.0,1.0,5.0,0.0,0.0,0.0,2.0,0.0,-13.0,-0.08
1629717,Armoni Brooks,26.0,3.9,9.6,0.406,3.0,7.9,0.382,0.4,0.6,0.583,0.5,2.9,3.4,1.5,1.1,0.6,0.3,0.3,1.7,11.2,-6.8,-1.27
203382,Aron Baynes,18.5,2.5,5.7,0.441,0.5,1.9,0.262,0.5,0.8,0.707,1.6,3.5,5.2,0.9,0.9,0.3,0.4,0.3,2.2,6.1,-1.5,-0.55
1630204,Ashton Hagans,2.0,0.0,0.0,0.0,0.0,0.0,0.0,0.0,0.0,0.0,0.0,0.0,0.0,0.0,0.5,0.0,0.0,0.0,0.0,0.0,-1.5,-0.1
203085,Austin Rivers,23.5,2.9,6.8,0.424,1.5,4.1,0.369,0.6,0.9,0.71,0.2,2.1,2.3,2.3,1.0,0.8,0.1,0.4,1.8,7.9,0.3,1.23
202340,Avery Bradley,22.3,2.4,6.3,0.374,1.2,3.7,0.327,0.4,0.6,0.8,0.3,1.8,2.1,1.7,1.0,0.8,0.1,0.3,2.0,6.4,-4.9,0.34
1626253,Axel Toupane,7.7,0.5,1.4,0.364,0.1,0.3,0.5,0.6,0.9,0.714,0.0,0.8,0.8,0.5,0.0,0.3,0.4,0.3,0.8,1.8,-0.4,0.01
1628389,Bam Adebayo,33.5,7.1,12.5,0.57,0.0,0.1,0.25,4.4,5.5,0.799,2.2,6.7,9.0,5.4,2.6,1.2,1.0,0.6,2.3,18.7,0.4,2.56
203463,Ben McLemore,17.1,2.5,6.9,0.37,1.8,5.3,0.346,0.7,1.0,0.736,0.3,1.6,1.9,0.7,0.8,0.4,0.2,0.3,1.7,7.7,-1.9,0.28
1627732,Ben Simmons,32.4,5.6,10.1,0.557,0.1,0.2,0.3,3.0,4.9,0.613,1.6,5.6,7.2,6.9,3.0,1.6,0.6,0.8,2.9,14.3,5.7,0.86
202687,Bismack Biyombo,20.4,2.2,3.7,0.587,0.0,0.0,0.0,0.7,1.6,0.448,2.1,3.2,5.3,1.2,1.1,0.3,1.1,0.5,2.1,5.0,-4.2,-2.25
201933,Blake Griffin,25.8,3.8,8.9,0.423,1.5,4.5,0.341,1.9,2.5,0.744,0.8,4.1,4.9,3.0,1.3,0.7,0.3,0.3,2.4,11.0,1.3,1.82
1626246,Boban Marjanovic,8.2,1.9,3.7,0.508,0.0,0.2,0.125,0.9,1.2,0.816,1.4,2.5,3.9,0.3,0.4,0.1,0.2,0.5,0.9,4.7,0.7,0.79
1626171,Bobby Portis,20.8,4.7,9.1,0.523,1.1,2.4,0.471,0.8,1.1,0.74,1.9,5.2,7.1,1.1,0.8,0.8,0.4,0.6,1.7,11.4,2.1,-0.41
203992,Bogdan Bogdanovic,29.7,6.1,12.8,0.473,3.3,7.6,0.438,0.9,1.0,0.909,0.5,3.2,3.6,3.3,1.2,1.1,0.3,0.4,2.3,16.4,2.5,1.69
202711,Bojan Bogdanovic,30.8,5.6,12.8,0.439,2.5,6.4,0.39,3.2,3.7,0.879,0.6,3.3,3.9,1.9,1.8,0.6,0.1,0.8,1.6,17.0,5.8,1.39
1629626,Bol Bol,5.0,0.8,1.8,0.431,0.3,0.8,0.375,0.3,0.5,0.667,0.0,0.8,0.8,0.2,0.4,0.1,0.3,0.0,0.4,2.2,-2.5,-1.73
202954,Brad Wanamaker,17.3,1.9,4.9,0.385,0.3,1.4,0.188,1.5,1.7,0.891,0.3,1.4,1.7,2.9,1.2,0.7,0.2,0.6,1.5,5.5,-2.1,0.73
203078,Bradley Beal,35.8,11.2,23.0,0.485,2.2,6.2,0.349,6.8,7.7,0.889,1.2,3.5,4.7,4.4,3.1,1.2,0.4,1.0,2.3,31.3,-0.1,1.48
1629634,Brandon Clarke,24.0,4.3,8.4,0.517,0.3,1.3,0.26,1.3,1.9,0.69,1.6,3.9,5.6,1.6,0.6,1.0,0.9,0.5,1.4,10.3,-0.3,0.09
1629164,Brandon Goodwin,13.2,1.8,4.7,0.377,0.7,2.2,0.311,0.6,0.9,0.651,0.2,1.3,1.5,2.0,0.8,0.4,0.0,0.4,0.9,4.9,-1.3,-1.51
1627742,Brandon Ingram,34.3,8.4,18.0,0.466,2.3,6.1,0.381,4.6,5.2,0.878,0.6,4.3,4.9,4.9,2.5,0.7,0.6,0.9,2.0,23.8,0.7,-0.07
1628968,Brian Bowen II,2.5,0.2,0.7,0.25,0.0,0.2,0.0,0.2,0.2,1.0,0.0,0.5,0.5,0.0,0.0,0.0,0.0,0.0,0.2,0.5,0.5,0.25
1630271,Brodric Thomas,12.5,1.2,3.4,0.361,0.5,1.8,0.271,1.0,1.4,0.674,0.3,1.4,1.7,0.9,0.7,0.5,0.3,0.2,1.3,3.9,-1.5,-0.23
201572,Brook Lopez,27.2,4.6,9.1,0.503,1.4,4.0,0.338,1.7,2.0,0.845,1.5,3.5,5.0,0.7,0.9,0.6,1.5,0.3,2.1,12.3,4.5,2.98
1628971,Bruce Brown,22.3,3.6,6.5,0.556,0.3,0.9,0.288,1.3,1.8,0.735,1.7,3.7,5.4,1.6,0.8,0.9,0.4,0.6,2.2,8.8,1.1,0.56
203998,Bruno Caboclo,6.1,1.3,2.8,0.471,0.0,0.8,0.0,0.2,0.3,0.5,0.5,1.8,2.3,0.2,0.7,0.0,0.3,0.2,1.0,2.8,0.0,0.75
1628981,Bruno Fernando,6.8,0.5,1.3,0.409,0.0,0.1,0.0,0.5,0.7,0.682,0.5,1.9,2.4,0.3,0.6,0.1,0.1,0.2,0.7,1.5,-0.7,-1.0
1627854,Bryn Forbes,19.3,3.6,7.6,0.473,2.2,4.9,0.452,0.7,0.9,0.77,0.2,1.4,1.6,0.6,0.6,0.3,0.0,0.3,1.1,10.0,1.4,-1.99
1627741,Buddy Hield,34.3,5.7,14.0,0.406,4.0,10.2,0.391,1.2,1.5,0.846,0.4,4.3,4.7,3.6,1.8,0.9,0.4,0.5,2.5,16.6,-0.8,1.08
1629604,CJ Elleby,6.4,0.8,2.2,0.379,0.2,1.1,0.206,0.4,0.5,0.733,0.4,0.7,1.1,0.3,0.2,0.2,0.1,0.1,0.9,2.3,-0.5,0.11
203468,CJ McCollum,34.0,8.6,18.8,0.458,3.6,8.9,0.402,2.3,2.8,0.812,0.6,3.3,3.9,4.7,1.4,0.9,0.4,0.6,1.9,23.1,4.4,2.93
1628997,Caleb Martin,15.4,1.8,4.8,0.375,0.6,2.4,0.248,0.8,1.2,0.641,0.6,2.1,2.7,1.3,0.6,0.7,0.2,0.3,1.2,5.0,-1.9,-0.33
1629629,Cam Reddish,28.9,3.7,10.1,0.365,1.3,4.8,0.262,2.6,3.2,0.817,0.8,3.2,4.0,1.3,1.3,1.3,0.3,0.8,2.6,11.2,-1.9,-1.65
1629661,Cameron Johnson,24.0,3.4,8.1,0.42,2.0,5.6,0.349,0.8,1.0,0.847,0.6,2.8,3.3,1.4,0.7,0.6,0.3,0.3,1.4,9.6,2.9,1.24
1628419,Cameron Oliver,21.8,4.8,8.3,0.576,1.0,3.3,0.308,0.3,1.0,0.25,1.3,4.0,5.3,1.3,0.8,0.5,1.0,0.5,2.8,10.8,-2.8,0.01
1626166,Cameron Payne,18.0,3.2,6.6,0.484,1.2,2.8,0.44,0.8,0.9,0.893,0.3,2.1,2.4,3.6,1.0,0.6,0.3,0.3,1.6,8.4,3.0,1.44
1629244,Cameron Reynolds,8.1,1.2,3.6,0.333,0.6,2.4,0.25,0.0,0.0,0.0,0.4,0.6,1.0,0.4,0.0,0.0,0.0,0.0,0.4,3.0,-5.2,-0.35
1627747,Caris LeVert,31.6,7.6,17.3,0.441,1.8,5.5,0.326,3.1,3.8,0.811,0.7,3.9,4.6,5.2,2.2,1.4,0.6,0.8,2.2,20.2,-0.1,1.17
2546,Carmelo Anthony,24.5,4.7,11.3,0.421,1.9,4.7,0.409,2.0,2.2,0.89,0.5,2.6,3.1,1.5,0.9,0.7,0.6,0.3,2.1,13.4,-0.3,-1.17
1629035,Carsen Edwards,8.9,1.5,3.6,0.423,0.6,2.0,0.286,0.4,0.4,0.846,0.1,0.7,0.8,0.5,0.2,0.2,0.0,0.2,0.8,4.0,-0.8,-1.94
1630199,Cassius Stanley,3.9,0.5,1.8,0.302,0.1,0.5,0.231,0.3,0.4,0.778,0.3,0.5,0.8,0.0,0.0,0.0,0.1,0.4,0.6,1.5,0.8,0.04
1630216,Cassius Winston,4.5,0.6,1.5,0.424,0.4,0.8,0.471,0.2,0.3,0.833,0.0,0.4,0.4,0.5,0.2,0.1,0.0,0.0,0.4,1.9,-2.2,-0.98
1626224,Cedi Osman,25.6,3.7,9.9,0.374,1.7,5.5,0.306,1.3,1.6,0.8,0.6,2.8,3.4,2.9,1.4,0.9,0.2,0.6,2.0,10.4,-5.5,-3.19
1628990,Chandler Hutchison,13.8,1.6,4.1,0.379,0.3,0.9,0.364,0.8,1.0,0.84,0.2,2.9,3.1,0.7,0.8,0.5,0.2,0.3,1.3,4.3,-2.3,-2.51
1629718,Charlie Brown Jr.,16.9,1.4,4.8,0.302,0.6,2.3,0.238,1.0,1.1,0.9,0.3,1.6,1.9,1.0,0.7,0.4,0.2,0.2,2.1,4.4,-4.8,-0.12
1626184,Chasson Randle,20.4,2.2,5.8,0.388,1.1,3.2,0.338,0.9,1.2,0.792,0.2,1.8,2.0,1.8,1.1,0.5,0.1,0.3,1.6,6.5,-6.5,-3.09
1629002,Chimezie Metu,13.6,2.5,5.0,0.508,0.4,1.0,0.351,0.9,1.2,0.721,0.9,2.3,3.1,0.8,0.8,0.4,0.5,0.3,1.6,6.3,-1.6,-1.16
1628449,Chris Boucher,24.2,4.8,9.3,0.514,1.5,3.9,0.383,2.5,3.2,0.788,2.0,4.8,6.7,1.1,0.8,0.6,1.9,0.7,2.8,13.6,1.6,1.59
1629185,Chris Chiozza,10.6,1.4,4.0,0.352,0.6,1.9,0.31,0.6,0.8,0.765,0.1,1.0,1.1,3.0,0.7,0.3,0.3,0.4,0.9,4.0,0.9,2.4
101108,Chris Paul,31.4,6.3,12.6,0.499,1.5,3.7,0.395,2.4,2.6,0.934,0.4,4.1,4.5,8.9,2.2,1.4,0.3,0.1,2.4,16.4,4.4,5.43
1629735,Chris Silva,6.2,0.7,1.1,0.625,0.1,0.1,1.0,0.7,1.0,0.733,0.5,1.3,1.8,0.4,0.7,0.1,0.4,0.2,1.6,2.1,-0.1,-1.05
1626174,Christian Wood,32.3,8.0,15.6,0.514,1.9,5.0,0.374,3.0,4.8,0.631,1.9,7.8,9.6,1.7,2.0,0.8,1.2,0.7,2.1,21.0,-2.4,1.7
1629643,Chuma Okeke,25.2,3.0,7.2,0.417,1.1,3.1,0.348,0.7,0.9,0.75,0.9,3.1,4.0,2.2,0.8,1.1,0.5,0.3,1.1,7.8,-4.0,0.38
203991,Clint Capela,30.1,6.6,11.0,0.594,0.0,0.0,0.0,2.1,3.6,0.573,4.7,9.6,14.3,0.8,1.2,0.7,2.0,0.8,2.3,15.2,4.0,3.78
1629632,Coby White,31.2,5.4,13.1,0.416,2.4,6.6,0.359,1.9,2.1,0.901,0.4,3.7,4.1,4.8,2.3,0.6,0.2,0.9,2.6,15.1,-1.6,-0.87
1628998,Cody Martin,16.3,1.6,3.6,0.441,0.3,1.1,0.276,0.5,0.8,0.581,1.0,2.1,3.1,1.7,0.8,0.7,0.2,0.3,1.0,4.0,-0.1,1.79
203469,Cody Zeller,20.9,3.8,6.8,0.559,0.1,0.6,0.143,1.8,2.5,0.714,2.5,4.4,6.8,1.8,1.1,0.6,0.4,0.6,2.5,9.4,0.9,-0.37
1630175,Cole Anthony,27.1,4.7,11.7,0.397,1.2,3.7,0.337,2.3,2.8,0.832,0.8,3.9,4.7,4.1,2.3,0.6,0.4,1.0,2.1,12.9,-6.9,-2.07
1629012,Collin Sexton,35.3,8.8,18.4,0.475,1.6,4.4,0.371,5.2,6.4,0.815,1.0,2.2,3.1,4.4,2.8,1.0,0.2,1.6,2.6,24.3,-6.3,-3.59
202709,Cory Joseph,23.0,3.2,6.8,0.469,0.7,2.1,0.341,1.1,1.4,0.818,0.6,2.0,2.5,3.4,1.3,1.0,0.3,0.4,2.2,8.2,-3.1,0.95
1626245,Cristiano Felicio,4.6,0.4,0.7,0.538,0.0,0.1,0.0,0.5,0.9,0.563,0.6,0.9,1.4,0.5,0.2,0.2,0.0,0.1,0.6,1.3,1.2,-1.53
1626156,D'Angelo Russell,28.5,6.7,15.5,0.431,2.9,7.4,0.387,2.7,3.5,0.765,0.4,2.3,2.6,5.8,2.7,1.1,0.4,0.4,1.6,19.0,-4.6,-1.24
201571,D.J. Augustin,19.8,2.4,6.0,0.394,1.5,3.8,0.382,1.5,1.6,0.904,0.4,1.3,1.6,3.3,1.1,0.5,0.0,0.5,1.0,7.7,-0.7,1.04
1628391,D.J. Wilson,12.4,1.9,4.8,0.405,0.9,2.5,0.345,0.5,0.7,0.68,0.6,2.6,3.2,0.7,0.6,0.3,0.5,0.3,1.3,5.2,-3.0,-1.55
1629610,DaQuan Jeffries,15.9,1.6,3.9,0.417,0.6,2.2,0.299,0.2,0.3,0.875,0.6,1.7,2.3,0.7,0.5,0.5,0.3,0.3,1.5,4.1,-1.8,0.01
1629751,Dakota Mathias,15.4,2.4,6.0,0.396,1.0,3.3,0.308,0.3,0.8,0.333,0.1,0.8,0.9,1.6,0.1,0.1,0.4,0.0,0.9,6.0,-3.9,-0.72
1627745,Damian Jones,14.0,1.8,2.6,0.68,0.0,0.1,0.2,1.1,1.5,0.724,0.9,2.2,3.1,0.7,0.7,0.3,0.7,0.2,2.0,4.7,-1.7,-2.88
203081,Damian Lillard,35.8,9.0,19.9,0.451,4.1,10.5,0.391,6.7,7.2,0.928,0.5,3.7,4.2,7.5,3.0,0.9,0.3,1.0,1.5,28.8,3.0,4.56
1627814,Damion Lee,18.9,2.2,4.8,0.467,1.4,3.4,0.397,0.7,0.8,0.909,0.4,2.8,3.2,1.3,0.5,0.7,0.1,0.1,1.6,6.5,0.7,0.66
1628422,Damyean Dotson,19.7,2.6,6.4,0.406,1.0,3.5,0.289,0.5,0.8,0.667,0.1,1.9,2.0,2.0,0.9,0.3,0.1,0.3,0.9,6.7,-4.7,-1.76
1629655,Daniel Gafford,14.7,2.9,4.2,0.684,0.0,0.0,0.0,1.3,2.0,0.667,1.7,2.5,4.3,0.5,0.8,0.5,1.4,0.2,1.8,7.0,0.9,0.85
1630187,Daniel Oturu,5.4,0.7,1.7,0.423,0.0,0.2,0.2,0.3,0.4,0.75,0.7,0.9,1.6,0.3,0.3,0.1,0.2,0.4,0.8,1.8,0.3,0.1
1628464,Daniel Theis,24.6,3.9,7.2,0.541,0.8,2.3,0.322,1.1,1.7,0.673,1.4,4.0,5.5,1.7,1.0,0.6,0.9,0.4,2.6,9.6,-0.5,1.26
201568,Danilo Gallinari,24.0,4.0,9.3,0.434,2.0,5.0,0.406,3.2,3.4,0.925,0.3,3.8,4.1,1.5,0.8,0.6,0.2,0.4,2.1,13.3,1.8,3.23
201980,Danny Green,28.0,3.2,7.9,0.412,2.5,6.3,0.405,0.4,0.6,0.775,0.8,3.0,3.8,1.7,1.0,1.3,0.8,0.2,1.8,9.5,4.5,4.49
203957,Dante Exum,19.4,1.7,4.3,0.385,0.3,1.8,0.182,0.2,0.3,0.5,0.3,2.5,2.8,2.2,1.2,0.7,0.3,0.0,1.5,3.8,1.0,-0.23
1627863,Danuel House Jr.,25.9,3.1,7.6,0.404,1.5,4.3,0.346,1.1,1.8,0.651,0.5,3.2,3.7,1.9,1.0,0.6,0.4,0.3,1.9,8.8,-6.2,0.82
203967,Dario Saric,17.4,3.1,6.8,0.447,0.9,2.7,0.348,1.7,2.0,0.848,0.9,2.9,3.8,1.3,1.1,0.6,0.1,0.6,1.9,8.7,4.4,1.2
1629647,Darius Bazley,31.2,5.0,12.5,0.396,1.5,5.2,0.29,2.3,3.2,0.702,0.9,6.3,7.2,1.8,2.2,0.5,0.5,1.0,1.1,13.7,-8.7,-2.72
1629636,Darius Garland,33.1,6.7,14.9,0.451,1.9,4.9,0.395,2.1,2.4,0.848,0.4,2.0,2.4,6.1,3.0,1.2,0.1,0.7,2.0,17.4,-4.4,-0.24
203121,Darius Miller,10.9,1.2,2.7,0.458,0.9,2.3,0.405,0.7,0.7,1.0,0.1,1.2,1.3,1.2,0.4,0.7,0.3,0.0,0.7,4.1,2.1,1.43
1628021,David Nwaba,22.6,3.5,7.3,0.486,0.6,2.1,0.27,1.6,2.3,0.691,1.3,2.6,3.9,1.0,0.6,1.0,0.7,0.9,2.0,9.2,-0.9,1.42
202722,Davis Bertans,25.7,3.4,8.4,0.404,3.0,7.5,0.395,1.8,2.0,0.87,0.3,2.6,2.9,0.9,0.6,0.6,0.2,0.1,2.4,11.5,1.9,2.71
1628368,De'Aaron Fox,35.1,9.1,19.1,0.477,1.8,5.5,0.322,5.2,7.2,0.719,0.6,2.9,3.5,7.2,3.0,1.5,0.5,1.1,2.9,25.2,-3.4,0.19
1629631,De'Andre Hunter,29.5,5.2,10.8,0.484,1.3,4.1,0.326,3.2,3.7,0.859,0.7,4.0,4.8,1.9,1.3,0.8,0.5,0.3,2.6,15.0,3.7,0.11
1629001,De'Anthony Melton,20.1,3.3,7.6,0.438,1.7,4.1,0.412,0.8,1.0,0.804,0.6,2.5,3.1,2.5,1.3,1.2,0.6,0.4,1.6,9.1,2.3,1.6
201599,DeAndre Jordan,21.9,3.3,4.4,0.763,0.0,0.0,0.0,0.8,1.6,0.5,2.1,5.4,7.5,1.6,1.5,0.3,1.1,0.1,2.0,7.5,-0.7,-1.22
1627761,DeAndre' Bembry,19.1,2.3,4.5,0.513,0.3,1.0,0.264,0.9,1.3,0.682,0.6,2.2,2.9,2.1,1.4,1.0,0.4,0.4,1.7,5.7,0.1,-0.73
201942,DeMar DeRozan,33.7,7.5,15.1,0.495,0.3,1.2,0.257,6.3,7.2,0.88,0.7,3.6,4.2,6.9,2.0,0.9,0.2,1.0,2.1,21.6,-1.7,-0.19
202326,DeMarcus Cousins,17.4,3.2,7.4,0.426,1.1,3.3,0.348,1.4,2.0,0.728,1.3,5.1,6.4,1.9,1.6,0.8,0.6,0.5,2.6,8.9,-1.5,-0.79
1629731,Dean Wade,19.2,2.1,4.9,0.431,1.2,3.4,0.366,0.5,0.6,0.769,0.6,2.8,3.4,1.2,0.5,0.6,0.3,0.1,1.2,6.0,-3.5,-1.47
1629028,Deandre Ayton,30.6,6.2,10.0,0.626,0.1,0.3,0.2,1.9,2.5,0.769,3.3,7.2,10.5,1.4,1.5,0.6,1.2,0.7,2.8,14.4,4.0,0.18
1629686,Deividas Sirvydis,6.7,0.7,2.0,0.35,0.5,1.4,0.357,0.2,0.3,0.5,0.0,1.5,1.5,0.3,0.3,0.1,0.0,0.1,0.5,2.1,-1.2,-0.41
1627749,Dejounte Murray,31.9,6.6,14.5,0.453,0.9,3.0,0.317,1.6,2.0,0.791,0.9,6.2,7.1,5.4,1.7,1.5,0.1,0.8,2.0,15.7,1.3,1.21
1626153,Delon Wright,27.7,3.8,8.2,0.463,1.0,2.7,0.372,1.6,2.0,0.802,1.0,3.2,4.3,4.4,1.3,1.6,0.5,0.6,1.2,10.2,-1.7,0.18
1630166,Deni Avdija,23.3,2.4,5.8,0.417,1.0,3.1,0.315,0.5,0.8,0.644,0.4,4.4,4.9,1.2,0.6,0.6,0.3,0.3,2.6,6.3,-1.5,-0.06
203471,Dennis Schroder,32.1,5.4,12.5,0.437,1.2,3.5,0.335,3.4,4.0,0.848,0.5,3.0,3.5,5.8,2.7,1.1,0.2,1.2,2.6,15.4,1.4,2.01
1628372,Dennis Smith Jr.,18.3,2.5,6.3,0.4,0.8,2.5,0.328,0.8,1.1,0.731,0.5,1.9,2.4,3.3,1.1,1.0,0.6,0.5,1.6,6.7,-0.8,-1.64
1627756,Denzel Valentine,16.7,2.5,6.7,0.373,1.3,3.9,0.331,0.3,0.3,0.941,0.4,2.8,3.2,1.7,0.7,0.5,0.1,0.2,1.1,6.5,0.7,0.68
202324,Derrick Favors,15.3,2.3,3.6,0.638,0.0,0.0,0.0,0.9,1.2,0.738,2.0,3.5,5.5,0.6,0.5,0.5,1.0,0.2,2.1,5.4,0.5,1.23
1627884,Derrick Jones Jr.,22.7,2.5,5.2,0.484,0.7,2.3,0.316,1.0,1.6,0.648,1.3,2.2,3.5,0.8,0.6,0.6,0.9,0.3,2.2,6.8,-1.1,-0.62
201565,Derrick Rose,25.6,5.7,12.2,0.47,1.0,2.6,0.388,2.2,2.5,0.866,0.4,2.2,2.6,4.2,1.6,1.0,0.4,0.6,1.1,14.7,2.7,1.54
1628401,Derrick White,29.5,5.2,12.6,0.411,2.3,6.8,0.346,2.7,3.2,0.851,0.4,2.6,3.0,3.5,1.3,0.7,1.0,0.8,2.5,15.4,2.6,3.34
1630217,Desmond Bane,22.3,3.4,7.3,0.469,1.7,4.0,0.432,0.6,0.7,0.816,0.5,2.6,3.1,1.7,0.9,0.6,0.2,0.5,1.8,9.2,0.2,-0.02
1626164,Devin Booker,33.9,9.3,19.2,0.484,1.9,5.5,0.34,5.1,5.9,0.867,0.5,3.7,4.2,4.3,3.1,0.8,0.2,0.7,2.7,25.6,4.9,2.37
1629962,Devin Cannady,9.3,1.4,3.5,0.393,0.8,2.0,0.375,0.8,0.9,0.857,0.0,0.6,0.6,0.1,0.3,0.6,0.1,0.0,1.1,4.3,-2.9,-0.15
1630170,Devin Vassell,17.0,2.0,4.9,0.406,0.8,2.4,0.347,0.7,0.8,0.843,0.4,2.4,2.8,0.9,0.4,0.7,0.3,0.1,1.4,5.5,-1.0,-0.77
1629653,Devon Dotson,4.6,1.0,1.9,0.524,0.1,0.6,0.143,0.0,0.0,0.0,0.2,0.3,0.5,0.6,0.0,0.4,0.0,0.2,0.3,2.1,2.9,0.65
1629719,Devontae Cacok,4.9,0.9,1.5,0.586,0.0,0.0,0.0,0.3,0.6,0.455,0.6,1.0,1.6,0.1,0.3,0.3,0.2,0.2,0.4,2.0,2.1,0.77
1628984,Devonte' Graham,30.2,4.6,12.2,0.377,3.3,8.7,0.375,2.4,2.9,0.842,0.4,2.3,2.7,5.4,1.5,0.9,0.1,0.4,1.4,14.8,1.8,0.51
203473,Dewayne Dedmon,13.2,2.9,4.1,0.708,0.1,0.3,0.2,1.3,1.7,0.741,1.8,3.6,5.4,0.8,0.8,0.6,0.4,0.2,2.3,7.1,4.3,-1.14
1629712,Didi Louzada,18.8,1.0,4.3,0.231,0.7,2.7,0.25,0.0,0.0,0.0,0.3,0.7,1.0,1.0,1.0,0.7,0.0,0.3,1.7,2.7,-3.7,-0.12
1628415,Dillon Brooks,29.8,6.4,15.4,0.419,1.9,5.6,0.344,2.4,2.9,0.815,0.8,2.1,2.9,2.3,1.8,1.2,0.4,0.6,3.5,17.2,2.3,2.0
1627734,Domantas Sabonis,36.0,7.8,14.6,0.535,0.8,2.6,0.321,3.9,5.3,0.732,2.4,9.5,12.0,6.7,3.4,1.2,0.5,0.9,3.3,20.3,-1.5,1.69
1628378,Donovan Mitchell,33.4,9.0,20.6,0.438,3.4,8.7,0.386,5.0,6.0,0.845,0.9,3.5,4.4,5.2,2.8,1.0,0.3,0.9,2.2,26.4,5.4,-0.11
1629743,Donta Hall,13.8,1.9,2.7,0.714,0.0,0.0,0.0,1.8,2.6,0.676,1.8,2.9,4.8,0.8,0.6,0.4,0.8,0.2,1.4,5.6,-1.5,-0.02
1628978,Donte DiVincenzo,27.5,3.8,9.1,0.42,2.0,5.2,0.379,0.8,1.1,0.718,1.2,4.5,5.8,3.1,1.4,1.1,0.2,0.5,1.7,10.4,4.6,2.04
1627827,Dorian Finney-Smith,32.0,3.7,7.8,0.472,2.0,5.0,0.394,0.5,0.7,0.756,1.6,3.8,5.4,1.7,0.8,0.9,0.4,0.4,2.3,9.8,3.3,2.34
203926,Doug McDermott,24.5,5.4,10.1,0.532,1.7,4.3,0.388,1.2,1.5,0.816,0.9,2.4,3.3,1.3,0.8,0.3,0.1,0.7,1.8,13.6,-0.7,0.77
203110,Draymond Green,31.5,2.7,6.0,0.447,0.5,2.0,0.27,1.1,1.4,0.795,0.9,6.2,7.1,8.9,3.0,1.7,0.8,0.2,3.1,7.0,3.8,3.4
1629234,Drew Eubanks,14.0,2.1,3.8,0.566,0.0,0.0,1.0,1.4,2.0,0.726,1.4,3.1,4.5,0.8,0.8,0.3,0.9,0.4,1.6,5.8,-1.8,-2.0
1629130,Duncan Robinson,31.4,4.4,10.0,0.439,3.5,8.5,0.408,0.9,1.0,0.827,0.1,3.4,3.5,1.8,1.1,0.6,0.3,0.3,2.5,13.1,1.6,3.61
1628407,Dwayne Bacon,25.7,4.1,10.1,0.402,0.8,2.9,0.285,2.0,2.4,0.824,0.4,2.7,3.1,1.3,0.6,0.6,0.1,0.5,1.4,10.9,-6.2,-2.67
2730,Dwight Howard,17.3,2.6,4.4,0.587,0.1,0.3,0.25,1.8,3.0,0.576,2.8,5.7,8.4,0.9,1.6,0.4,0.9,0.4,2.9,7.0,-1.0,-1.03
203939,Dwight Powell,16.6,2.1,3.3,0.619,0.1,0.4,0.238,1.7,2.1,0.782,1.4,2.7,4.0,1.1,0.7,0.6,0.5,0.3,2.3,5.9,1.3,2.3
1629685,Dylan Windler,16.5,1.8,4.2,0.438,0.8,2.5,0.338,0.7,0.9,0.778,0.6,2.8,3.5,1.1,1.0,0.6,0.4,0.2,1.2,5.2,-2.0,0.51
202734,E'Twaun Moore,14.4,2.0,4.5,0.455,0.4,1.3,0.314,0.4,0.5,0.857,0.5,1.1,1.7,1.5,0.9,0.6,0.2,0.4,1.2,4.9,0.3,-0.53
202334,Ed Davis,13.0,0.8,1.9,0.432,0.0,0.0,0.0,0.4,0.5,0.833,2.0,3.0,5.0,0.9,0.3,0.6,0.6,0.3,2.4,2.1,-2.0,0.63
1628410,Edmond Sumner,16.2,2.8,5.3,0.525,0.7,1.7,0.398,1.3,1.6,0.819,0.3,1.4,1.8,0.9,1.0,0.6,0.2,0.3,1.7,7.5,-0.6,-1.62
203901,Elfrid Payton,23.6,4.3,9.9,0.432,0.4,1.6,0.286,1.2,1.7,0.682,1.0,2.4,3.4,3.2,1.6,0.7,0.1,1.2,1.8,10.1,-1.6,-0.48
1629091,Elijah Bryant,31.6,6.0,13.0,0.462,1.0,5.0,0.2,3.0,3.0,1.0,2.0,4.0,6.0,3.0,4.0,0.0,1.0,0.0,4.0,16.0,11.0,0.24
1630190,Elijah Hughes,3.5,0.6,1.7,0.333,0.4,1.3,0.348,0.2,0.2,0.75,0.1,0.4,0.5,0.3,0.3,0.1,0.1,0.1,0.1,1.7,-2.1,-0.78
202683,Enes Kanter,24.4,4.7,7.8,0.604,0.0,0.1,0.25,1.8,2.3,0.774,3.9,7.1,11.0,1.2,1.1,0.5,0.7,0.9,2.3,11.2,2.2,1.69
202339,Eric Bledsoe,29.7,4.3,10.3,0.421,1.7,5.0,0.341,1.9,2.7,0.687,0.4,3.0,3.4,3.8,1.6,0.8,0.3,0.4,1.6,12.2,-0.9,2.19
201569,Eric Gordon,29.2,5.9,13.6,0.433,2.6,7.8,0.329,3.5,4.2,0.825,0.3,1.9,2.1,2.6,1.9,0.5,0.5,0.7,1.6,17.8,-2.5,0.94
1629672,Eric Paschall,17.4,3.7,7.5,0.497,0.5,1.4,0.333,1.7,2.4,0.713,0.7,2.5,3.2,1.3,1.1,0.3,0.2,0.6,1.7,9.5,-2.8,-3.32
101141,Ersan Ilyasova,8.7,1.2,3.2,0.389,1.1,2.4,0.439,0.3,0.3,1.0,0.4,1.3,1.7,0.2,0.5,0.6,0.2,0.2,1.7,3.8,0.9,0.96
203095,Evan Fournier,30.0,5.9,12.9,0.457,2.8,6.7,0.413,2.6,3.3,0.788,0.2,2.8,3.0,3.4,1.7,1.1,0.5,0.7,2.3,17.1,-0.8,1.12
1630267,Facundo Campazzo,21.9,1.8,4.8,0.381,1.2,3.3,0.352,1.2,1.4,0.879,0.3,1.7,2.1,3.6,1.1,1.2,0.2,0.1,2.0,6.1,1.2,0.07
1628402,Frank Jackson,18.5,3.4,7.3,0.457,1.5,3.8,0.407,1.5,1.9,0.813,0.4,1.8,2.2,0.9,0.9,0.4,0.0,0.4,1.3,9.8,-0.3,-0.7
1626163,Frank Kaminsky,15.2,2.6,5.5,0.471,0.7,1.8,0.365,0.8,1.3,0.617,0.8,3.2,4.0,1.7,0.5,0.3,0.4,0.4,1.5,6.6,1.2,0.56
1628412,Frank Mason,19.8,2.3,6.0,0.375,0.5,1.3,0.4,1.3,1.8,0.714,0.8,2.3,3.0,3.0,1.3,0.0,0.0,1.3,1.8,6.3,-4.8,-2.3
1628373,Frank Ntilikina,9.8,0.9,2.4,0.367,0.7,1.5,0.479,0.2,0.5,0.444,0.2,0.8,0.9,0.6,0.3,0.5,0.1,0.1,1.4,2.7,-1.0,-0.38
1627832,Fred VanVleet,36.5,6.5,16.7,0.389,3.3,9.2,0.366,3.3,3.7,0.885,0.6,3.6,4.2,6.3,1.8,1.7,0.7,1.1,2.3,19.6,2.7,2.4
1630273,Freddie Gillespie,19.6,2.2,4.2,0.524,0.0,0.0,0.0,1.2,1.7,0.697,2.1,2.8,4.9,0.5,0.6,0.7,1.0,0.4,2.2,5.6,-3.9,-0.94
1627788,Furkan Korkmaz,19.3,3.1,7.7,0.401,1.8,4.9,0.375,1.1,1.5,0.732,0.3,1.7,2.1,1.5,0.8,0.9,0.2,0.2,1.2,9.1,2.6,1.2
1629216,Gabe Vincent,13.1,1.8,4.7,0.378,0.9,3.0,0.309,0.4,0.5,0.87,0.2,0.9,1.1,1.3,0.7,0.4,0.0,0.3,1.6,4.8,-1.5,-0.85
1630466,Gabriel Deck,21.2,3.2,6.7,0.478,0.2,1.5,0.133,1.8,2.2,0.818,1.6,2.4,4.0,2.4,0.6,0.8,0.0,0.2,0.9,8.4,-5.1,-0.47
202066,Garrett Temple,27.3,2.8,6.8,0.415,1.2,3.6,0.335,0.7,0.9,0.8,0.5,2.3,2.9,2.2,1.0,0.8,0.5,0.2,2.3,7.6,0.9,1.06
1629726,Garrison Mathews,16.2,1.5,3.7,0.409,1.2,3.1,0.384,1.3,1.5,0.884,0.3,1.1,1.4,0.4,0.2,0.5,0.1,0.1,1.7,5.5,-2.1,-0.03
1629109,Gary Clark,16.8,1.0,3.4,0.303,0.8,2.8,0.287,0.2,0.3,0.8,0.8,2.1,2.9,0.8,0.4,0.3,0.2,0.1,0.9,3.1,-2.8,-1.55
203914,Gary Harris,27.7,3.5,8.8,0.4,1.2,3.6,0.34,1.6,2.0,0.821,0.5,1.5,2.0,2.0,0.9,0.7,0.3,0.6,1.8,9.9,-2.1,0.27
1627780,Gary Payton II,4.0,1.0,1.3,0.769,0.2,0.4,0.5,0.3,0.4,0.75,0.2,0.9,1.1,0.1,0.1,0.6,0.1,0.0,0.8,2.5,0.1,-2.12
1629018,Gary Trent Jr.,31.1,5.5,13.5,0.408,2.8,7.4,0.385,1.4,1.8,0.783,0.5,2.2,2.6,1.4,0.7,1.0,0.2,0.4,1.6,15.3,-1.0,-1.38
201588,George Hill,22.4,3.2,6.6,0.482,1.0,2.7,0.388,1.3,1.7,0.8,0.5,1.5,2.0,2.4,1.0,0.8,0.2,0.4,1.0,8.7,-0.3,4.05
1627777,Georges Niang,16.0,2.5,5.6,0.437,1.7,4.1,0.425,0.3,0.3,0.957,0.4,2.1,2.4,0.8,0.7,0.3,0.1,0.1,1.6,6.9,4.9,0.13
203507,Giannis Antetokounmpo,33.0,10.3,18.0,0.569,1.1,3.6,0.303,6.5,9.5,0.685,1.6,9.4,11.0,5.9,3.4,1.2,1.2,0.9,2.8,28.1,6.7,6.41
203922,Glenn Robinson III,16.1,1.8,4.3,0.424,0.7,1.9,0.364,0.9,1.0,0.913,0.5,1.5,2.0,0.9,0.5,0.2,0.1,0.3,1.0,5.3,-5.7,-3.09
1629048,Goga Bitadze,12.5,1.8,4.3,0.428,0.4,1.8,0.253,1.0,1.4,0.738,1.3,2.0,3.3,0.8,0.4,0.2,1.3,0.3,2.1,5.1,-0.4,-0.69
201609,Goran Dragic,26.7,4.8,11.1,0.432,1.8,4.9,0.373,2.0,2.4,0.828,0.5,2.9,3.4,4.4,2.4,0.7,0.2,0.5,2.3,13.4,0.8,1.73
202330,Gordon Hayward,34.0,7.1,15.0,0.473,1.9,4.7,0.415,3.5,4.2,0.843,0.8,5.0,5.9,4.1,2.1,1.2,0.3,0.6,1.7,19.6,0.4,4.21
203476,Gorgui Dieng,14.5,2.2,4.3,0.521,0.8,1.8,0.429,1.5,1.8,0.866,1.1,2.6,3.7,1.3,0.8,0.7,0.4,0.2,1.5,6.8,-1.8,-1.1
1630203,Grant Riller,3.9,1.1,1.7,0.667,0.3,0.6,0.5,0.0,0.0,0.0,0.0,0.1,0.1,0.4,0.1,0.1,0.0,0.0,0.0,2.6,-0.6,-0.17
1629684,Grant Williams,18.1,1.7,3.9,0.437,0.8,2.0,0.372,0.5,0.8,0.588,0.8,2.1,2.8,1.0,0.9,0.5,0.4,0.2,2.6,4.7,-0.8,0.01
1628960,Grayson Allen,25.2,3.5,8.3,0.418,2.1,5.5,0.391,1.6,1.8,0.868,0.4,2.8,3.2,2.2,1.0,0.9,0.2,0.4,1.4,10.6,0.2,-1.86
204222,Greg Whittington,3.0,0.0,0.8,0.0,0.0,0.5,0.0,0.0,0.0,0.0,0.0,0.0,0.0,0.0,0.0,0.0,0.0,0.0,0.0,0.0,2.3,0.16
1628977,Hamidou Diallo,23.6,4.3,9.0,0.477,0.5,1.6,0.341,2.5,3.8,0.64,1.1,4.1,5.2,1.9,1.5,0.8,0.5,0.6,2.6,11.6,-3.7,-1.47
203084,Harrison Barnes,36.2,5.5,11.1,0.497,1.7,4.4,0.391,3.4,4.1,0.83,1.1,5.5,6.6,3.5,1.6,0.7,0.2,0.4,1.3,16.1,-1.0,0.77
1628385,Harry Giles III,9.2,1.1,2.6,0.433,0.2,0.6,0.348,0.4,0.7,0.593,0.8,2.7,3.5,0.8,0.5,0.2,0.3,0.2,1.4,2.8,-2.1,-2.06
202355,Hassan Whiteside,15.2,3.5,6.2,0.563,0.0,0.0,0.0,1.1,2.2,0.519,1.7,4.3,6.0,0.6,1.1,0.3,1.3,0.5,2.0,8.1,-2.9,1.67
1627740,Henry Ellenson,19.2,2.5,7.0,0.357,1.0,4.5,0.222,1.5,2.0,0.75,1.5,4.5,6.0,2.5,0.0,0.0,0.0,0.5,3.5,7.5,3.5,0.59
1629649,Ignas Brazdeikis,19.1,2.7,6.4,0.422,0.8,2.2,0.393,0.8,1.1,0.714,0.8,2.6,3.5,1.3,0.9,0.3,0.2,0.7,1.7,7.0,-2.1,0.13
202697,Iman Shumpert,5.5,0.5,2.0,0.25,0.0,1.5,0.0,0.0,0.0,0.0,0.5,0.0,0.5,0.0,0.5,0.5,0.0,0.0,0.0,1.0,-0.5,-1.31
1630193,Immanuel Quickley,19.4,3.6,9.1,0.395,1.8,4.7,0.389,2.4,2.7,0.891,0.4,1.8,2.1,2.0,0.9,0.5,0.2,0.4,1.8,11.4,2.8,2.56
1629067,Isaac Bonga,10.8,0.8,2.0,0.37,0.3,1.2,0.277,0.1,0.2,0.625,0.5,1.2,1.7,0.6,0.6,0.3,0.2,0.0,1.6,2.0,-0.9,1.42
1630171,Isaac Okoro,32.4,3.5,8.3,0.42,0.9,3.2,0.29,1.7,2.3,0.726,1.0,2.1,3.1,1.9,1.3,0.9,0.4,0.8,2.8,9.6,-6.1,-0.79
1628392,Isaiah Hartenstein,12.1,2.0,3.7,0.55,0.0,0.1,0.333,1.0,1.5,0.648,1.4,2.5,3.9,1.2,1.0,0.4,0.8,0.3,2.3,5.1,0.0,1.2
1630198,Isaiah Joe,9.3,1.2,3.2,0.361,1.0,2.6,0.368,0.4,0.6,0.75,0.1,0.7,0.9,0.5,0.3,0.3,0.1,0.0,0.8,3.7,0.0,-0.18
1629676,Isaiah Roby,23.4,3.4,7.0,0.483,0.5,1.8,0.294,1.4,1.9,0.744,1.5,4.1,5.6,1.8,1.9,0.9,0.6,0.6,2.7,8.7,-7.2,-2.21
1630191,Isaiah Stewart,21.4,3.3,6.0,0.553,0.3,0.9,0.333,0.9,1.4,0.696,2.3,4.3,6.7,0.9,1.0,0.6,1.3,0.4,2.7,7.9,-0.9,1.32
202738,Isaiah Thomas,16.1,3.0,9.0,0.333,1.0,4.0,0.25,0.7,0.7,1.0,0.3,1.0,1.3,1.7,2.0,0.3,0.0,0.3,1.0,7.7,2.7,-2.08
202397,Ish Smith,21.0,2.9,6.8,0.434,0.4,1.1,0.367,0.4,0.8,0.576,0.5,2.9,3.4,3.9,0.9,0.7,0.3,0.2,1.4,6.7,1.2,0.88
1627826,Ivica Zubac,22.3,3.6,5.5,0.652,0.0,0.1,0.25,1.9,2.4,0.789,2.6,4.6,7.2,1.3,1.1,0.3,0.9,0.7,2.6,9.0,2.5,1.42
200755,JJ Redick,16.4,2.4,6.1,0.397,1.5,4.0,0.371,1.1,1.2,0.942,0.1,1.4,1.5,1.2,0.8,0.3,0.1,0.2,1.1,7.4,0.0,0.91
1629630,Ja Morant,32.6,6.8,15.2,0.449,1.2,3.8,0.303,4.3,5.9,0.728,0.9,3.1,4.0,7.4,3.2,0.9,0.2,1.1,1.4,19.1,1.7,1.86
203960,JaKarr Sampson,10.9,1.9,3.9,0.496,0.1,0.5,0.2,0.7,1.0,0.655,0.9,1.7,2.7,0.1,0.5,0.1,0.5,0.2,1.8,4.6,0.1,0.47
203210,JaMychal Green,19.3,3.0,6.4,0.463,1.4,3.4,0.399,0.8,1.0,0.807,1.5,3.3,4.8,0.9,0.9,0.4,0.4,0.5,2.5,8.1,1.7,-0.58
201580,JaVale McGee,14.7,3.1,6.1,0.511,0.1,0.5,0.208,1.0,1.5,0.657,1.7,3.5,5.2,0.8,1.3,0.4,1.2,0.3,2.6,7.3,-1.9,-0.95
203953,Jabari Parker,12.7,2.3,4.2,0.545,0.2,0.8,0.182,0.8,1.0,0.769,0.8,2.5,3.2,0.8,0.8,0.1,0.4,0.0,1.0,5.5,-1.1,0.32
1630183,Jaden McDaniels,24.0,2.6,5.8,0.447,1.1,3.1,0.364,0.4,0.7,0.6,0.8,2.9,3.7,1.1,0.7,0.6,1.0,0.2,2.7,6.8,-1.6,-0.26
203109,Jae Crowder,27.5,3.3,8.2,0.404,2.5,6.3,0.389,1.0,1.3,0.76,0.5,4.2,4.7,2.1,0.9,0.8,0.5,0.2,2.1,10.1,3.6,0.55
1630256,Jae'Sean Tate,29.2,4.5,8.9,0.506,0.9,2.8,0.308,1.5,2.1,0.694,1.9,3.5,5.3,2.5,1.4,1.2,0.5,0.7,3.2,11.3,-2.7,-0.18
1626143,Jahlil Okafor,12.9,2.3,3.8,0.618,0.1,0.3,0.222,0.6,0.9,0.708,0.9,1.6,2.4,0.5,0.8,0.2,0.2,0.5,1.4,5.4,-3.1,-2.05
1630186,Jahmi'us Ramsey,7.3,1.2,2.9,0.395,0.4,1.5,0.263,0.4,0.4,1.0,0.2,0.6,0.8,0.5,0.2,0.3,0.1,0.1,0.6,3.1,0.2,0.34
1627774,Jake Layman,13.9,2.0,4.1,0.495,0.5,1.7,0.295,0.6,0.8,0.703,0.3,1.2,1.5,0.6,0.6,0.6,0.4,0.4,1.0,5.1,-1.8,-0.73
1627751,Jakob Poeltl,26.7,3.8,6.2,0.616,0.0,0.0,0.0,0.9,1.8,0.508,3.2,4.8,7.9,1.9,1.2,0.7,1.8,0.4,2.5,8.6,1.6,2.15
1628973,Jalen Brunson,25.0,4.8,9.2,0.523,1.2,2.9,0.405,1.8,2.2,0.795,0.4,3.0,3.4,3.5,1.2,0.5,0.0,0.3,1.6,12.6,2.4,1.29
1630223,Jalen Harris,13.2,2.8,5.5,0.5,1.3,2.8,0.472,0.5,0.7,0.778,0.2,1.2,1.4,1.3,1.1,0.6,0.0,0.5,1.2,7.4,-0.1,0.7
1629665,Jalen Lecque,3.0,0.3,2.3,0.111,0.0,0.3,0.0,0.8,0.8,1.0,0.5,0.8,1.3,0.5,0.0,0.0,0.0,0.3,0.0,1.3,-1.0,-0.19
1629667,Jalen McDaniels,19.2,2.8,6.0,0.468,0.7,2.2,0.333,1.0,1.4,0.703,1.0,2.6,3.6,1.1,1.0,0.6,0.4,0.5,2.0,7.4,-3.8,-1.49
1630188,Jalen Smith,5.8,0.8,1.9,0.44,0.1,0.6,0.235,0.2,0.3,0.714,0.3,1.1,1.4,0.1,0.3,0.0,0.1,0.0,0.6,2.0,-0.6,-0.24
1627750,Jamal Murray,35.5,7.9,16.5,0.477,2.7,6.6,0.408,2.8,3.2,0.869,0.8,3.3,4.0,4.8,2.3,1.3,0.3,0.5,2.0,21.2,6.3,3.43
203516,James Ennis III,24.1,2.8,5.9,0.473,1.1,2.5,0.433,1.7,2.1,0.805,1.0,3.0,4.0,1.5,0.9,0.8,0.2,0.5,2.0,8.4,-1.8,-0.58
201935,James Harden,36.6,7.8,16.7,0.466,2.8,7.6,0.362,6.3,7.3,0.861,0.8,7.1,7.9,10.8,4.0,1.2,0.8,1.1,2.3,24.6,2.3,5.0
201949,James Johnson,20.5,2.9,6.4,0.446,0.6,2.4,0.258,0.9,1.5,0.592,0.6,2.8,3.5,1.9,1.1,0.8,0.8,0.3,2.4,7.2,-2.5,-2.46
203263,James Nunnally,5.3,0.6,1.4,0.385,0.4,1.3,0.333,0.1,0.2,0.5,0.2,0.8,1.0,0.3,0.2,0.0,0.0,0.0,0.1,1.7,-0.4,-0.57
1630164,James Wiseman,21.4,4.9,9.4,0.519,0.3,1.0,0.316,1.4,2.2,0.628,1.4,4.4,5.8,0.7,1.5,0.3,0.9,0.5,3.1,11.5,-4.7,-2.84
201162,Jared Dudley,6.7,0.2,0.8,0.222,0.2,0.5,0.333,0.0,0.0,0.0,0.3,1.4,1.8,0.4,0.2,0.1,0.1,0.1,0.6,0.5,0.2,0.68
1629607,Jared Harper,2.0,0.0,0.5,0.0,0.0,0.1,0.0,0.4,0.5,0.75,0.0,0.3,0.3,0.1,0.4,0.0,0.0,0.0,0.1,0.4,-0.6,-0.36
1628991,Jaren Jackson Jr.,23.5,4.8,11.4,0.424,1.5,5.5,0.283,3.2,3.8,0.833,1.5,4.1,5.6,1.1,1.4,1.1,1.6,0.6,3.8,14.4,-5.8,-2.57
1629020,Jarred Vanderbilt,17.8,2.2,3.7,0.606,0.0,0.1,0.2,0.9,1.6,0.559,1.8,3.9,5.8,1.2,0.8,1.0,0.7,0.5,1.9,5.4,-0.8,0.1
1629714,Jarrell Brantley,4.9,0.9,1.9,0.481,0.4,1.0,0.429,0.1,0.1,1.0,0.3,0.6,1.0,0.5,0.3,0.3,0.1,0.1,0.6,2.3,-0.9,-1.39
1628386,Jarrett Allen,29.6,4.7,7.7,0.618,0.1,0.3,0.316,3.2,4.6,0.703,3.1,6.9,10.0,1.7,1.6,0.5,1.4,0.6,1.5,12.8,-3.2,1.22
1629633,Jarrett Culver,14.7,2.0,4.9,0.411,0.4,1.6,0.245,0.9,1.4,0.604,1.0,2.1,3.1,0.7,0.8,0.5,0.3,0.5,1.7,5.3,-3.9,-0.44
1629750,Javonte Green,11.6,1.3,2.5,0.52,0.2,0.7,0.333,0.7,1.0,0.75,0.6,1.1,1.7,0.4,0.5,0.7,0.1,0.1,1.1,3.6,0.4,-0.17
1629637,Jaxson Hayes,16.1,2.9,4.7,0.625,0.1,0.2,0.429,1.6,2.0,0.775,1.5,2.8,4.3,0.6,0.7,0.4,0.6,0.3,1.7,7.5,-0.4,-0.55
1630206,Jay Scrubb,21.0,3.5,9.0,0.389,0.5,2.3,0.222,1.3,1.3,1.0,0.5,3.0,3.5,0.3,1.8,1.0,0.0,1.0,1.3,8.8,0.5,-0.09
1629121,Jaylen Adams,2.6,0.1,1.1,0.125,0.0,0.3,0.0,0.0,0.0,0.0,0.0,0.4,0.4,0.3,0.0,0.0,0.0,0.0,0.1,0.3,-1.7,-0.06
1627759,Jaylen Brown,34.5,9.3,19.2,0.484,2.8,7.1,0.397,3.3,4.3,0.764,1.2,4.8,6.0,3.4,2.7,1.2,0.6,1.1,2.9,24.7,1.2,0.27
1629658,Jaylen Hoard,16.8,2.3,4.6,0.5,0.0,0.6,0.0,1.5,2.2,0.683,1.1,2.3,3.4,1.3,0.9,0.7,0.3,0.7,1.0,6.1,-3.3,-0.13
1629669,Jaylen Nowell,18.1,3.4,8.0,0.424,1.2,3.6,0.333,1.1,1.3,0.818,0.5,1.8,2.3,1.5,0.7,0.5,0.3,0.4,1.7,9.0,-2.4,-1.23
1628369,Jayson Tatum,35.8,9.5,20.6,0.459,2.9,7.6,0.386,4.6,5.3,0.868,0.8,6.6,7.4,4.3,2.7,1.2,0.5,1.0,1.9,26.4,2.5,4.97
201145,Jeff Green,27.0,3.8,7.8,0.492,1.5,3.7,0.412,1.8,2.4,0.776,0.5,3.4,3.9,1.6,0.8,0.5,0.4,0.3,1.8,11.0,1.7,-0.42
201952,Jeff Teague,17.3,2.2,5.2,0.433,0.7,1.5,0.439,1.6,1.9,0.848,0.3,1.3,1.6,2.4,1.2,0.6,0.2,0.3,1.0,6.7,1.0,-0.63
203924,Jerami Grant,33.9,7.4,17.3,0.429,2.1,6.1,0.35,5.4,6.4,0.845,0.6,4.0,4.6,2.8,2.0,0.6,1.1,1.1,2.3,22.3,-2.2,-0.06
1629725,Jeremiah Martin,8.4,1.0,3.7,0.273,0.3,1.3,0.25,0.1,0.6,0.2,0.2,0.6,0.8,0.4,0.7,0.6,0.2,0.6,0.1,2.4,-2.9,-0.82
203087,Jeremy Lamb,21.3,3.3,7.7,0.435,1.4,3.6,0.406,2.0,2.1,0.947,0.7,2.9,3.6,1.5,0.6,0.9,0.6,0.3,2.0,10.1,-0.4,0.77
1629010,Jerome Robinson,17.9,1.6,5.6,0.295,0.6,2.5,0.262,0.9,1.2,0.8,0.2,2.0,2.2,1.5,1.1,0.7,0.4,0.3,1.8,4.9,-5.9,-1.67
1628975,Jevon Carter,11.9,1.6,3.7,0.422,0.9,2.5,0.371,0.1,0.1,0.571,0.3,1.3,1.5,1.2,0.3,0.5,0.2,0.1,0.9,4.1,0.5,-0.6
202710,Jimmy Butler,33.6,7.0,14.2,0.497,0.5,2.0,0.245,6.9,8.0,0.863,1.8,5.1,6.9,7.1,2.1,2.1,0.3,0.8,1.4,21.5,3.8,4.18
203925,Joe Harris,31.0,5.2,10.2,0.505,3.1,6.4,0.475,0.7,0.9,0.778,0.6,3.0,3.6,1.9,0.9,0.7,0.2,0.4,2.0,14.1,5.1,2.59
204060,Joe Ingles,27.9,4.1,8.4,0.489,2.7,6.1,0.451,1.1,1.3,0.844,0.4,3.2,3.6,4.7,1.7,0.7,0.2,0.2,1.8,12.1,6.8,3.76
203954,Joel Embiid,31.1,9.0,17.6,0.513,1.1,3.0,0.377,9.2,10.7,0.859,2.2,8.4,10.6,2.8,3.1,1.0,1.4,0.9,2.4,28.5,7.9,4.79
1628381,John Collins,29.3,6.8,12.2,0.556,1.3,3.3,0.399,2.7,3.2,0.833,1.9,5.5,7.4,1.2,1.3,0.5,1.0,0.8,3.1,17.6,2.9,3.01
1629723,John Konchar,13.4,1.6,3.2,0.5,0.5,1.3,0.375,0.6,0.7,0.833,0.8,2.2,3.0,1.1,0.4,0.7,0.2,0.3,0.9,4.3,0.4,1.25
202322,John Wall,32.2,7.3,18.2,0.404,2.0,6.2,0.317,4.0,5.3,0.749,0.4,2.8,3.2,6.9,3.5,1.1,0.8,1.1,1.2,20.6,-4.2,-1.49
202685,Jonas Valanciunas,28.3,7.1,12.0,0.592,0.3,0.9,0.368,2.5,3.3,0.773,4.1,8.4,12.5,1.8,1.6,0.6,0.9,0.9,2.9,17.1,2.2,2.2
1629007,Jontay Porter,4.9,0.7,1.4,0.533,0.3,0.7,0.375,0.3,0.5,0.6,0.4,0.9,1.3,0.1,0.6,0.3,0.1,0.0,1.1,2.0,0.1,0.01
1628395,Jordan Bell,13.6,1.2,3.7,0.318,0.0,0.3,0.0,0.2,0.3,0.5,1.2,2.8,4.0,1.2,0.7,0.5,0.8,0.5,1.2,2.5,-5.3,-1.85
1629648,Jordan Bone,14.0,1.6,3.9,0.426,0.7,2.3,0.313,0.0,0.0,0.0,0.3,1.4,1.7,1.3,0.2,0.1,0.0,0.0,0.8,4.0,-4.2,-1.12
203903,Jordan Clarkson,26.7,6.7,15.8,0.425,3.1,8.8,0.347,1.9,2.1,0.896,0.7,3.3,4.0,2.5,1.7,0.9,0.1,0.6,1.6,18.4,4.4,0.07
1629162,Jordan McLaughlin,18.4,2.0,4.7,0.413,0.6,1.8,0.359,0.5,0.6,0.767,0.4,1.7,2.1,3.8,1.0,1.0,0.1,0.5,0.9,5.0,-2.6,-0.91
1629670,Jordan Nwora,9.1,2.1,4.5,0.459,0.9,2.1,0.452,0.6,0.8,0.76,0.3,1.7,2.0,0.2,0.8,0.6,0.3,0.5,0.7,5.7,-0.1,-0.25
1629673,Jordan Poole,19.4,4.0,9.3,0.432,1.9,5.4,0.351,2.1,2.3,0.882,0.3,1.5,1.8,1.9,1.0,0.5,0.2,0.3,1.7,12.0,0.6,0.11
1630182,Josh Green,11.4,1.1,2.4,0.452,0.1,0.6,0.16,0.3,0.6,0.565,0.7,1.3,2.0,0.7,0.4,0.4,0.1,0.2,0.9,2.6,0.4,-0.09
1630221,Josh Hall,16.0,1.4,4.7,0.303,0.2,1.8,0.108,1.0,2.1,0.5,0.3,2.5,2.8,1.3,1.2,0.2,0.0,0.5,1.8,4.1,-4.8,-0.69
1628404,Josh Hart,28.7,3.2,7.3,0.439,1.3,4.1,0.326,1.5,1.9,0.775,1.1,6.9,8.0,2.3,1.0,0.8,0.3,0.5,2.4,9.2,0.0,0.1
1628367,Josh Jackson,25.2,4.8,11.4,0.419,1.2,4.1,0.3,2.6,3.5,0.729,0.9,3.2,4.1,2.3,2.3,0.9,0.8,1.1,2.9,13.4,-2.0,-1.6
1629006,Josh Okogie,20.3,1.7,4.3,0.402,0.5,1.8,0.269,1.4,1.8,0.769,1.1,1.6,2.6,1.1,0.7,0.9,0.5,0.4,2.1,5.4,-3.3,0.14
1626196,Josh Richardson,30.3,4.5,10.5,0.427,1.5,4.5,0.33,1.7,1.8,0.917,0.9,2.4,3.3,2.6,1.3,1.0,0.4,0.4,2.2,12.1,-0.8,0.49
201950,Jrue Holiday,32.3,7.0,13.9,0.503,1.9,4.8,0.392,1.8,2.3,0.787,1.2,3.3,4.5,6.1,2.2,1.6,0.6,0.7,1.7,17.7,6.4,3.86
1629308,Juan Toscano-Anderson,20.9,2.3,3.9,0.579,0.7,1.7,0.402,0.4,0.6,0.71,0.5,3.9,4.4,2.8,1.2,0.8,0.5,0.2,2.1,5.7,1.8,0.8
1627823,Juancho Hernangomez,17.3,2.5,5.8,0.435,1.1,3.2,0.327,1.2,1.9,0.619,0.9,3.1,3.9,0.7,0.5,0.4,0.1,0.4,1.0,7.2,-1.4,-0.18
203944,Julius Randle,37.6,8.5,18.6,0.456,2.3,5.5,0.411,4.9,6.0,0.811,1.2,9.0,10.2,6.0,3.4,0.9,0.3,1.0,3.2,24.1,2.2,1.38
203200,Justin Holiday,30.3,3.6,8.7,0.413,2.4,6.3,0.382,0.9,1.2,0.788,0.4,3.1,3.6,1.7,0.8,1.0,0.6,0.2,1.9,10.5,-0.6,-1.47
1628382,Justin Jackson,17.0,2.6,6.5,0.403,1.1,3.4,0.308,0.9,1.1,0.838,0.5,1.8,2.3,1.5,0.9,0.4,0.1,0.2,0.9,7.2,-1.2,-0.07
1629713,Justin James,8.6,1.4,3.1,0.468,0.4,1.1,0.368,0.6,1.0,0.583,0.3,0.6,0.8,0.6,0.4,0.2,0.1,0.3,0.6,3.9,-1.6,-0.91
1628383,Justin Patton,19.0,2.2,5.4,0.414,0.7,2.6,0.265,0.2,0.3,0.75,1.1,2.7,3.8,1.1,0.3,0.9,1.1,0.3,2.6,5.4,-6.2,-1.03
1629620,Justin Robinson,9.7,0.8,2.3,0.333,0.4,1.6,0.286,0.3,0.6,0.6,0.1,0.7,0.8,1.0,0.2,0.3,0.0,0.0,1.1,2.3,-5.0,-0.33
1626159,Justise Winslow,19.5,2.8,8.1,0.352,0.4,2.1,0.185,0.8,1.3,0.571,0.7,3.8,4.5,1.9,1.4,0.6,0.5,0.2,1.8,6.8,-3.0,2.25
203994,Jusuf Nurkic,23.8,4.6,9.0,0.514,0.3,0.8,0.4,1.9,3.1,0.619,2.3,6.6,9.0,3.4,2.0,1.0,1.1,0.8,2.8,11.5,3.4,3.41
1629752,Juwan Morgan,5.1,0.5,1.0,0.467,0.1,0.4,0.308,0.1,0.2,0.429,0.3,0.7,1.0,0.3,0.1,0.1,0.0,0.1,0.7,1.2,-3.7,-1.13
1629644,KZ Okpala,12.1,1.0,2.6,0.375,0.3,1.4,0.24,0.2,0.4,0.533,0.6,1.3,1.8,0.5,0.4,0.3,0.3,0.2,1.6,2.5,-1.8,-1.67
1630211,Karim Mane,8.8,0.3,1.3,0.231,0.1,0.2,0.5,0.4,0.5,0.8,0.1,1.3,1.4,0.4,0.3,0.0,0.2,0.7,1.0,1.1,-2.2,-0.36
1626157,Karl-Anthony Towns,33.8,8.5,17.5,0.486,2.4,6.3,0.387,5.3,6.2,0.859,2.7,7.9,10.6,4.5,3.2,0.8,1.1,1.0,3.7,24.8,0.2,2.97
202695,Kawhi Leonard,34.1,8.9,17.5,0.512,1.9,4.9,0.398,5.0,5.7,0.885,1.1,5.4,6.5,5.2,2.0,1.6,0.4,0.5,1.6,24.8,8.6,5.8
1628966,Keita Bates-Diop,8.2,1.0,2.2,0.448,0.2,0.6,0.294,0.5,0.7,0.667,0.3,1.3,1.6,0.4,0.2,0.4,0.2,0.3,0.4,2.6,-1.2,-2.63
1629103,Kelan Martin,9.2,1.8,3.9,0.449,0.7,1.7,0.4,0.3,0.3,0.9,0.5,1.7,2.2,0.5,0.5,0.3,0.3,0.2,1.0,4.5,2.7,1.53
1629640,Keldon Johnson,28.5,4.9,10.2,0.479,0.9,2.6,0.331,2.1,2.8,0.74,1.3,4.6,6.0,1.8,1.1,0.6,0.3,1.0,2.1,12.8,-2.5,-0.49
1629833,Keljin Blevins,4.4,0.3,1.2,0.25,0.1,0.5,0.25,0.0,0.0,0.0,0.2,0.4,0.6,0.2,0.3,0.1,0.0,0.2,0.5,0.7,-2.2,-0.39
203482,Kelly Olynyk,28.5,4.8,10.0,0.484,1.8,5.3,0.342,2.1,2.5,0.829,1.2,5.7,7.0,2.9,1.8,1.1,0.6,0.4,3.0,13.5,-1.4,0.96
1626162,Kelly Oubre Jr.,30.7,5.8,13.2,0.439,1.6,5.2,0.316,2.2,3.2,0.695,1.5,4.5,6.0,1.3,1.3,1.0,0.8,1.0,2.2,15.4,-3.5,-1.79
202689,Kemba Walker,31.8,6.6,15.7,0.42,3.0,8.2,0.36,3.1,3.5,0.899,0.4,3.6,4.0,4.9,2.0,1.1,0.3,1.1,1.4,19.3,2.2,2.99
1629134,Kendrick Nunn,29.5,5.7,11.8,0.485,2.2,5.7,0.381,1.0,1.1,0.933,0.4,2.8,3.2,2.6,1.4,0.9,0.3,0.6,1.9,14.6,-0.1,-0.8
1629026,Kenrich Williams,21.6,3.3,6.2,0.533,0.8,1.8,0.444,0.5,1.0,0.571,1.3,2.9,4.1,2.3,1.2,0.8,0.3,0.4,2.2,8.0,-2.7,0.46
203145,Kent Bazemore,19.9,2.6,5.9,0.449,1.1,2.7,0.408,0.8,1.2,0.692,0.4,3.0,3.4,1.6,1.2,1.0,0.5,0.2,2.4,7.2,2.5,-0.08
203484,Kentavious Caldwell-Pope,28.4,3.3,7.6,0.431,1.8,4.4,0.41,1.4,1.7,0.866,0.4,2.3,2.7,1.9,1.0,0.9,0.4,0.3,1.7,9.7,2.1,0.02
1630231,Kenyon Martin Jr.,23.7,3.6,7.1,0.509,0.8,2.1,0.365,1.3,1.9,0.714,1.6,3.8,5.4,1.1,0.8,0.7,0.9,0.6,2.0,9.3,-6.3,-2.58
201142,Kevin Durant,33.1,9.3,17.2,0.537,2.4,5.4,0.45,6.0,6.8,0.882,0.4,6.7,7.1,5.6,3.4,0.7,1.3,0.7,2.0,26.9,8.0,6.48
1628989,Kevin Huerter,30.8,4.6,10.6,0.432,2.0,5.6,0.363,0.7,0.9,0.781,0.6,2.8,3.3,3.5,1.1,1.2,0.3,0.4,2.4,11.9,1.0,-0.03
1628995,Kevin Knox II,11.1,1.3,3.4,0.392,0.8,2.1,0.393,0.4,0.5,0.8,0.2,1.2,1.5,0.5,0.4,0.3,0.1,0.1,0.9,3.9,-0.8,-4.61
201567,Kevin Love,24.9,4.1,10.1,0.409,2.3,6.2,0.365,1.7,2.0,0.824,0.7,6.8,7.4,2.5,1.5,0.6,0.1,0.5,1.0,12.2,-2.9,1.63
1629645,Kevin Porter Jr.,32.1,6.0,14.1,0.425,1.9,6.2,0.311,2.7,3.6,0.734,0.8,3.0,3.8,6.3,3.5,0.7,0.3,1.0,2.3,16.6,-8.6,-3.95
1626172,Kevon Looney,19.0,1.8,3.2,0.548,0.1,0.3,0.235,0.5,0.8,0.646,1.9,3.4,5.3,2.0,0.6,0.3,0.4,0.2,2.2,4.1,2.1,1.32
203920,Khem Birch,22.8,2.8,5.7,0.497,0.2,0.8,0.25,1.4,1.9,0.705,2.6,3.2,5.8,1.3,0.7,0.7,0.7,0.4,1.7,7.2,-1.9,-0.7
203114,Khris Middleton,33.4,7.5,15.8,0.476,2.2,5.4,0.414,3.1,3.5,0.898,0.8,5.2,6.0,5.4,2.6,1.1,0.1,0.8,2.4,20.4,4.3,2.32
1629017,Khyri Thomas,30.6,6.4,13.2,0.485,1.8,5.4,0.333,1.8,1.8,1.0,1.4,2.2,3.6,5.0,1.2,1.8,1.2,0.2,1.6,16.4,2.8,-0.6
1630165,Killian Hayes,25.8,2.7,7.7,0.353,0.8,2.8,0.278,0.5,0.7,0.824,0.2,2.4,2.7,5.3,3.2,1.0,0.4,0.5,2.2,6.8,-5.0,-1.79
1629681,Killian Tillie,10.1,1.1,3.2,0.333,0.6,1.8,0.303,0.5,0.6,0.818,0.3,1.0,1.3,0.4,0.1,0.3,0.4,0.2,1.1,3.2,2.2,0.72
1630184,Kira Lewis Jr.,16.7,2.4,6.2,0.386,0.7,2.2,0.333,0.8,0.9,0.843,0.2,1.1,1.3,2.3,0.6,0.7,0.2,0.5,1.6,6.4,0.4,0.68
1628961,Kostas Antetokounmpo,3.7,0.2,0.7,0.3,0.0,0.0,0.0,0.4,0.9,0.462,0.3,1.0,1.3,0.1,0.7,0.1,0.3,0.3,0.5,0.8,1.8,0.64
1627739,Kris Dunn,11.4,0.3,3.0,0.083,0.0,0.5,0.0,0.8,1.0,0.75,0.0,1.5,1.5,0.5,0.8,0.5,0.5,0.5,2.5,1.3,-7.8,-0.25
204001,Kristaps Porzingis,30.9,7.6,15.9,0.476,2.3,6.0,0.376,2.7,3.2,0.855,1.9,7.0,8.9,1.6,1.2,0.5,1.3,0.7,2.7,20.1,0.2,1.63
203937,Kyle Anderson,27.4,4.5,9.5,0.468,1.4,3.8,0.36,2.1,2.7,0.783,0.8,5.0,5.7,3.6,1.2,1.2,0.8,0.5,1.7,12.4,0.7,-0.32
1629657,Kyle Guy,7.6,0.9,2.8,0.33,0.4,1.5,0.283,0.5,0.6,0.8,0.2,1.0,1.1,1.0,0.4,0.2,0.0,0.2,0.6,2.8,-0.5,-1.05
1628398,Kyle Kuzma,28.7,4.9,11.1,0.443,2.0,5.6,0.361,1.0,1.4,0.691,1.6,4.5,6.1,1.9,1.7,0.5,0.6,0.4,1.8,12.9,0.0,-0.22
200768,Kyle Lowry,34.8,5.7,13.0,0.436,2.8,7.2,0.396,3.0,3.5,0.875,0.8,4.6,5.4,7.3,2.7,1.0,0.3,0.5,3.1,17.2,-0.1,1.91
202681,Kyrie Irving,34.9,10.2,20.1,0.506,2.8,7.0,0.402,3.7,4.0,0.922,1.0,3.8,4.8,6.0,2.4,1.4,0.7,1.0,2.6,26.9,4.2,2.08
200746,LaMarcus Aldridge,25.9,5.4,11.4,0.473,1.2,3.1,0.388,1.6,1.8,0.872,0.7,3.8,4.5,1.9,1.0,0.4,1.1,0.3,1.8,13.5,-1.3,1.74
1630163,LaMelo Ball,28.8,5.7,13.2,0.436,1.8,5.1,0.352,2.5,3.2,0.758,1.2,4.7,5.9,6.1,2.8,1.6,0.4,0.6,2.7,15.7,-1.6,-0.59
1630205,Lamar Stevens,12.5,1.6,3.4,0.456,0.1,0.6,0.16,0.9,1.3,0.725,0.6,1.8,2.4,0.6,0.6,0.4,0.3,0.3,1.3,4.1,-2.9,-0.62
1629013,Landry Shamet,23.0,3.0,7.5,0.408,2.1,5.5,0.387,1.1,1.3,0.846,0.2,1.7,1.8,1.6,0.8,0.5,0.2,0.4,1.5,9.3,0.9,0.13
204038,Langston Galloway,10.9,1.7,3.7,0.449,0.9,2.1,0.424,0.6,0.6,0.957,0.2,0.9,1.1,0.7,0.3,0.2,0.0,0.0,0.6,4.8,0.9,0.15
1626204,Larry Nance Jr.,31.2,3.7,7.8,0.471,1.2,3.3,0.36,0.9,1.4,0.612,1.5,5.2,6.7,3.1,1.6,1.7,0.5,0.3,2.1,9.3,-3.9,0.19
1628374,Lauri Markkanen,25.8,4.9,10.2,0.48,2.3,5.8,0.402,1.5,1.8,0.826,0.7,4.6,5.3,0.9,1.0,0.5,0.3,0.5,1.5,13.6,-0.9,0.1
2544,LeBron James,33.4,9.4,18.3,0.513,2.3,6.3,0.365,4.0,5.7,0.698,0.6,7.0,7.7,7.8,3.7,1.1,0.6,0.6,1.6,25.0,6.4,6.02
1629022,Lonnie Walker IV,25.4,4.3,10.2,0.42,1.7,4.7,0.355,1.0,1.2,0.814,0.2,2.4,2.6,1.7,1.1,0.5,0.3,0.5,1.7,11.2,-3.5,-2.87
1628366,Lonzo Ball,31.8,5.3,12.7,0.414,3.1,8.3,0.378,0.9,1.2,0.781,0.6,4.2,4.8,5.7,2.2,1.5,0.6,0.3,1.9,14.6,0.9,0.16
101150,Lou Williams,21.6,4.0,9.8,0.41,1.0,2.6,0.399,2.3,2.6,0.867,0.3,1.8,2.1,3.4,1.6,0.7,0.1,0.6,0.9,11.3,1.2,0.18
1629663,Louis King,14.2,2.8,5.7,0.5,0.7,1.8,0.364,1.0,1.0,1.0,0.8,2.2,3.0,1.5,0.7,1.2,0.5,0.0,1.5,7.3,-0.5,0.56
1629652,Luguentz Dort,29.7,4.8,12.3,0.387,2.2,6.3,0.343,2.3,3.2,0.744,0.7,2.9,3.6,1.7,1.5,0.9,0.4,0.9,2.6,14.0,-4.8,0.79
1629029,Luka Doncic,34.3,9.8,20.5,0.479,2.9,8.3,0.35,5.2,7.1,0.73,0.8,7.2,8.0,8.6,4.3,1.0,0.5,0.8,2.3,27.7,2.5,2.0
1629677,Luka Samanic,9.3,1.4,3.2,0.448,0.4,1.3,0.279,0.5,0.9,0.552,0.5,1.6,2.1,0.5,0.6,0.2,0.2,0.2,1.3,3.7,-0.6,-0.03
1628379,Luke Kennard,19.6,3.1,6.6,0.476,1.6,3.6,0.446,0.4,0.5,0.839,0.2,2.3,2.6,1.7,0.8,0.4,0.1,0.2,1.4,8.3,-0.4,-0.69
1628436,Luke Kornet,11.2,1.4,3.3,0.436,0.5,1.9,0.254,0.1,0.2,0.5,0.5,1.7,2.2,0.8,0.2,0.1,1.0,0.1,0.6,3.4,1.7,0.74
1630201,Malachi Flynn,19.7,2.7,7.2,0.374,1.1,3.6,0.321,1.0,1.2,0.804,0.2,2.3,2.5,2.9,0.9,0.8,0.1,0.3,1.4,7.5,-2.1,-1.56
1627763,Malcolm Brogdon,34.5,7.9,17.5,0.453,2.6,6.7,0.388,2.7,3.2,0.864,1.0,4.2,5.3,5.9,2.1,0.9,0.3,1.2,2.0,21.2,-0.6,2.65
1627736,Malik Beasley,32.8,7.1,16.2,0.44,3.5,8.7,0.399,1.8,2.2,0.85,0.8,3.6,4.4,2.4,1.6,0.8,0.2,0.8,1.7,19.6,-5.3,0.24
1630238,Malik Fitts,3.6,0.3,1.0,0.333,0.3,0.7,0.5,0.0,0.0,0.0,0.0,1.0,1.0,0.0,0.0,0.0,0.0,0.3,1.0,1.0,-2.0,-0.1
1628370,Malik Monk,20.9,4.1,9.5,0.434,2.0,5.0,0.401,1.4,1.7,0.819,0.3,2.1,2.4,2.1,1.3,0.5,0.1,0.5,1.1,11.7,0.8,-2.15
1629603,Mamadi Diakite,10.1,1.1,2.9,0.4,0.1,0.6,0.125,0.8,1.0,0.786,0.6,1.9,2.4,0.6,0.2,0.4,0.4,0.3,1.1,3.1,0.6,0.28
201188,Marc Gasol,19.1,1.7,3.7,0.454,1.0,2.3,0.41,0.7,1.0,0.72,0.7,3.4,4.1,2.1,1.0,0.5,1.1,0.1,2.2,5.0,1.7,2.73
202694,Marcus Morris Sr.,26.3,4.8,10.2,0.473,2.5,5.2,0.473,1.3,1.6,0.82,0.6,3.5,4.1,1.0,1.0,0.6,0.3,0.2,2.1,13.4,2.3,-0.15
203935,Marcus Smart,32.9,4.2,10.6,0.398,1.9,5.9,0.33,2.7,3.4,0.79,0.8,2.7,3.5,5.7,2.0,1.5,0.5,0.2,2.6,13.1,1.9,1.66
1628365,Markelle Fultz,26.9,5.1,13.0,0.394,0.5,2.0,0.25,2.1,2.4,0.895,0.6,2.5,3.1,5.4,2.3,1.0,0.3,0.9,2.3,12.9,-3.6,-0.86
202693,Markieff Morris,19.7,2.5,6.2,0.405,1.1,3.4,0.311,0.6,0.8,0.72,0.8,3.6,4.4,1.2,0.9,0.4,0.3,0.1,1.7,6.7,0.3,-2.89
1630210,Markus Howard,5.5,1.1,2.9,0.377,0.5,1.8,0.277,0.2,0.2,0.778,0.0,0.5,0.6,0.5,0.5,0.1,0.0,0.2,0.6,2.8,-1.9,-1.25
1629716,Marques Bolden,4.8,0.2,0.5,0.333,0.0,0.0,0.0,0.8,1.3,0.625,0.5,0.5,1.0,0.0,0.3,0.3,0.3,0.0,0.0,1.2,0.8,0.19
1627737,Marquese Chriss,13.4,2.5,7.0,0.357,0.5,2.5,0.2,1.0,2.0,0.5,1.5,5.0,6.5,1.0,1.0,0.0,1.0,0.5,1.5,6.5,-12.5,-3.03
1628963,Marvin Bagley III,25.9,5.7,11.4,0.504,0.9,2.5,0.343,1.8,3.1,0.575,2.5,4.9,7.4,1.0,1.4,0.5,0.5,1.0,2.3,14.1,-2.0,-1.24
1630222,Mason Jones,10.5,1.6,3.8,0.423,0.8,2.1,0.364,1.3,2.0,0.625,0.2,1.5,1.7,1.3,0.9,0.2,0.0,0.2,0.8,5.3,-2.8,-1.47
203486,Mason Plumlee,26.8,4.2,6.8,0.614,0.0,0.1,0.0,2.0,3.0,0.669,2.6,6.7,9.3,3.6,1.9,0.8,0.9,0.6,3.3,10.4,-2.7,0.73
1629680,Matisse Thybulle,20.0,1.6,3.7,0.42,0.7,2.2,0.301,0.1,0.3,0.444,0.5,1.4,1.9,1.0,0.5,1.6,1.1,0.0,2.0,3.9,1.5,2.21
1629744,Matt Thomas,7.3,1.1,2.8,0.394,0.6,1.8,0.338,0.3,0.3,0.857,0.2,0.8,1.0,0.4,0.3,0.1,0.0,0.1,0.4,3.1,-1.5,-0.55
203521,Matthew Dellavedova,17.2,1.1,4.3,0.25,0.3,1.9,0.16,0.3,0.3,1.0,0.5,1.4,1.8,4.5,0.5,0.3,0.1,0.4,1.6,2.8,-1.4,0.91
203090,Maurice Harkless,20.9,1.9,4.5,0.418,0.6,2.3,0.274,0.9,1.2,0.767,0.4,2.1,2.4,1.2,0.6,0.8,0.5,0.2,2.3,5.2,-1.2,-0.12
1629622,Max Strus,13.0,2.2,4.8,0.455,1.3,3.8,0.338,0.4,0.6,0.667,0.1,0.9,1.1,0.6,0.2,0.3,0.1,0.0,1.1,6.1,-1.0,-0.44
1628467,Maxi Kleber,26.8,2.3,5.5,0.422,1.7,4.2,0.41,0.7,0.7,0.919,0.9,4.3,5.2,1.4,0.6,0.5,0.7,0.1,2.1,7.1,2.7,2.33
203086,Meyers Leonard,9.8,1.0,2.3,0.429,1.0,2.3,0.429,0.3,0.7,0.5,0.0,2.3,2.3,0.7,0.7,0.0,0.0,0.0,1.7,3.3,-1.3,-0.66
1629662,Mfiondu Kabengele,7.2,0.8,2.3,0.371,0.3,1.3,0.26,0.4,0.5,0.8,0.3,1.2,1.5,0.4,0.4,0.2,0.3,0.1,0.9,2.4,-2.4,-1.41
203487,Michael Carter-Williams,25.8,3.4,8.7,0.389,0.5,2.0,0.246,1.6,2.6,0.613,1.3,3.2,4.5,4.2,2.2,0.8,0.5,0.7,2.6,8.8,-1.6,1.45
1629008,Michael Porter Jr.,31.3,7.3,13.4,0.542,2.8,6.3,0.445,1.7,2.2,0.791,1.5,5.8,7.3,1.1,1.3,0.7,0.9,0.4,2.1,19.0,5.9,1.68
1628969,Mikal Bridges,32.6,5.0,9.3,0.543,1.9,4.4,0.425,1.5,1.8,0.84,1.1,3.2,4.3,2.1,0.8,1.1,0.9,0.3,1.6,13.5,4.7,1.79
201144,Mike Conley,29.4,5.6,12.5,0.444,2.7,6.6,0.412,2.4,2.8,0.852,0.7,2.8,3.5,6.0,1.9,1.4,0.2,0.5,1.9,16.2,10.7,3.17
1628455,Mike James,18.2,2.6,7.1,0.37,0.8,2.4,0.355,1.6,2.1,0.778,0.2,2.2,2.5,4.2,1.5,0.5,0.1,0.4,0.8,7.7,1.5,-0.03
203488,Mike Muscala,18.4,3.4,7.6,0.446,1.9,5.3,0.37,0.9,1.0,0.917,0.5,3.2,3.8,0.8,0.6,0.2,0.3,0.2,1.5,9.7,0.5,0.96
203118,Mike Scott,16.7,1.5,4.1,0.36,1.0,3.0,0.342,0.2,0.2,0.667,0.2,2.1,2.4,0.8,0.4,0.5,0.3,0.2,1.4,4.2,-0.2,0.76
1628970,Miles Bridges,29.3,4.7,9.4,0.503,1.8,4.4,0.4,1.5,1.7,0.867,1.2,4.8,6.0,2.2,1.6,0.7,0.8,0.4,2.2,12.7,-0.1,0.05
1629011,Mitchell Robinson,27.5,3.7,5.7,0.653,0.0,0.0,0.0,0.8,1.7,0.491,3.6,4.5,8.1,0.5,0.8,1.1,1.5,0.4,2.8,8.3,-0.5,1.05
1629671,Miye Oni,9.6,0.6,1.8,0.354,0.6,1.6,0.341,0.1,0.1,0.833,0.4,1.1,1.6,0.5,0.3,0.2,0.1,0.1,1.1,1.9,1.7,0.3
1628964,Mo Bamba,15.8,3.1,6.5,0.472,0.8,2.6,0.322,1.0,1.4,0.682,1.7,4.1,5.8,0.8,0.8,0.3,1.3,0.4,1.9,8.0,-4.4,-3.15
1628420,Monte Morris,25.5,4.0,8.2,0.481,1.1,2.9,0.381,1.2,1.6,0.795,0.2,1.8,2.0,3.2,0.7,0.7,0.3,0.5,1.0,10.2,3.3,1.99
1626149,Montrezl Harrell,22.9,5.4,8.7,0.622,0.0,0.1,0.0,2.6,3.7,0.707,2.3,3.9,6.2,1.1,1.1,0.7,0.7,0.6,1.9,13.5,0.6,1.45
1629021,Moritz Wagner,16.0,2.3,5.1,0.454,0.7,2.0,0.341,1.6,1.9,0.816,0.6,2.6,3.2,1.1,1.0,0.6,0.4,0.4,2.4,6.9,-3.2,-2.41
1629650,Moses Brown,21.4,3.4,6.2,0.545,0.0,0.0,0.0,1.8,2.9,0.619,3.6,5.3,8.9,0.2,1.0,0.7,1.1,0.7,2.2,8.6,-8.4,-3.35
1628539,Mychal Mulder,12.8,2.0,4.4,0.449,1.4,3.6,0.397,0.2,0.4,0.636,0.1,0.9,1.0,0.4,0.3,0.2,0.2,0.1,0.9,5.6,1.1,1.07
1626167,Myles Turner,31.0,4.4,9.2,0.477,1.5,4.4,0.335,2.4,3.0,0.782,1.3,5.2,6.5,1.0,1.4,0.9,3.4,0.4,3.5,12.6,0.5,1.05
1630230,Naji Marshall,21.9,2.6,6.5,0.392,0.9,2.6,0.349,1.7,2.3,0.707,0.5,4.2,4.6,2.8,1.2,0.8,0.3,0.4,1.8,7.7,-0.9,-0.57
1629642,Nassir Little,13.3,1.6,3.5,0.467,0.6,1.7,0.35,0.8,0.9,0.8,0.7,2.0,2.7,0.5,0.4,0.1,0.3,0.2,1.1,4.6,-0.8,-0.59
1630268,Nate Darling,3.7,0.3,1.0,0.286,0.3,1.0,0.286,0.4,0.4,1.0,0.1,0.0,0.1,0.1,0.1,0.0,0.1,0.0,0.1,1.3,-4.3,-0.62
1630207,Nate Hinton,4.4,0.7,2.0,0.357,0.2,0.9,0.211,0.3,0.5,0.7,0.0,0.4,0.4,0.4,0.2,0.3,0.1,0.1,0.4,2.0,-2.6,-1.16
1630233,Nathan Knight,8.4,1.1,3.0,0.37,0.2,1.0,0.182,1.3,1.7,0.8,0.8,1.4,2.2,0.2,0.5,0.3,0.3,0.3,0.7,3.8,-0.5,-0.71
1629675,Naz Reid,19.2,4.3,8.3,0.523,0.9,2.5,0.351,1.6,2.4,0.693,1.2,3.4,4.6,1.0,1.0,0.5,1.1,0.4,2.6,11.2,-4.2,-2.0
202357,Nemanja Bjelica,16.1,2.4,5.3,0.454,0.7,2.3,0.318,1.0,1.4,0.725,0.8,2.6,3.4,1.9,0.9,0.4,0.1,0.3,1.8,6.5,-1.8,0.63
203457,Nerlens Noel,24.2,2.1,3.5,0.614,0.0,0.0,0.0,0.8,1.1,0.714,2.2,4.1,6.4,0.7,1.0,1.1,2.2,0.2,2.8,5.1,0.0,0.05
1630208,Nick Richards,3.5,0.2,0.5,0.444,0.0,0.1,0.0,0.4,0.6,0.636,0.2,0.4,0.6,0.1,0.2,0.0,0.0,0.1,0.4,0.8,-0.7,-0.47
1629638,Nickeil Alexander-Walker,21.9,4.2,10.0,0.419,1.7,4.8,0.347,1.0,1.4,0.727,0.3,2.8,3.1,2.2,1.5,1.0,0.5,0.7,1.9,11.0,-1.1,-0.77
1630185,Nico Mannion,12.1,1.3,3.8,0.342,0.7,2.0,0.367,0.8,0.9,0.821,0.2,1.3,1.5,2.3,1.0,0.5,0.0,0.2,1.0,4.1,-2.5,-1.08
201587,Nicolas Batum,27.4,2.9,6.1,0.464,1.6,4.1,0.404,0.7,0.9,0.828,0.7,4.0,4.7,2.2,0.8,1.0,0.6,0.1,1.5,8.1,5.1,1.89
1629651,Nicolas Claxton,18.6,2.8,4.5,0.621,0.0,0.2,0.2,1.0,2.0,0.484,1.3,3.8,5.2,0.9,0.6,0.7,1.3,0.3,2.1,6.6,4.9,1.47
1629740,Nicolo Melli,12.6,1.0,3.1,0.326,0.5,1.9,0.271,0.4,0.6,0.76,0.6,2.1,2.7,1.0,0.3,0.3,0.1,0.2,1.3,3.0,0.5,-1.12
203999,Nikola Jokic,34.6,10.2,18.0,0.566,1.3,3.3,0.388,4.8,5.5,0.868,2.8,8.0,10.8,8.3,3.1,1.3,0.7,0.9,2.7,26.4,5.3,3.09
202696,Nikola Vucevic,33.5,9.5,19.9,0.477,2.5,6.3,0.4,1.9,2.2,0.84,2.1,9.6,11.7,3.8,1.8,0.9,0.7,0.7,2.0,23.4,-4.9,0.94
203943,Noah Vonleh,2.7,0.0,0.8,0.0,0.0,0.5,0.0,0.0,0.0,0.0,0.0,0.3,0.3,0.3,0.5,0.0,0.0,0.3,0.5,0.0,-4.0,-0.06
1626181,Norman Powell,32.0,6.3,13.3,0.477,2.5,6.0,0.411,3.4,3.9,0.871,0.6,2.5,3.1,1.9,1.7,1.2,0.3,1.0,2.3,18.6,1.1,-0.77
203658,Norvel Pelle,6.4,0.6,1.2,0.533,0.0,0.0,0.0,0.3,0.5,0.667,0.5,1.0,1.5,0.2,0.2,0.1,0.7,0.2,1.1,1.5,1.8,-1.04
1628384,OG Anunoby,33.3,5.8,12.1,0.48,2.4,6.1,0.398,1.9,2.4,0.784,1.3,4.3,5.5,2.2,1.7,1.5,0.7,0.9,2.7,15.9,2.7,0.66
1630167,Obi Toppin,11.0,1.7,3.4,0.498,0.4,1.4,0.306,0.3,0.4,0.731,0.4,1.8,2.2,0.5,0.4,0.3,0.2,0.2,0.9,4.1,0.4,0.31
1630168,Onyeka Okongwu,12.0,1.9,3.0,0.644,0.0,0.1,0.0,0.7,1.1,0.632,1.2,2.0,3.3,0.4,0.6,0.5,0.7,0.3,2.0,4.6,-1.8,-1.36
1629052,Oshae Brissett,24.7,3.5,7.2,0.483,1.6,3.7,0.423,2.4,3.1,0.769,1.4,4.1,5.5,0.9,0.5,0.9,1.0,0.3,1.5,10.9,2.8,1.61
203490,Otto Porter Jr.,21.7,3.5,8.1,0.432,1.4,3.7,0.375,1.3,1.5,0.857,1.0,4.4,5.4,2.0,0.9,0.6,0.1,0.2,1.5,9.7,-1.5,2.09
200782,P.J. Tucker,26.1,1.3,3.4,0.373,0.8,2.3,0.336,0.4,0.5,0.75,1.0,2.9,3.9,1.2,0.8,0.8,0.4,0.2,2.4,3.7,-3.4,-1.35
1629023,P.J. Washington,30.5,4.7,10.7,0.44,1.8,4.5,0.386,1.7,2.3,0.745,1.5,5.1,6.5,2.5,2.0,1.1,1.2,0.8,2.7,12.9,0.5,1.35
1628408,PJ Dozier,21.8,3.0,7.1,0.417,0.9,3.0,0.315,0.8,1.3,0.636,0.7,2.9,3.6,1.8,0.9,0.6,0.4,0.5,1.7,7.7,3.9,2.11
1627783,Pascal Siakam,35.8,7.8,17.2,0.455,1.3,4.4,0.297,4.4,5.4,0.827,1.7,5.5,7.2,4.5,2.3,1.1,0.7,1.1,3.1,21.4,2.3,4.72
1626192,Pat Connaughton,22.8,2.4,5.6,0.434,1.5,3.9,0.371,0.4,0.6,0.775,0.9,3.9,4.8,1.2,0.5,0.7,0.3,0.2,1.4,6.8,3.2,1.07
201976,Patrick Beverley,22.5,2.5,5.9,0.423,1.5,3.8,0.397,1.0,1.2,0.8,0.8,2.4,3.2,2.1,0.9,0.8,0.8,0.3,2.9,7.5,4.0,3.33
1627775,Patrick McCaw,6.7,0.2,0.2,1.0,0.0,0.0,0.0,0.6,0.6,1.0,0.2,0.4,0.6,0.8,0.0,0.4,0.0,0.0,1.2,1.0,-3.6,-2.22
202335,Patrick Patterson,15.3,1.9,4.3,0.436,1.1,2.9,0.357,0.3,0.4,0.765,0.5,1.5,2.0,0.8,0.3,0.4,0.2,0.2,1.2,5.2,0.6,-1.83
1630172,Patrick Williams,27.9,3.6,7.4,0.483,0.8,1.9,0.391,1.3,1.8,0.728,0.9,3.7,4.6,1.4,1.4,0.9,0.6,0.7,1.8,9.2,-4.1,-1.99
201988,Patty Mills,24.8,3.7,9.0,0.412,2.4,6.3,0.375,1.0,1.1,0.91,0.3,1.4,1.7,2.4,1.0,0.6,0.0,0.3,1.2,10.8,0.4,2.57
202331,Paul George,33.7,8.2,17.6,0.467,3.2,7.7,0.411,3.7,4.2,0.868,0.8,5.8,6.6,5.2,3.3,1.1,0.4,0.8,2.4,23.3,8.0,6.99
200794,Paul Millsap,20.8,3.4,7.2,0.476,0.9,2.6,0.343,1.3,1.8,0.724,1.4,3.3,4.7,1.8,0.9,0.9,0.6,0.5,2.0,9.0,1.8,3.82
1630194,Paul Reed,6.8,1.6,3.0,0.538,0.0,0.2,0.0,0.2,0.3,0.5,1.2,1.2,2.3,0.5,0.5,0.4,0.5,0.4,1.1,3.4,1.4,0.94
1628778,Paul Watson,11.0,1.4,3.0,0.463,1.1,2.4,0.469,0.2,0.3,0.625,0.1,1.5,1.7,0.6,0.3,0.2,0.1,0.3,1.3,4.1,-0.1,0.1
1630202,Payton Pritchard,19.2,2.8,6.3,0.44,1.5,3.8,0.411,0.6,0.7,0.889,0.5,1.9,2.4,1.8,0.8,0.6,0.1,0.3,1.6,7.7,0.6,-0.3
1630173,Precious Achiuwa,12.1,2.0,3.7,0.544,0.0,0.0,0.0,0.9,1.8,0.509,1.2,2.2,3.4,0.5,0.7,0.3,0.5,0.5,1.5,5.0,-1.9,-1.23
1626188,Quinn Cook,6.8,1.3,3.0,0.426,0.5,1.1,0.423,0.3,0.3,0.875,0.1,0.7,0.7,0.8,0.3,0.2,0.0,0.3,0.4,3.3,-0.4,-1.94
1629683,Quinndary Weatherspoon,6.1,0.8,1.8,0.457,0.1,0.3,0.167,0.7,0.8,0.813,0.2,0.4,0.6,0.4,0.5,0.4,0.1,0.2,0.9,2.3,-3.0,-1.33
1630181,R.J. Hampton,17.4,2.7,6.1,0.435,0.5,1.7,0.31,1.1,1.6,0.671,0.6,2.9,3.5,1.7,1.0,0.4,0.2,0.4,1.2,6.9,-5.6,-3.1
1629628,RJ Barrett,34.9,6.5,14.7,0.441,1.7,4.3,0.401,2.9,3.8,0.746,0.9,4.8,5.8,3.0,1.9,0.7,0.3,1.2,2.6,17.6,1.9,0.35
200765,Rajon Rondo,17.1,2.1,4.8,0.442,0.8,2.0,0.404,0.4,0.4,0.941,0.4,2.0,2.4,4.4,1.8,0.8,0.1,0.4,1.2,5.4,0.5,-1.83
203526,Raul Neto,21.9,3.3,7.0,0.468,1.0,2.6,0.39,1.2,1.3,0.882,0.4,2.0,2.4,2.3,0.8,1.1,0.1,0.5,1.7,8.7,-0.3,2.06
1629034,Ray Spalding,9.4,1.0,2.0,0.5,0.0,0.5,0.0,0.0,1.0,0.0,1.0,1.0,2.0,0.0,1.5,0.0,1.0,0.0,1.5,2.0,-3.5,-0.33
1629730,Rayjon Tucker,4.9,0.6,1.3,0.5,0.1,0.5,0.286,1.0,1.4,0.737,0.1,0.7,0.8,0.4,0.3,0.1,0.0,0.2,0.6,2.4,-0.9,-0.84
203493,Reggie Bullock,30.0,3.8,8.6,0.442,2.5,6.1,0.41,0.8,0.8,0.909,0.2,3.2,3.4,1.5,0.7,0.8,0.2,0.2,2.2,10.9,1.6,0.63
202704,Reggie Jackson,23.0,3.9,8.7,0.45,1.8,4.2,0.433,1.0,1.2,0.817,0.4,2.5,2.9,3.1,1.1,0.6,0.1,0.3,1.9,10.7,3.7,3.32
1629617,Reggie Perry,8.1,1.2,3.0,0.41,0.2,0.8,0.19,0.4,0.5,0.769,1.0,1.8,2.8,0.5,0.6,0.2,0.2,0.4,1.5,3.0,-1.4,-0.73
1626158,Richaun Holmes,29.2,6.0,9.4,0.637,0.0,0.2,0.182,2.2,2.8,0.794,2.4,5.9,8.3,1.7,1.2,0.6,1.6,0.5,3.5,14.2,0.1,1.14
201937,Ricky Rubio,26.1,2.8,7.3,0.388,1.0,3.1,0.308,1.9,2.2,0.867,0.4,2.9,3.3,6.4,1.6,1.4,0.1,0.5,2.0,8.6,-2.7,1.45
203496,Robert Covington,32.0,2.9,7.3,0.401,1.9,5.1,0.379,0.7,0.9,0.806,0.9,5.8,6.7,1.7,0.9,1.4,1.2,0.2,2.8,8.5,2.9,1.9
1629606,Robert Franks,14.4,1.9,4.0,0.464,0.7,2.1,0.333,1.7,1.9,0.923,0.9,1.1,2.0,0.7,0.3,0.4,0.4,0.1,1.1,6.1,-3.6,-0.3
1629057,Robert Williams III,18.9,3.6,5.0,0.721,0.0,0.0,0.0,0.9,1.4,0.616,2.6,4.3,6.9,1.8,1.0,0.8,1.8,0.2,2.0,8.0,0.2,-0.77
1630218,Robert Woodard II,3.5,0.6,1.5,0.4,0.1,0.5,0.167,0.2,0.6,0.375,0.3,0.9,1.2,0.2,0.1,0.0,0.2,0.0,0.3,1.5,0.8,0.21
201577,Robin Lopez,19.1,3.8,6.0,0.633,0.1,0.3,0.278,1.4,1.9,0.723,2.0,1.8,3.8,0.8,1.1,0.2,0.6,0.4,1.5,9.0,-0.2,-1.17
1629066,Rodions Kurucs,5.9,0.5,1.5,0.344,0.3,1.0,0.286,0.1,0.2,0.75,0.2,0.9,1.1,0.5,0.6,0.4,0.2,0.1,0.8,1.5,-0.1,0.2
203918,Rodney Hood,17.1,1.7,4.7,0.362,0.6,2.1,0.301,0.4,0.5,0.857,0.4,1.5,1.9,1.0,0.7,0.4,0.1,0.1,1.3,4.5,-2.4,-1.58
203585,Rodney McGruder,12.1,2.3,4.4,0.529,0.7,1.5,0.458,0.4,0.5,0.75,0.5,0.9,1.4,1.0,0.4,0.5,0.1,0.1,0.8,5.7,-1.1,0.13
1629641,Romeo Langford,15.7,1.2,3.3,0.356,0.3,1.0,0.278,0.5,0.7,0.75,0.7,1.3,1.9,0.7,0.6,0.3,0.3,0.3,1.3,3.1,-3.7,0.23
1626178,Rondae Hollis-Jefferson,9.8,0.8,1.6,0.5,0.0,0.1,0.0,0.8,1.5,0.563,1.0,1.4,2.4,1.2,0.2,0.2,0.4,0.2,1.4,2.5,-0.6,1.59
1626220,Royce O'Neale,31.6,2.5,5.5,0.444,1.5,3.9,0.385,0.5,0.6,0.848,1.2,5.6,6.8,2.5,1.2,0.8,0.5,0.1,2.6,7.0,6.6,3.49
200752,Rudy Gay,21.6,4.2,10.0,0.42,1.7,4.4,0.381,1.3,1.6,0.804,0.7,4.1,4.8,1.4,1.0,0.7,0.6,0.3,1.8,11.4,2.1,1.58
203497,Rudy Gobert,30.8,5.5,8.2,0.675,0.0,0.1,0.0,3.3,5.3,0.623,3.4,10.1,13.5,1.3,1.7,0.6,2.7,0.6,2.3,14.3,10.3,5.28
1629060,Rui Hachimura,31.5,5.4,11.4,0.478,0.8,2.4,0.328,2.2,2.8,0.77,0.9,4.6,5.5,1.4,1.2,0.8,0.1,0.9,2.1,13.8,-1.9,-1.59
201566,Russell Westbrook,36.4,8.4,19.0,0.439,1.3,4.2,0.315,4.2,6.4,0.656,1.7,9.9,11.5,11.7,4.8,1.4,0.4,1.1,2.9,22.2,-1.4,1.38
1627853,Ryan Arcidiacono,10.2,1.1,2.7,0.419,0.6,1.5,0.373,0.3,0.5,0.65,0.1,1.4,1.5,1.3,0.2,0.2,0.0,0.1,1.1,3.1,0.2,-0.41
1630240,Saben Lee,16.3,2.1,4.4,0.471,0.2,0.5,0.348,1.3,1.9,0.685,0.4,1.6,2.0,3.6,1.1,0.7,0.3,0.5,1.6,5.6,-1.9,-0.9
1630180,Saddiq Bey,27.3,4.0,9.9,0.404,2.5,6.6,0.38,1.8,2.1,0.844,0.6,3.9,4.5,1.4,0.9,0.7,0.2,0.5,1.6,12.2,-3.0,-0.59
1630241,Sam Merrill,7.8,1.1,2.4,0.444,0.7,1.6,0.447,0.1,0.1,1.0,0.2,0.8,1.0,0.7,0.3,0.3,0.0,0.2,0.6,3.0,-1.3,-0.55
1630253,Sean McDermott,8.8,0.7,1.8,0.394,0.3,1.2,0.227,0.4,0.4,1.0,0.3,0.7,1.1,0.2,0.2,0.1,0.2,0.1,0.4,2.2,-3.2,-1.14
1629635,Sekou Doumbouya,15.5,1.9,5.0,0.379,0.5,2.1,0.226,0.8,1.1,0.703,0.7,1.9,2.6,0.8,0.8,0.4,0.2,0.5,1.7,5.1,-2.4,-3.07
1628400,Semi Ojeleye,17.0,1.6,3.9,0.403,1.0,2.8,0.367,0.4,0.6,0.75,0.6,2.1,2.6,0.7,0.4,0.3,0.0,0.2,1.0,4.6,0.1,-0.33
201586,Serge Ibaka,23.3,4.5,8.9,0.51,1.0,2.8,0.339,1.0,1.3,0.811,1.8,4.9,6.7,1.8,1.1,0.2,1.1,0.3,1.9,11.1,3.8,-0.07
203552,Seth Curry,28.7,4.5,9.7,0.467,2.2,4.9,0.45,1.2,1.4,0.896,0.2,2.2,2.4,2.7,1.1,0.8,0.1,0.3,1.7,12.5,5.6,2.1
1628983,Shai Gilgeous-Alexander,33.7,8.2,16.1,0.508,2.0,4.9,0.418,5.3,6.5,0.808,0.5,4.2,4.7,5.9,3.0,0.8,0.7,1.1,2.0,23.7,-5.3,-0.55
1629003,Shake Milton,23.2,4.8,10.6,0.45,1.1,3.2,0.35,2.3,2.8,0.83,0.5,1.8,2.3,3.1,1.6,0.6,0.3,0.8,2.1,13.0,2.1,-0.63
1627885,Shaquille Harrison,9.8,0.8,2.3,0.333,0.1,0.5,0.188,0.5,0.6,0.818,0.2,1.2,1.4,0.7,0.3,0.5,0.1,0.3,1.0,2.1,-2.2,-2.09
1628414,Sindarius Thornwell,10.3,0.7,2.2,0.326,0.3,1.1,0.304,0.2,0.4,0.5,0.1,0.7,0.9,1.0,0.3,0.6,0.1,0.1,0.7,2.0,-0.4,0.31
1630219,Skylar Mays,8.2,1.3,3.0,0.449,0.4,1.2,0.35,0.7,0.8,0.88,0.3,0.8,1.1,0.9,0.3,0.4,0.1,0.2,0.5,3.8,0.4,0.23
203524,Solomon Hill,21.3,1.5,4.2,0.359,1.0,3.0,0.321,0.5,0.6,0.761,0.6,2.4,3.0,1.1,0.6,0.7,0.2,0.1,1.6,4.5,0.4,-1.09
203915,Spencer Dinwiddie,21.4,2.0,5.3,0.375,0.7,2.3,0.286,2.0,2.0,1.0,0.0,4.3,4.3,3.0,1.7,0.7,0.3,0.0,1.3,6.7,14.0,0.12
1626169,Stanley Johnson,16.5,1.5,3.8,0.382,0.7,2.2,0.328,0.7,0.9,0.8,0.5,2.0,2.5,1.5,0.9,0.9,0.3,0.2,1.9,4.4,-2.6,-2.83
201939,Stephen Curry,34.2,10.4,21.7,0.482,5.3,12.7,0.421,5.7,6.3,0.916,0.5,5.0,5.5,5.8,3.4,1.2,0.1,0.9,1.9,32.0,3.9,5.71
1628425,Sterling Brown,24.1,2.9,6.6,0.448,1.8,4.2,0.423,0.5,0.6,0.806,0.7,3.6,4.4,1.4,0.8,0.7,0.2,0.3,1.9,8.2,-3.0,-1.53
203500,Steven Adams,27.7,3.3,5.3,0.614,0.0,0.1,0.0,1.0,2.3,0.444,3.7,5.2,8.9,1.9,1.3,0.9,0.7,0.3,1.9,7.6,0.3,2.99
1629004,Svi Mykhailiuk,20.1,3.2,7.7,0.411,1.6,4.8,0.334,0.6,0.8,0.76,0.4,2.1,2.5,1.7,1.3,0.8,0.2,0.4,1.0,8.5,-3.5,-0.04
1628388,T.J. Leaf,5.1,0.7,1.4,0.5,0.0,0.0,0.0,0.3,0.3,1.0,0.0,0.7,0.7,0.1,0.3,0.3,0.1,0.3,0.1,1.7,-2.9,0.08
204456,T.J. McConnell,26.0,4.0,7.1,0.559,0.2,0.7,0.313,0.5,0.7,0.688,0.8,2.9,3.7,6.6,2.0,1.9,0.3,0.4,1.6,8.6,1.0,-0.21
203933,T.J. Warren,29.3,6.8,12.8,0.529,0.0,1.8,0.0,2.0,2.5,0.8,0.5,3.0,3.5,1.3,1.0,0.5,0.0,0.5,4.0,15.5,0.3,-0.29
1629605,Tacko Fall,7.1,1.1,1.5,0.724,0.0,0.0,0.0,0.3,0.8,0.333,0.8,1.9,2.7,0.2,0.3,0.1,1.1,0.2,1.2,2.5,1.4,0.88
201959,Taj Gibson,20.8,2.2,3.5,0.627,0.1,0.3,0.2,0.9,1.2,0.727,2.2,3.4,5.6,0.8,0.5,0.7,1.1,0.3,2.2,5.4,2.9,-0.12
1629659,Talen Horton-Tucker,20.1,3.4,7.5,0.458,0.6,2.0,0.282,1.5,2.0,0.775,0.4,2.2,2.6,2.8,1.6,1.0,0.3,0.5,2.0,9.0,0.2,-0.75
1627752,Taurean Prince,22.1,3.2,8.0,0.401,1.5,3.8,0.4,1.6,1.9,0.855,0.5,3.0,3.5,1.9,1.1,0.7,0.6,0.4,1.8,9.5,-3.1,-0.69
1629611,Terance Mann,18.9,2.7,5.2,0.509,0.6,1.4,0.418,1.2,1.4,0.83,0.8,2.8,3.6,1.6,0.6,0.4,0.2,0.5,1.9,7.0,0.5,0.34
1629056,Terence Davis,17.6,3.2,7.5,0.428,1.6,4.4,0.367,0.7,0.9,0.818,0.3,2.2,2.5,1.4,1.0,0.7,0.2,0.5,1.6,8.7,-1.1,1.01
1628390,Terrance Ferguson,3.8,0.1,0.5,0.143,0.0,0.4,0.0,0.0,0.0,0.0,0.0,0.1,0.1,0.2,0.3,0.1,0.0,0.0,0.5,0.2,-1.5,-2.35
203082,Terrence Ross,29.3,5.5,13.4,0.412,1.9,5.7,0.337,2.6,3.0,0.87,0.3,3.1,3.4,2.3,1.6,1.0,0.5,0.6,1.9,15.6,-5.1,-1.22
1626179,Terry Rozier,34.5,7.4,16.4,0.45,3.2,8.3,0.389,2.4,2.9,0.817,0.7,3.7,4.4,4.2,1.9,1.3,0.4,0.5,1.7,20.4,-1.3,-2.62
201152,Thaddeus Young,24.3,5.4,9.7,0.559,0.2,0.7,0.267,1.0,1.7,0.628,2.5,3.8,6.2,4.3,2.0,1.1,0.6,0.6,2.2,12.1,2.1,1.8
203648,Thanasis Antetokounmpo,9.7,1.2,2.4,0.489,0.1,0.5,0.241,0.4,0.9,0.51,0.9,1.2,2.2,0.8,0.8,0.4,0.2,0.2,1.3,2.9,-0.2,0.8
1630177,Theo Maledon,27.3,3.5,9.4,0.368,1.6,4.8,0.335,1.6,2.1,0.748,0.4,2.9,3.2,3.5,2.2,0.9,0.2,0.3,1.9,10.1,-9.6,-3.77
1629033,Theo Pinson,2.0,0.1,0.5,0.111,0.0,0.5,0.0,0.0,0.0,0.0,0.0,0.3,0.3,0.1,0.1,0.0,0.0,0.0,0.2,0.1,-0.9,-0.69
1628418,Thomas Bryant,27.1,5.9,9.1,0.648,0.9,2.1,0.429,1.6,2.4,0.667,1.8,4.3,6.1,1.5,1.1,0.4,0.8,0.2,3.1,14.3,-1.4,-1.31
1627748,Thon Maker,9.6,1.3,2.3,0.556,0.0,0.3,0.0,1.3,1.4,0.909,1.0,1.3,2.3,0.5,0.4,0.3,0.5,0.1,0.9,3.8,-2.3,-2.06
204025,Tim Frazier,12.4,0.6,4.0,0.15,0.0,1.6,0.0,0.4,1.2,0.333,0.0,1.6,1.6,3.2,0.8,0.4,0.2,0.4,1.4,1.6,1.0,-1.57
203501,Tim Hardaway Jr.,28.4,5.8,13.0,0.447,3.0,7.6,0.391,2.0,2.5,0.816,0.3,3.0,3.3,1.8,0.9,0.4,0.2,0.4,1.6,16.6,1.0,-0.03
1627789,Timothe Luwawu-Cabarrot,18.1,2.2,6.1,0.365,1.3,4.1,0.314,0.6,0.7,0.814,0.5,1.7,2.2,1.2,0.7,0.6,0.1,0.3,1.7,6.4,-0.4,-2.94
202699,Tobias Harris,32.5,7.6,14.9,0.512,1.3,3.4,0.394,2.9,3.3,0.892,1.0,5.8,6.8,3.5,1.7,0.9,0.8,1.0,1.9,19.5,5.2,0.7
203107,Tomas Satoransky,22.5,2.9,5.7,0.514,0.7,2.0,0.356,1.2,1.4,0.848,0.5,1.9,2.4,4.7,1.7,0.7,0.2,0.3,1.5,7.7,0.0,1.19
1628396,Tony Bradley,16.3,3.1,4.7,0.665,0.0,0.1,0.0,0.9,1.3,0.691,2.0,3.7,5.7,0.9,0.8,0.4,0.7,0.4,1.5,7.1,-0.4,-0.74
203503,Tony Snell,21.1,1.9,3.6,0.515,1.3,2.3,0.569,0.2,0.2,1.0,0.4,2.0,2.4,1.3,0.4,0.3,0.2,0.2,1.6,5.3,1.4,-0.96
1628470,Torrey Craig,16.1,2.2,4.5,0.48,0.8,2.1,0.368,0.3,0.4,0.773,1.1,2.8,3.9,1.0,0.5,0.6,0.5,0.2,1.7,5.5,-1.9,-2.4
1629027,Trae Young,33.7,7.7,17.7,0.438,2.2,6.3,0.343,7.7,8.7,0.886,0.6,3.3,3.9,9.4,4.1,0.8,0.2,1.0,1.8,25.3,4.2,-0.02
1630200,Tre Jones,7.3,1.0,2.1,0.474,0.1,0.1,0.6,0.5,0.5,0.895,0.2,0.4,0.6,1.1,0.4,0.2,0.0,0.2,0.4,2.5,-2.2,-1.13
1629682,Tremont Waters,9.1,1.3,3.2,0.405,0.6,1.5,0.395,0.6,0.7,0.941,0.2,0.6,0.8,2.4,1.0,0.6,0.0,0.2,0.7,3.8,-0.4,-0.08
1630235,Trent Forrest,10.1,1.1,2.4,0.451,0.2,0.9,0.192,0.6,0.6,1.0,0.4,1.1,1.5,1.5,0.7,0.3,0.1,0.1,0.7,2.9,-1.6,-1.15
2772,Trevor Ariza,28.0,3.3,8.0,0.411,1.7,4.8,0.35,1.1,1.5,0.773,0.9,3.9,4.8,1.8,0.7,1.0,0.6,0.3,1.8,9.4,1.3,-1.27
203504,Trey Burke,14.7,2.4,5.7,0.428,0.9,2.6,0.354,0.8,0.9,0.895,0.2,0.7,0.9,1.3,0.5,0.6,0.1,0.3,1.0,6.6,0.2,-0.16
1626168,Trey Lyles,15.6,1.9,3.9,0.478,0.6,1.7,0.35,0.7,1.0,0.652,0.4,3.3,3.7,0.6,0.3,0.3,0.0,0.0,0.6,5.0,-4.7,-1.09
202684,Tristan Thompson,23.8,3.1,6.0,0.518,0.0,0.1,0.0,1.3,2.2,0.592,3.1,5.0,8.1,1.2,1.1,0.4,0.6,0.6,2.2,7.6,0.4,-0.44
1628972,Troy Brown Jr.,15.4,1.8,4.2,0.431,0.6,2.1,0.314,0.4,0.6,0.714,0.6,2.5,3.1,0.9,0.6,0.3,0.2,0.2,1.4,4.7,0.8,-0.55
1629660,Ty Jerome,23.9,3.9,8.7,0.446,2.2,5.1,0.423,0.8,1.0,0.765,0.3,2.5,2.8,3.6,1.4,0.6,0.2,0.3,1.8,10.7,-4.1,-2.08
1630234,Ty-Shon Alexander,3.2,0.2,0.8,0.25,0.1,0.6,0.222,0.1,0.1,0.5,0.1,0.5,0.7,0.4,0.2,0.0,0.1,0.0,0.1,0.6,-0.5,-0.08
1630189,Tyler Bey,3.9,0.4,1.2,0.318,0.1,0.2,0.25,0.2,0.3,0.6,0.4,0.6,1.1,0.2,0.2,0.0,0.1,0.1,0.3,1.0,-2.1,-0.7
1629076,Tyler Cook,13.7,2.2,3.2,0.67,0.0,0.1,0.5,0.5,1.1,0.486,0.9,2.1,3.0,0.5,0.7,0.3,0.1,0.3,1.1,4.9,-1.1,-0.97
1629639,Tyler Herro,30.3,5.7,12.9,0.439,2.0,5.5,0.36,1.7,2.2,0.803,0.5,4.5,5.0,3.4,1.9,0.6,0.3,0.7,1.3,15.1,-1.6,-2.59
204020,Tyler Johnson,17.5,1.8,4.7,0.393,1.2,3.4,0.364,0.5,0.5,0.857,0.2,1.8,2.0,1.2,0.4,0.4,0.0,0.2,1.1,5.4,1.2,-1.92
1630179,Tyrell Terry,5.1,0.5,1.5,0.313,0.0,0.6,0.0,0.1,0.3,0.333,0.0,0.5,0.5,0.5,0.2,0.5,0.0,0.0,0.2,1.0,0.0,-0.11
1630169,Tyrese Haliburton,30.1,5.0,10.7,0.472,2.1,5.1,0.409,0.8,1.0,0.857,0.7,2.3,3.0,5.3,1.6,1.3,0.5,0.3,1.4,13.0,-3.1,-1.45
1630178,Tyrese Maxey,15.3,3.2,7.0,0.462,0.5,1.7,0.301,1.0,1.1,0.871,0.2,1.5,1.7,2.0,0.7,0.4,0.2,0.4,1.3,8.0,-0.9,-1.7
1626145,Tyus Jones,17.5,2.5,5.9,0.431,0.6,2.0,0.321,0.6,0.6,0.911,0.3,1.7,2.0,3.7,0.7,0.9,0.1,0.2,0.4,6.3,-1.2,-0.03
1628962,Udoka Azubuike,3.8,0.3,0.6,0.444,0.0,0.0,0.0,0.5,0.7,0.8,0.3,0.6,0.9,0.0,0.2,0.1,0.3,0.1,0.6,1.1,-4.3,-1.28
2617,Udonis Haslem,2.7,2.0,2.0,1.0,0.0,0.0,0.0,0.0,0.0,0.0,0.0,1.0,1.0,0.0,0.0,0.0,0.0,0.0,0.0,4.0,3.0,-0.89
1630176,Vernon Carey Jr.,6.0,0.9,1.9,0.5,0.1,0.4,0.143,0.5,0.6,0.818,0.3,1.1,1.4,0.1,0.3,0.1,0.3,0.2,0.7,2.4,-0.6,-0.08
203506,Victor Oladipo,32.7,7.1,17.5,0.408,2.4,7.2,0.326,3.2,4.2,0.754,0.4,4.5,4.8,4.6,2.5,1.4,0.4,1.2,2.5,19.8,-2.2,0.47
1629738,Vincent Poirier,3.9,0.3,1.2,0.25,0.0,0.1,0.0,0.2,0.6,0.333,0.6,0.8,1.4,0.2,0.4,0.0,0.3,0.2,0.8,0.8,-1.6,-0.91
1628427,Vlatko Cancar,6.9,0.8,1.8,0.458,0.2,0.8,0.273,0.2,0.3,0.769,0.3,1.0,1.2,0.3,0.3,0.3,0.0,0.1,0.4,2.1,-2.5,-1.9
201961,Wayne Ellington,22.0,3.2,7.3,0.441,2.5,6.0,0.422,0.6,0.8,0.8,0.3,1.6,1.8,1.5,0.7,0.4,0.2,0.2,1.3,9.6,-1.5,-0.15
1628976,Wendell Carter Jr.,25.5,4.3,8.5,0.503,0.3,0.9,0.294,2.4,3.3,0.732,2.4,5.8,8.2,1.9,1.4,0.6,0.8,0.6,2.7,11.2,-4.5,-1.55
1629117,Wenyen Gabriel,11.5,1.1,2.9,0.4,0.6,1.5,0.406,0.5,0.8,0.647,1.0,1.6,2.6,0.5,0.7,0.4,0.4,0.1,1.5,3.4,0.1,-0.35
1628411,Wes Iwundu,13.1,0.8,2.5,0.333,0.1,1.0,0.122,0.6,0.8,0.839,0.4,1.8,2.2,0.4,0.5,0.4,0.1,0.3,1.2,2.4,-2.3,0.27
202083,Wesley Matthews,19.5,1.5,4.3,0.353,1.1,3.4,0.335,0.6,0.7,0.854,0.3,1.3,1.6,0.9,0.4,0.7,0.3,0.1,1.4,4.8,0.7,1.46
203115,Will Barton,31.0,4.6,10.9,0.426,1.8,4.6,0.381,1.7,2.2,0.785,0.7,3.3,4.0,3.2,1.7,0.9,0.4,0.6,1.7,12.7,4.1,0.59
1630266,Will Magnay,3.3,0.0,1.0,0.0,0.0,1.0,0.0,0.0,0.0,0.0,0.0,0.0,0.0,0.0,1.0,0.0,0.0,0.0,1.0,0.0,-10.0,-0.22
1626161,Willie Cauley-Stein,17.1,2.2,3.4,0.632,0.0,0.2,0.091,0.9,1.5,0.628,1.2,3.2,4.5,0.7,0.5,0.4,0.8,0.2,2.4,5.3,2.6,2.22
1626195,Willy Hernangomez,18.0,3.2,5.7,0.563,0.0,0.2,0.1,1.3,2.0,0.667,2.5,4.6,7.1,1.1,0.7,0.5,0.5,0.6,1.4,7.8,-0.3,-1.23
1630214,Xavier Tillman,18.4,2.8,5.1,0.559,0.4,1.1,0.338,0.6,0.9,0.642,1.3,3.1,4.3,1.3,0.8,0.7,0.6,0.4,2.0,6.6,0.6,1.12
1627812,Yogi Ferrell,13.7,2.0,5.7,0.351,0.9,2.8,0.321,0.7,0.9,0.778,0.5,1.4,1.9,2.2,0.3,0.7,0.3,0.6,1.1,5.6,-0.1,0.08
1629139,Yuta Watanabe,14.5,1.6,3.6,0.439,0.7,1.8,0.4,0.5,0.6,0.828,0.7,2.5,3.2,0.8,0.4,0.5,0.4,0.2,1.1,4.4,-0.8,0.43
203897,Zach LaVine,35.1,9.8,19.4,0.507,3.4,8.2,0.419,4.4,5.1,0.849,0.6,4.4,5.0,4.9,3.5,0.8,0.5,1.2,2.4,27.4,-0.2,0.3
1630192,Zeke Nnaji,9.5,1.2,2.5,0.481,0.6,1.4,0.407,0.3,0.4,0.8,0.3,1.2,1.5,0.2,0.2,0.2,0.1,0.2,0.7,3.2,-2.0,-1.58
1629627,Zion Williamson,33.2,10.4,17.0,0.611,0.2,0.6,0.294,6.0,8.7,0.698,2.7,4.5,7.2,3.7,2.7,0.9,0.6,2.1,2.2,27.0,1.5,1.87
