PLAYER_ID,PLAYER_NAME,MIN,FTM,FTA,FT_PCT,OREB,DREB,REB,AST,TOV,STL,BLK,BLKA,PF,PTS,PLUS_MINUS,FG2A_FREQUENCY,FG2M,FG2A,FG2_PCT,FG3A_FREQUENCY,FG3M,FG3A,FG3_PCT,D_FGM,D_FGA,D_FG_PCT,CONTESTED_SHOTS,DEFLECTIONS,CHARGES_DRAWN,SCREEN_ASSISTS,LOOSE_BALLS_RECOVERED,BOX_OUTS,RAPM
203932,Aaron Gordon,27.7,1.9,3.0,0.651,1.5,4.1,5.7,3.2,1.9,0.7,0.7,0.6,1.8,12.4,1.2,0.647,3.44,6.46,0.533,0.353,1.18,3.52,0.335,4.08,9.34,0.437,3.78,1.02,0.0,0.52,0.64,0.38,2.47
1628988,Aaron Holiday,17.8,1.0,1.3,0.819,0.2,1.1,1.3,1.9,1.0,0.7,0.2,0.5,1.4,7.2,0.0,0.584,1.56,3.86,0.404,0.416,1.02,2.76,0.368,3.0,6.46,0.464,3.09,1.47,0.0,0.03,0.39,0.42,1.5
1630174,Aaron Nesmith,14.5,0.5,0.6,0.786,0.6,2.2,2.8,0.5,0.5,0.3,0.2,0.3,1.9,4.7,-0.2,0.393,0.83,1.52,0.543,0.607,0.87,2.35,0.37,2.56,5.62,0.457,2.87,0.52,0.02,0.13,0.57,0.46,-0.27
1627846,Abdel Nader,14.8,1.2,1.5,0.757,0.3,2.3,2.6,0.8,0.8,0.4,0.4,0.3,1.4,6.7,1.2,0.619,1.54,2.92,0.529,0.381,0.75,1.79,0.419,2.37,6.11,0.388,3.17,0.75,0.0,0.04,0.38,0.5,-3.29
1629690,Adam Mokoka,4.0,0.0,0.1,0.0,0.1,0.3,0.4,0.4,0.4,0.1,0.1,0.1,0.4,1.1,-0.6,0.474,0.43,0.64,0.667,0.526,0.07,0.71,0.1,0.5,2.0,0.25,0.29,0.29,0.0,0.0,0.07,0.21,1.17
201143,Al Horford,27.9,0.6,0.8,0.818,1.0,5.7,6.7,3.4,1.0,0.9,0.9,0.4,1.7,14.2,-3.6,0.578,3.79,7.43,0.51,0.422,2.0,5.43,0.368,5.75,11.71,0.491,8.82,1.18,0.0,2.21,0.57,2.29,2.34
202329,Al-Farouq Aminu,18.9,0.8,1.0,0.818,1.0,3.8,4.8,1.3,1.2,0.8,0.4,0.2,1.3,4.4,-2.3,0.626,1.3,2.7,0.484,0.374,0.35,1.61,0.216,3.29,7.29,0.451,4.0,1.43,0.0,0.74,0.61,0.52,1.64
202692,Alec Burks,25.6,2.1,2.4,0.856,0.4,4.2,4.6,2.2,1.0,0.6,0.3,0.6,2.1,12.7,2.6,0.508,2.2,5.12,0.43,0.492,2.06,4.96,0.416,3.08,7.76,0.397,4.84,1.43,0.0,0.06,0.61,0.12,-0.79
1630197,Aleksej Pokusevski,24.2,0.7,0.9,0.738,0.7,4.0,4.7,2.2,2.2,0.4,0.9,0.2,1.3,8.2,-8.7,0.49,1.73,4.36,0.398,0.51,1.22,4.53,0.27,4.84,9.6,0.505,6.69,0.8,0.0,0.51,0.22,0.24,-2.88
1629346,Alen Smailagic,5.6,0.1,0.4,0.333,0.4,0.7,1.1,0.3,0.3,0.2,0.3,0.1,0.7,1.9,-2.1,0.63,0.47,1.13,0.412,0.37,0.27,0.67,0.4,2.55,4.55,0.56,2.07,0.47,0.0,0.73,0.07,0.53,-0.38
1627936,Alex Caruso,21.0,0.8,1.3,0.645,0.5,2.4,2.9,2.8,1.3,1.1,0.3,0.4,1.9,6.4,2.1,0.552,1.34,2.84,0.473,0.448,0.93,2.31,0.403,2.8,6.55,0.428,3.14,2.22,0.26,0.29,0.66,0.53,4.54
203458,Alex Len,15.3,1.1,1.8,0.629,1.2,2.8,4.1,0.8,0.9,0.3,1.0,0.3,2.0,6.6,-1.5,0.91,2.55,3.95,0.644,0.09,0.13,0.39,0.32,3.78,8.3,0.455,7.17,0.91,0.0,2.05,0.28,1.66,-1.36
1628035,Alfonzo McKinnie,6.6,0.3,0.5,0.556,0.6,0.8,1.4,0.2,0.1,0.2,0.0,0.2,0.7,3.1,0.2,0.581,0.82,1.38,0.593,0.419,0.41,1.0,0.41,1.38,2.88,0.48,1.13,0.23,0.1,0.08,0.13,0.21,-0.96
1628993,Alize Johnson,10.5,0.7,0.7,1.0,1.5,3.5,5.0,0.8,0.5,0.3,0.3,0.4,0.9,5.2,-1.0,0.912,2.17,3.44,0.629,0.088,0.06,0.33,0.167,2.2,4.53,0.485,2.17,0.17,0.06,0.11,0.89,0.83,0.48
1628578,Amida Brimah,5.9,0.6,0.6,1.0,0.4,1.2,1.6,0.2,0.8,0.0,1.0,0.0,0.8,2.6,4.4,1.0,1.0,1.6,0.625,0.0,0.0,0.0,,1.4,3.4,0.412,2.8,0.0,0.0,1.0,0.0,0.4,0.06
1629599,Amir Coffey,9.0,0.6,0.9,0.711,0.2,0.8,1.0,0.5,0.3,0.2,0.0,0.2,0.7,3.2,-0.6,0.456,0.5,1.07,0.468,0.544,0.52,1.27,0.411,1.48,3.55,0.417,1.25,0.39,0.0,0.07,0.18,0.18,-0.06
2760,Anderson Varejao,7.2,1.0,1.8,0.556,1.4,2.6,4.0,0.6,0.2,0.0,0.4,0.6,0.6,2.6,-6.6,0.938,0.8,3.0,0.267,0.063,0.0,0.2,0.0,2.25,5.0,0.45,1.6,0.2,0.0,0.6,0.2,0.6,-0.72
203083,Andre Drummond,27.0,2.7,4.5,0.6,3.6,8.4,12.0,2.0,2.7,1.4,1.1,1.5,3.2,14.9,-2.3,0.986,5.89,11.83,0.498,0.014,0.0,0.17,0.0,6.24,12.07,0.517,8.83,2.83,0.09,2.83,1.07,1.72,1.37
2738,Andre Iguodala,21.3,0.4,0.6,0.658,0.6,2.9,3.5,2.3,1.1,0.9,0.6,0.0,1.4,4.4,-1.3,0.265,0.56,1.05,0.53,0.735,0.95,2.9,0.328,3.06,7.15,0.429,3.56,1.63,0.06,0.25,0.54,1.11,0.81
203460,Andre Roberson,12.6,0.2,0.4,0.5,1.4,1.6,3.0,0.8,0.4,0.6,0.2,0.4,0.8,1.2,-3.8,0.429,0.2,1.2,0.167,0.571,0.2,1.6,0.125,3.25,6.0,0.542,3.2,1.0,0.0,1.0,0.4,0.6,-0.2
203952,Andrew Wiggins,33.3,2.4,3.4,0.714,1.2,3.7,4.9,2.4,1.8,0.9,1.0,0.6,2.2,18.6,0.0,0.651,5.13,9.63,0.532,0.349,1.97,5.15,0.383,6.37,14.32,0.444,8.93,1.39,0.0,0.42,0.97,0.65,-0.06
1629014,Anfernee Simons,17.3,0.7,0.9,0.807,0.2,2.0,2.2,1.4,0.7,0.3,0.1,0.3,1.5,7.8,0.7,0.297,0.75,1.86,0.403,0.703,1.88,4.41,0.426,3.16,6.07,0.522,2.88,0.61,0.03,0.14,0.25,0.13,-3.56
203076,Anthony Davis,32.3,4.4,5.9,0.738,1.7,6.2,7.9,3.1,2.1,1.3,1.6,0.7,1.7,21.8,3.2,0.838,7.5,13.89,0.54,0.162,0.72,2.69,0.268,6.34,14.23,0.446,9.97,2.47,0.06,1.47,0.89,0.94,2.19
1630162,Anthony Edwards,32.1,2.9,3.8,0.776,0.8,3.8,4.7,2.9,2.2,1.1,0.5,0.9,1.8,19.3,-3.2,0.57,4.64,9.57,0.485,0.43,2.38,7.22,0.329,4.67,9.85,0.474,4.6,1.83,0.0,0.14,0.82,0.11,-1.38
1630264,Anthony Gill,8.4,0.5,0.6,0.813,0.6,1.3,2.0,0.4,0.3,0.4,0.2,0.2,1.0,3.1,-0.7,0.6,0.88,1.38,0.639,0.4,0.27,0.92,0.292,1.37,3.63,0.377,2.58,0.27,0.04,0.38,0.27,0.62,0.12
1630237,Anthony Lamb,17.3,0.8,0.9,0.857,1.1,1.8,2.9,1.0,0.8,0.3,0.2,0.3,1.4,5.5,-3.7,0.398,0.96,1.96,0.489,0.602,0.96,2.96,0.324,4.5,8.05,0.559,3.96,0.46,0.08,0.46,0.5,1.04,-0.96
201229,Anthony Tolliver,9.0,0.5,0.5,0.833,0.3,0.6,0.9,0.2,0.3,0.3,0.2,0.0,0.6,1.5,2.7,0.176,0.0,0.27,0.0,0.824,0.36,1.27,0.286,1.44,3.89,0.371,2.18,0.18,0.09,0.45,0.18,0.45,-1.18
1628394,Anzejs Pasecniks,6.3,0.0,0.0,0.0,1.0,0.0,1.0,1.0,5.0,0.0,0.0,0.0,2.0,0.0,-13.0,0.0,0.0,0.0,,1.0,0.0,1.0,0.0,3.0,4.0,0.75,3.0,1.0,0.0,0.0,0.0,2.0,-0.08
1629717,Armoni Brooks,26.0,0.4,0.6,0.583,0.5,2.9,3.4,1.5,1.1,0.6,0.3,0.3,1.7,11.2,-6.8,0.182,0.9,1.75,0.514,0.818,3.0,7.85,0.382,3.84,7.26,0.529,3.1,1.3,0.0,0.15,0.3,0.2,-1.27
203382,Aron Baynes,18.5,0.5,0.8,0.707,1.6,3.5,5.2,0.9,0.9,0.3,0.4,0.3,2.2,6.1,-1.5,0.66,2.02,3.77,0.535,0.34,0.51,1.94,0.262,4.31,8.63,0.499,5.98,0.51,0.23,2.94,0.49,2.17,-0.55
203085,Austin Rivers,23.5,0.6,0.9,0.71,0.2,2.1,2.3,2.3,1.0,0.8,0.1,0.4,1.8,7.9,0.3,0.392,1.36,2.67,0.51,0.608,1.53,4.14,0.369,2.91,6.83,0.427,2.97,1.28,0.0,0.06,0.47,0.25,1.23
202340,Avery Bradley,22.3,0.4,0.6,0.8,0.3,1.8,2.1,1.7,1.0,0.8,0.1,0.3,2.0,6.4,-4.9,0.409,1.15,2.59,0.443,0.591,1.22,3.74,0.327,3.38,7.0,0.484,2.67,1.44,0.07,0.26,0.48,0.78,0.34
1626253,Axel Toupane,7.7,0.6,0.9,0.714,0.0,0.8,0.8,0.5,0.0,0.3,0.4,0.3,0.8,1.8,-0.4,0.818,0.38,1.13,0.333,0.182,0.13,0.25,0.5,1.0,5.5,0.182,1.25,2.13,0.0,0.0,0.13,0.38,0.01
1628389,Bam Adebayo,33.5,4.4,5.5,0.799,2.2,6.7,9.0,5.4,2.6,1.2,1.0,0.6,2.3,18.7,0.4,0.99,7.09,12.36,0.574,0.01,0.03,0.13,0.25,5.75,12.97,0.443,9.91,2.25,0.08,4.66,0.86,3.95,2.56
203463,Ben McLemore,17.1,0.7,1.0,0.736,0.3,1.6,1.9,0.7,0.8,0.4,0.2,0.3,1.7,7.7,-1.9,0.228,0.68,1.53,0.444,0.772,1.79,5.19,0.345,2.78,5.43,0.511,2.32,0.81,0.02,0.06,0.36,0.43,0.28
1627732,Ben Simmons,32.4,3.0,4.9,0.613,1.6,5.6,7.2,6.9,3.0,1.6,0.6,0.8,2.9,14.3,5.7,0.983,5.55,9.88,0.562,0.017,0.05,0.17,0.3,4.07,9.95,0.409,4.66,3.48,0.05,1.62,1.07,0.53,0.86
202687,Bismack Biyombo,20.4,0.7,1.6,0.448,2.1,3.2,5.3,1.2,1.1,0.3,1.1,0.5,2.1,5.0,-4.2,0.996,2.15,3.65,0.589,0.004,0.0,0.02,0.0,4.61,10.14,0.455,8.0,0.67,0.0,2.97,0.27,2.98,-2.25
201933,Blake Griffin,25.8,1.9,2.5,0.744,0.8,4.1,4.9,3.0,1.3,0.7,0.3,0.3,2.4,11.0,1.3,0.502,2.26,4.43,0.51,0.498,1.5,4.39,0.342,5.33,10.89,0.489,6.3,1.17,0.48,2.02,0.63,1.13,1.82
1626246,Boban Marjanovic,8.2,0.9,1.2,0.816,1.4,2.5,3.9,0.3,0.4,0.1,0.2,0.5,0.9,4.7,0.7,0.934,1.85,3.45,0.535,0.066,0.03,0.24,0.125,2.47,4.77,0.517,3.36,0.3,0.0,1.61,0.27,0.82,0.79
1626171,Bobby Portis,20.8,0.8,1.1,0.74,1.9,5.2,7.1,1.1,0.8,0.8,0.4,0.6,1.7,11.4,2.1,0.738,3.62,6.7,0.541,0.262,1.12,2.38,0.471,4.29,9.27,0.462,7.09,1.58,0.03,1.52,0.64,2.5,-0.41
203992,Bogdan Bogdanovic,29.7,0.9,1.0,0.909,0.5,3.2,3.6,3.3,1.2,1.1,0.3,0.4,2.3,16.4,2.5,0.411,2.75,5.27,0.522,0.589,3.32,7.57,0.438,5.18,11.16,0.464,6.82,2.11,0.0,0.41,0.41,0.57,1.69
202711,Bojan Bogdanovic,30.8,3.2,3.7,0.879,0.6,3.3,3.9,1.9,1.8,0.6,0.1,0.8,1.6,17.0,5.8,0.502,3.14,6.43,0.488,0.498,2.49,6.39,0.389,3.9,8.63,0.452,5.19,0.78,0.04,0.4,0.46,0.89,1.39
1629626,Bol Bol,5.0,0.3,0.5,0.667,0.0,0.8,0.8,0.2,0.4,0.1,0.3,0.0,0.4,2.2,-2.5,0.586,0.5,1.06,0.471,0.414,0.28,0.75,0.375,1.33,2.52,0.529,1.56,0.13,0.0,0.03,0.13,0.03,-1.73
202954,Brad Wanamaker,17.3,1.5,1.7,0.891,0.3,1.4,1.7,2.9,1.2,0.7,0.2,0.6,1.5,5.5,-2.1,0.715,1.61,3.46,0.464,0.285,0.26,1.38,0.19,3.23,6.25,0.517,2.61,1.52,0.03,0.16,0.39,0.28,0.73
203078,Bradley Beal,35.8,6.8,7.7,0.889,1.2,3.5,4.7,4.4,3.1,1.2,0.4,1.0,2.3,31.3,-0.1,0.73,9.0,16.82,0.535,0.27,2.17,6.22,0.349,5.3,11.35,0.467,5.28,2.03,0.12,0.28,0.93,0.35,1.48
1629634,Brandon Clarke,24.0,1.3,1.9,0.69,1.6,3.9,5.6,1.6,0.6,1.0,0.9,0.5,1.4,10.3,-0.3,0.844,4.0,7.07,0.566,0.156,0.34,1.31,0.26,4.25,9.17,0.464,7.03,1.56,0.03,1.24,0.56,1.63,0.09
1629164,Brandon Goodwin,13.2,0.6,0.9,0.651,0.2,1.3,1.5,2.0,0.8,0.4,0.0,0.4,0.9,4.9,-1.3,0.536,1.11,2.53,0.437,0.464,0.68,2.19,0.311,2.09,4.64,0.451,2.0,0.53,0.0,0.13,0.23,0.26,-1.51
1627742,Brandon Ingram,34.3,4.6,5.2,0.878,0.6,4.3,4.9,4.9,2.5,0.7,0.6,0.9,2.0,23.8,0.7,0.659,6.07,11.89,0.51,0.341,2.34,6.15,0.381,4.31,9.33,0.462,6.25,1.31,0.05,0.28,0.74,0.2,-0.07
1628968,Brian Bowen II,2.5,0.2,0.2,1.0,0.0,0.5,0.5,0.0,0.0,0.0,0.0,0.0,0.2,0.5,0.5,0.75,0.17,0.5,0.333,0.25,0.0,0.17,0.0,1.0,1.0,1.0,0.17,0.0,0.0,0.0,0.0,0.17,0.25
1630271,Brodric Thomas,12.5,1.0,1.4,0.674,0.3,1.4,1.7,0.9,0.7,0.5,0.3,0.2,1.3,3.9,-1.5,0.454,0.72,1.53,0.469,0.546,0.5,1.84,0.271,2.8,6.64,0.422,3.34,0.94,0.0,0.13,0.41,0.13,-0.23
201572,Brook Lopez,27.2,1.7,2.0,0.845,1.5,3.5,5.0,0.7,0.9,0.6,1.5,0.3,2.1,12.3,4.5,0.561,3.24,5.13,0.632,0.439,1.36,4.01,0.338,7.51,16.44,0.457,16.96,1.09,0.0,2.1,0.57,2.66,2.98
1628971,Bruce Brown,22.3,1.3,1.8,0.735,1.7,3.7,5.4,1.6,0.8,0.9,0.4,0.6,2.2,8.8,1.1,0.861,3.35,5.6,0.599,0.139,0.26,0.91,0.288,4.43,9.32,0.475,4.77,1.77,0.02,0.66,0.65,0.69,0.56
203998,Bruno Caboclo,6.1,0.2,0.3,0.5,0.5,1.8,2.3,0.2,0.7,0.0,0.3,0.2,1.0,2.8,0.0,0.706,1.33,2.0,0.667,0.294,0.0,0.83,0.0,1.2,3.2,0.375,2.0,0.17,0.0,0.0,0.33,0.33,0.75
1628981,Bruno Fernando,6.8,0.5,0.7,0.682,0.5,1.9,2.4,0.3,0.6,0.1,0.1,0.2,0.7,1.5,-0.7,0.955,0.55,1.27,0.429,0.045,0.0,0.06,0.0,1.54,3.86,0.398,2.15,0.27,0.0,1.0,0.18,0.94,-1.0
1627854,Bryn Forbes,19.3,0.7,0.9,0.77,0.2,1.4,1.6,0.6,0.6,0.3,0.0,0.3,1.1,10.0,1.4,0.355,1.37,2.69,0.511,0.645,2.2,4.87,0.452,2.83,5.6,0.505,2.01,0.56,0.0,0.3,0.27,0.3,-1.99
1627741,Buddy Hield,34.3,1.2,1.5,0.846,0.4,4.3,4.7,3.6,1.8,0.9,0.4,0.5,2.5,16.6,-0.8,0.273,1.7,3.82,0.446,0.727,3.97,10.15,0.391,6.35,12.68,0.501,6.3,1.7,0.01,0.46,0.61,0.44,1.08
1629604,CJ Elleby,6.4,0.4,0.5,0.733,0.4,0.7,1.1,0.3,0.2,0.2,0.1,0.1,0.9,2.3,-0.5,0.485,0.6,1.07,0.563,0.515,0.23,1.13,0.206,1.0,2.86,0.35,1.33,0.4,0.03,0.0,0.13,0.07,0.11
203468,CJ McCollum,34.0,2.3,2.8,0.812,0.6,3.3,3.9,4.7,1.4,0.9,0.4,0.6,1.9,23.1,4.4,0.525,5.02,9.87,0.509,0.475,3.6,8.94,0.402,5.47,11.85,0.461,6.28,1.26,0.02,0.15,0.91,0.19,2.93
1628997,Caleb Martin,15.4,0.8,1.2,0.641,0.6,2.1,2.7,1.3,0.6,0.7,0.2,0.3,1.2,5.0,-1.9,0.512,1.23,2.47,0.496,0.488,0.58,2.36,0.248,3.12,6.52,0.479,3.11,1.15,0.23,0.11,0.64,0.47,-0.33
1629629,Cam Reddish,28.9,2.6,3.2,0.817,0.8,3.2,4.0,1.3,1.3,1.3,0.3,0.8,2.6,11.2,-1.9,0.521,2.42,5.27,0.46,0.479,1.27,4.85,0.262,5.46,10.88,0.502,5.77,2.58,0.0,0.04,1.15,0.42,-1.65
1629661,Cameron Johnson,24.0,0.8,1.0,0.847,0.6,2.8,3.3,1.4,0.7,0.6,0.3,0.3,1.4,9.6,2.9,0.305,1.42,2.43,0.582,0.695,1.95,5.55,0.351,3.67,7.68,0.477,4.8,1.08,0.08,0.27,0.5,0.88,1.24
1628419,Cameron Oliver,21.8,0.3,1.0,0.25,1.3,4.0,5.3,1.3,0.8,0.5,1.0,0.5,2.8,10.8,-2.8,0.606,3.75,5.0,0.75,0.394,1.0,3.25,0.308,7.0,11.25,0.622,7.75,0.75,0.0,2.75,0.5,0.5,0.01
1626166,Cameron Payne,18.0,0.8,0.9,0.893,0.3,2.1,2.4,3.6,1.0,0.6,0.3,0.3,1.6,8.4,3.0,0.581,1.97,3.82,0.515,0.419,1.22,2.75,0.442,2.83,5.98,0.474,3.57,1.3,0.13,0.1,0.38,0.35,1.44
1629244,Cameron Reynolds,8.1,0.0,0.0,0.0,0.4,0.6,1.0,0.4,0.0,0.0,0.0,0.0,0.4,3.0,-5.2,0.333,0.6,1.2,0.5,0.667,0.6,2.4,0.25,1.67,5.0,0.333,1.6,0.2,0.0,0.2,0.0,0.4,-0.35
1627747,Caris LeVert,31.6,3.1,3.8,0.811,0.7,3.9,4.6,5.2,2.2,1.4,0.6,0.8,2.2,20.2,-0.1,0.683,5.85,11.83,0.495,0.317,1.79,5.49,0.326,4.85,10.59,0.458,5.04,2.28,0.06,0.11,0.94,0.47,1.17
2546,Carmelo Anthony,24.5,2.0,2.2,0.89,0.5,2.6,3.1,1.5,0.9,0.7,0.6,0.3,2.1,13.4,-0.3,0.582,2.81,6.55,0.429,0.418,1.93,4.71,0.409,3.26,7.3,0.446,4.39,1.0,0.0,0.88,0.3,0.91,-1.17
1629035,Carsen Edwards,8.9,0.4,0.4,0.846,0.1,0.7,0.8,0.5,0.2,0.2,0.0,0.2,0.8,4.0,-0.8,0.432,0.94,1.55,0.604,0.568,0.58,2.03,0.286,1.48,2.96,0.5,1.1,0.39,0.0,0.03,0.19,0.13,-1.94
1630199,Cassius Stanley,3.9,0.3,0.4,0.778,0.3,0.5,0.8,0.0,0.0,0.0,0.1,0.4,0.6,1.5,0.8,0.698,0.42,1.25,0.333,0.302,0.13,0.54,0.231,0.83,1.92,0.435,0.67,0.17,0.0,0.0,0.08,0.08,0.04
1630216,Cassius Winston,4.5,0.2,0.3,0.833,0.0,0.4,0.4,0.5,0.2,0.1,0.0,0.0,0.4,1.9,-2.2,0.485,0.27,0.73,0.375,0.515,0.36,0.77,0.471,1.17,2.33,0.5,0.55,0.23,0.0,0.0,0.09,0.05,-0.98
1626224,Cedi Osman,25.6,1.3,1.6,0.8,0.6,2.8,3.4,2.9,1.4,0.9,0.2,0.6,2.0,10.4,-5.5,0.45,2.02,4.39,0.459,0.55,1.59,5.36,0.297,3.17,6.6,0.48,3.59,1.25,0.1,0.27,0.41,0.34,-3.19
1628990,Chandler Hutchison,13.8,0.8,1.0,0.84,0.2,2.9,3.1,0.7,0.8,0.5,0.2,0.3,1.3,4.3,-2.3,0.786,1.24,3.24,0.383,0.214,0.32,0.88,0.364,2.68,5.4,0.496,2.36,0.92,0.04,0.32,0.12,0.2,-2.51
1629718,Charlie Brown Jr.,16.9,1.0,1.1,0.9,0.3,1.6,1.9,1.0,0.7,0.4,0.2,0.2,2.1,4.4,-4.8,0.462,0.78,2.0,0.389,0.538,0.56,2.33,0.238,2.11,4.11,0.514,3.0,1.44,0.11,0.0,0.11,0.22,-0.12
1626184,Chasson Randle,20.4,0.9,1.2,0.792,0.2,1.8,2.0,1.8,1.1,0.5,0.1,0.3,1.6,6.5,-6.5,0.451,1.17,2.61,0.449,0.549,1.07,3.17,0.338,3.82,8.08,0.473,2.98,1.24,0.05,0.12,0.29,0.2,-3.09
1629002,Chimezie Metu,13.6,0.9,1.2,0.721,0.9,2.3,3.1,0.8,0.8,0.4,0.5,0.3,1.6,6.3,-1.6,0.793,2.17,3.94,0.549,0.207,0.36,1.03,0.351,4.09,7.73,0.529,5.44,0.97,0.03,1.53,0.33,0.69,-1.16
1628449,Chris Boucher,24.2,2.5,3.2,0.788,2.0,4.8,6.7,1.1,0.8,0.6,1.9,0.7,2.8,13.6,1.6,0.58,3.3,5.42,0.609,0.42,1.5,3.92,0.383,5.75,13.03,0.441,11.82,1.07,0.03,2.15,0.5,1.18,1.59
1629185,Chris Chiozza,10.6,0.6,0.8,0.765,0.1,1.0,1.1,3.0,0.7,0.3,0.3,0.4,0.9,4.0,0.9,0.528,0.82,2.14,0.383,0.472,0.59,1.91,0.31,1.74,4.53,0.384,1.59,0.55,0.0,0.36,0.27,0.05,2.4
101108,Chris Paul,31.4,2.4,2.6,0.934,0.4,4.1,4.5,8.9,2.2,1.4,0.3,0.1,2.4,16.4,4.4,0.708,4.76,8.8,0.541,0.292,1.44,3.63,0.398,4.26,8.14,0.523,2.39,2.5,0.04,0.33,1.11,0.43,5.43
1629735,Chris Silva,6.2,0.7,1.0,0.733,0.5,1.3,1.8,0.4,0.7,0.1,0.4,0.2,1.6,2.1,-0.1,0.938,0.6,1.0,0.6,0.063,0.07,0.07,1.0,1.45,3.64,0.4,2.07,0.33,0.07,1.13,0.33,0.67,-1.05
1626174,Christian Wood,32.3,3.0,4.8,0.631,1.9,7.8,9.6,1.7,2.0,0.8,1.2,0.7,2.1,21.0,-2.4,0.678,6.15,10.59,0.581,0.322,1.88,5.02,0.374,8.15,17.29,0.471,11.2,1.2,0.02,1.93,0.78,1.39,1.7
1629643,Chuma Okeke,25.2,0.7,0.9,0.75,0.9,3.1,4.0,2.2,0.8,1.1,0.5,0.3,1.1,7.8,-4.0,0.565,1.91,4.07,0.47,0.435,1.09,3.13,0.348,4.58,9.6,0.477,5.36,2.2,0.07,0.4,0.62,0.8,0.38
203991,Clint Capela,30.1,2.1,3.6,0.573,4.7,9.6,14.3,0.8,1.2,0.7,2.0,0.8,2.3,15.2,4.0,1.0,6.56,11.03,0.594,0.0,0.0,0.0,,7.24,15.02,0.482,10.81,1.43,0.02,4.17,0.9,3.21,3.78
1629632,Coby White,31.2,1.9,2.1,0.901,0.4,3.7,4.1,4.8,2.3,0.6,0.2,0.9,2.6,15.1,-1.6,0.497,3.07,6.49,0.473,0.503,2.36,6.58,0.359,5.43,10.87,0.5,6.33,1.09,0.07,0.3,0.94,0.23,-0.87
1628998,Cody Martin,16.3,0.5,0.8,0.581,1.0,2.1,3.1,1.7,0.8,0.7,0.2,0.3,1.0,4.0,-0.1,0.691,1.29,2.5,0.515,0.309,0.31,1.12,0.276,3.1,6.96,0.446,3.12,1.46,0.15,0.27,0.5,0.52,1.79
203469,Cody Zeller,20.9,1.8,2.5,0.714,2.5,4.4,6.8,1.8,1.1,0.6,0.4,0.6,2.5,9.4,0.9,0.914,3.69,6.17,0.598,0.086,0.08,0.58,0.143,5.02,10.52,0.477,7.27,1.44,0.15,2.67,0.58,1.98,-0.37
1630175,Cole Anthony,27.1,2.3,2.8,0.832,0.8,3.9,4.7,4.1,2.3,0.6,0.4,1.0,2.1,12.9,-6.9,0.688,3.43,8.09,0.424,0.312,1.23,3.66,0.337,4.91,10.04,0.489,4.55,1.19,0.13,0.17,0.74,0.13,-2.07
1629012,Collin Sexton,35.3,5.2,6.4,0.815,1.0,2.2,3.1,4.4,2.8,1.0,0.2,1.6,2.6,24.3,-6.3,0.761,7.05,13.8,0.511,0.239,1.6,4.33,0.369,4.98,10.15,0.491,4.18,1.78,0.03,0.27,1.12,0.2,-3.59
202709,Cory Joseph,23.0,1.1,1.4,0.818,0.6,2.0,2.5,3.4,1.3,1.0,0.3,0.4,2.2,8.2,-3.1,0.69,2.46,4.67,0.527,0.31,0.71,2.1,0.341,4.0,8.44,0.474,4.43,1.37,0.05,0.24,0.84,0.79,0.95
1626245,Cristiano Felicio,4.6,0.5,0.9,0.563,0.6,0.9,1.4,0.5,0.2,0.2,0.0,0.1,0.6,1.3,1.2,0.846,0.39,0.61,0.636,0.154,0.0,0.11,0.0,1.13,2.33,0.486,1.33,0.28,0.0,1.06,0.17,0.5,-1.53
1626156,D'Angelo Russell,28.5,2.7,3.5,0.765,0.4,2.3,2.6,5.8,2.7,1.1,0.4,0.4,1.6,19.0,-4.6,0.525,3.83,8.14,0.471,0.475,2.86,7.38,0.387,4.5,9.29,0.485,4.31,1.83,0.07,0.26,0.69,0.24,-1.24
201571,D.J. Augustin,19.8,1.5,1.6,0.904,0.4,1.3,1.6,3.3,1.1,0.5,0.0,0.5,1.0,7.7,-0.7,0.37,0.91,2.23,0.409,0.63,1.46,3.79,0.384,2.59,5.39,0.48,1.49,0.63,0.07,0.07,0.4,0.26,1.04
1628391,D.J. Wilson,12.4,0.5,0.7,0.68,0.6,2.6,3.2,0.7,0.6,0.3,0.5,0.3,1.3,5.2,-3.0,0.482,1.09,2.31,0.469,0.518,0.86,2.49,0.345,2.8,6.43,0.436,4.86,0.74,0.06,0.66,0.2,0.97,-1.55
1629610,DaQuan Jeffries,15.9,0.2,0.3,0.875,0.6,1.7,2.3,0.7,0.5,0.5,0.3,0.3,1.5,4.1,-1.8,0.442,0.97,1.71,0.566,0.558,0.65,2.16,0.299,2.83,6.31,0.448,3.97,1.06,0.03,0.06,0.52,0.71,0.01
1629751,Dakota Mathias,15.4,0.3,0.8,0.333,0.1,0.8,0.9,1.6,0.1,0.1,0.4,0.0,0.9,6.0,-3.9,0.458,1.38,2.75,0.5,0.542,1.0,3.25,0.308,4.0,8.43,0.475,5.13,0.38,0.13,0.13,0.0,0.25,-0.72
1627745,Damian Jones,14.0,1.1,1.5,0.724,0.9,2.2,3.1,0.7,0.7,0.3,0.7,0.2,2.0,4.7,-1.7,0.951,1.77,2.51,0.704,0.049,0.03,0.13,0.2,3.67,7.11,0.516,4.79,0.69,0.0,2.56,0.21,1.1,-2.88
203081,Damian Lillard,35.8,6.7,7.2,0.928,0.5,3.7,4.2,7.5,3.0,0.9,0.3,1.0,1.5,28.8,3.0,0.472,4.88,9.4,0.519,0.528,4.1,10.51,0.391,4.54,10.15,0.447,4.01,1.69,0.13,0.25,0.99,0.1,4.56
1627814,Damion Lee,18.9,0.7,0.8,0.909,0.4,2.8,3.2,1.3,0.5,0.7,0.1,0.1,1.6,6.5,0.7,0.293,0.89,1.4,0.638,0.707,1.35,3.39,0.399,3.14,6.61,0.475,3.23,1.07,0.04,0.14,0.35,0.58,0.66
1628422,Damyean Dotson,19.7,0.5,0.8,0.667,0.1,1.9,2.0,2.0,0.9,0.3,0.1,0.3,0.9,6.7,-4.7,0.46,1.59,2.91,0.545,0.54,1.0,3.41,0.293,2.8,6.24,0.449,2.41,0.59,0.0,0.09,0.33,0.22,-1.76
1629655,Daniel Gafford,14.7,1.3,2.0,0.667,1.7,2.5,4.3,0.5,0.8,0.5,1.4,0.2,1.8,7.0,0.9,1.0,2.85,4.15,0.688,0.0,0.0,0.0,,3.96,8.11,0.488,6.98,0.98,0.13,2.22,0.43,1.85,0.85
1630187,Daniel Oturu,5.4,0.3,0.4,0.75,0.7,0.9,1.6,0.3,0.3,0.1,0.2,0.4,0.8,1.8,0.3,0.933,0.67,1.4,0.476,0.067,0.03,0.1,0.333,1.3,3.3,0.394,1.83,0.3,0.03,0.7,0.17,0.3,0.1
1628464,Daniel Theis,24.6,1.1,1.7,0.673,1.4,4.0,5.5,1.7,1.0,0.6,0.9,0.4,2.6,9.6,-0.5,0.674,3.12,4.83,0.646,0.326,0.75,2.34,0.322,5.86,12.46,0.47,9.2,1.54,0.08,2.97,0.37,2.42,1.26
201568,Danilo Gallinari,24.0,3.2,3.4,0.925,0.3,3.8,4.1,1.5,0.8,0.6,0.2,0.4,2.1,13.3,1.8,0.462,2.02,4.27,0.472,0.538,2.02,4.98,0.406,4.61,8.96,0.514,5.29,1.24,0.02,0.86,0.35,0.86,3.23
201980,Danny Green,28.0,0.4,0.6,0.775,0.8,3.0,3.8,1.7,1.0,1.3,0.8,0.2,1.8,9.5,4.5,0.207,0.71,1.64,0.434,0.793,2.54,6.26,0.405,5.83,12.8,0.455,7.38,2.51,0.01,0.29,0.65,0.52,4.49
203957,Dante Exum,19.4,0.2,0.3,0.5,0.3,2.5,2.8,2.2,1.2,0.7,0.3,0.0,1.5,3.8,1.0,0.577,1.33,2.5,0.533,0.423,0.33,1.83,0.182,4.2,8.8,0.477,3.83,1.0,0.0,0.33,0.67,0.17,-0.23
1627863,Danuel House Jr.,25.9,1.1,1.8,0.651,0.5,3.2,3.7,1.9,1.0,0.6,0.4,0.3,1.9,8.8,-6.2,0.426,1.56,3.22,0.483,0.574,1.5,4.33,0.346,3.72,8.06,0.462,4.86,1.25,0.0,0.44,0.5,0.83,0.82
203967,Dario Saric,17.4,1.7,2.0,0.848,0.9,2.9,3.8,1.3,1.1,0.6,0.1,0.6,1.9,8.7,4.4,0.605,2.12,4.14,0.512,0.395,0.94,2.7,0.348,3.68,7.48,0.492,5.92,1.12,0.1,2.52,0.32,2.0,1.2
1629647,Darius Bazley,31.2,2.3,3.2,0.702,0.9,6.3,7.2,1.8,2.2,0.5,0.5,1.0,1.1,13.7,-8.7,0.586,3.45,7.35,0.47,0.414,1.51,5.2,0.29,6.51,13.8,0.472,9.0,0.8,0.0,0.67,0.56,0.76,-2.72
1629636,Darius Garland,33.1,2.1,2.4,0.848,0.4,2.0,2.4,6.1,3.0,1.2,0.1,0.7,2.0,17.4,-4.4,0.664,4.67,9.74,0.479,0.336,1.94,4.93,0.395,5.36,10.77,0.497,4.8,1.91,0.07,0.19,0.76,0.3,-0.24
203121,Darius Miller,10.9,0.7,0.7,1.0,0.1,1.2,1.3,1.2,0.4,0.7,0.3,0.0,0.7,4.1,2.1,0.125,0.28,0.33,0.833,0.875,0.94,2.33,0.405,1.38,3.94,0.349,1.94,1.28,0.0,0.22,0.17,0.33,1.43
1628021,David Nwaba,22.6,1.6,2.3,0.691,1.3,2.6,3.9,1.0,0.6,1.0,0.7,0.9,2.0,9.2,-0.9,0.697,2.8,4.83,0.579,0.303,0.57,2.1,0.27,3.93,8.79,0.447,4.37,1.8,0.13,0.6,0.63,0.87,1.42
202722,Davis Bertans,25.7,1.8,2.0,0.87,0.3,2.6,2.9,0.9,0.6,0.6,0.2,0.1,2.4,11.5,1.9,0.105,0.42,0.88,0.48,0.895,2.96,7.51,0.395,4.0,8.8,0.454,5.51,1.32,0.05,0.56,0.46,1.14,2.71
1628368,De'Aaron Fox,35.1,5.2,7.2,0.719,0.6,2.9,3.5,7.2,3.0,1.5,0.5,1.1,2.9,25.2,-3.4,0.712,7.34,13.62,0.539,0.288,1.78,5.52,0.322,5.28,11.6,0.455,5.17,2.78,0.12,0.43,1.02,0.29,0.19
1629631,De'Andre Hunter,29.5,3.2,3.7,0.859,0.7,4.0,4.8,1.9,1.3,0.8,0.5,0.3,2.6,15.0,3.7,0.616,3.87,6.7,0.578,0.384,1.35,4.17,0.323,4.7,11.39,0.412,5.96,1.17,0.04,0.35,0.91,1.09,0.11
1629001,De'Anthony Melton,20.1,0.8,1.0,0.804,0.6,2.5,3.1,2.5,1.3,1.2,0.6,0.4,1.6,9.1,2.3,0.463,1.63,3.5,0.467,0.537,1.67,4.06,0.412,3.53,8.12,0.435,4.33,2.48,0.0,0.25,0.69,0.31,1.6
201599,DeAndre Jordan,21.9,0.8,1.6,0.5,2.1,5.4,7.5,1.6,1.5,0.3,1.1,0.1,2.0,7.5,-0.7,0.996,3.32,4.35,0.762,0.004,0.0,0.02,0.0,4.89,11.07,0.442,8.74,0.84,0.02,3.37,0.28,2.19,-1.22
1627761,DeAndre' Bembry,19.1,0.9,1.3,0.682,0.6,2.2,2.9,2.1,1.4,1.0,0.4,0.4,1.7,5.7,0.1,0.768,2.02,3.43,0.589,0.232,0.27,1.04,0.264,2.36,5.57,0.424,2.33,1.61,0.0,0.18,0.51,0.22,-0.73
201942,DeMar DeRozan,33.7,6.3,7.2,0.88,0.7,3.6,4.2,6.9,2.0,0.9,0.2,1.0,2.1,21.6,-1.7,0.919,7.13,13.82,0.516,0.081,0.31,1.21,0.257,3.57,7.33,0.488,2.85,1.61,0.02,0.23,0.82,0.79,-0.19
202326,DeMarcus Cousins,17.4,1.4,2.0,0.728,1.3,5.1,6.4,1.9,1.6,0.8,0.6,0.5,2.6,8.9,-1.5,0.551,2.0,3.93,0.509,0.449,1.12,3.2,0.351,4.0,8.22,0.487,5.85,1.56,0.24,1.85,0.44,2.0,-0.79
1629731,Dean Wade,19.2,0.5,0.6,0.769,0.6,2.8,3.4,1.2,0.5,0.6,0.3,0.1,1.2,6.0,-3.5,0.315,0.89,1.56,0.571,0.685,1.24,3.38,0.366,3.93,8.02,0.49,4.62,1.02,0.0,0.65,0.62,1.0,-1.47
1629028,Deandre Ayton,30.6,1.9,2.5,0.769,3.3,7.2,10.5,1.4,1.5,0.6,1.2,0.7,2.8,14.4,4.0,0.972,6.09,9.58,0.635,0.028,0.06,0.28,0.211,6.93,15.04,0.461,13.23,1.06,0.0,5.61,0.78,2.17,0.18
1629686,Deividas Sirvydis,6.7,0.2,0.3,0.5,0.0,1.5,1.5,0.3,0.3,0.1,0.0,0.1,0.5,2.1,-1.2,0.3,0.2,0.6,0.333,0.7,0.5,1.4,0.357,1.6,3.4,0.471,1.75,0.5,0.0,0.05,0.1,0.1,-0.41
1627749,Dejounte Murray,31.9,1.6,2.0,0.791,0.9,6.2,7.1,5.4,1.7,1.5,0.1,0.8,2.0,15.7,1.3,0.795,5.63,11.55,0.487,0.205,0.94,2.97,0.317,5.48,10.55,0.519,5.03,2.88,0.0,0.22,0.88,0.31,1.21
1626153,Delon Wright,27.7,1.6,2.0,0.802,1.0,3.2,4.3,4.4,1.3,1.6,0.5,0.6,1.2,10.2,-1.7,0.667,2.7,5.37,0.503,0.333,0.98,2.68,0.367,4.11,8.56,0.481,3.75,2.95,0.03,0.17,0.84,0.57,0.18
1630166,Deni Avdija,23.3,0.5,0.8,0.644,0.4,4.4,4.9,1.2,0.6,0.6,0.3,0.3,2.6,6.3,-1.5,0.462,1.43,2.67,0.535,0.538,0.98,3.11,0.315,4.89,10.41,0.47,6.44,1.26,0.04,0.19,0.37,0.52,-0.06
203471,Dennis Schroder,32.1,3.4,4.0,0.848,0.5,3.0,3.5,5.8,2.7,1.1,0.2,1.2,2.6,15.4,1.4,0.719,4.21,8.85,0.476,0.281,1.16,3.46,0.336,5.25,11.2,0.469,4.85,1.82,0.16,0.39,0.95,0.51,2.01
1628372,Dennis Smith Jr.,18.3,0.8,1.1,0.731,0.5,1.9,2.4,3.3,1.1,1.0,0.6,0.5,1.6,6.7,-0.8,0.593,1.7,3.74,0.453,0.407,0.83,2.57,0.322,3.26,7.96,0.41,4.22,2.26,0.0,0.26,0.39,0.26,-1.64
1627756,Denzel Valentine,16.7,0.3,0.3,0.941,0.4,2.8,3.2,1.7,0.7,0.5,0.1,0.2,1.1,6.5,0.7,0.418,1.21,2.81,0.431,0.582,1.29,3.9,0.331,2.23,4.9,0.456,2.84,0.77,0.0,0.13,0.42,0.37,0.68
202324,Derrick Favors,15.3,0.9,1.2,0.738,2.0,3.5,5.5,0.6,0.5,0.5,1.0,0.2,2.1,5.4,0.5,0.992,2.28,3.54,0.643,0.008,0.0,0.03,0.0,4.96,10.22,0.485,8.31,0.81,0.03,2.38,0.49,2.1,1.23
1627884,Derrick Jones Jr.,22.7,1.0,1.6,0.648,1.3,2.2,3.5,0.8,0.6,0.6,0.9,0.3,2.2,6.8,-1.1,0.553,1.79,2.9,0.619,0.447,0.74,2.34,0.316,3.91,9.07,0.432,5.26,1.48,0.0,0.76,0.78,0.43,-0.62
201565,Derrick Rose,25.6,2.2,2.5,0.866,0.4,2.2,2.6,4.2,1.6,1.0,0.4,0.6,1.1,14.7,2.7,0.786,4.7,9.5,0.495,0.214,1.0,2.58,0.388,3.39,8.1,0.418,3.58,1.46,0.04,0.08,0.72,0.06,1.54
1628401,Derrick White,29.5,2.7,3.2,0.851,0.4,2.6,3.0,3.5,1.3,0.7,1.0,0.8,2.5,15.4,2.6,0.465,2.83,5.83,0.486,0.535,2.33,6.72,0.347,5.75,12.56,0.458,7.5,1.94,0.39,0.44,0.56,0.22,3.34
1630217,Desmond Bane,22.3,0.6,0.7,0.816,0.5,2.6,3.1,1.7,0.9,0.6,0.2,0.5,1.8,9.2,0.2,0.457,1.72,3.35,0.513,0.543,1.72,3.99,0.432,2.93,6.65,0.44,4.16,1.29,0.0,0.18,0.5,0.35,-0.02
1626164,Devin Booker,33.9,5.1,5.9,0.867,0.5,3.7,4.2,4.3,3.1,0.8,0.2,0.7,2.7,25.6,4.9,0.712,7.33,13.54,0.541,0.288,1.85,5.46,0.339,4.82,10.64,0.453,5.34,1.1,0.01,0.33,0.69,0.9,2.37
1629962,Devin Cannady,9.3,0.8,0.9,0.857,0.0,0.6,0.6,0.1,0.3,0.6,0.1,0.0,1.1,4.3,-2.9,0.429,0.63,1.5,0.417,0.571,0.75,2.0,0.375,1.67,3.67,0.455,1.63,0.75,0.0,0.13,0.25,0.25,-0.15
1630170,Devin Vassell,17.0,0.7,0.8,0.843,0.4,2.4,2.8,0.9,0.4,0.7,0.3,0.1,1.4,5.5,-1.0,0.505,1.15,2.47,0.464,0.495,0.84,2.42,0.347,2.87,5.51,0.521,3.13,1.32,0.0,0.15,0.45,0.18,-0.77
1629653,Devon Dotson,4.6,0.0,0.0,0.0,0.2,0.3,0.5,0.6,0.0,0.4,0.0,0.2,0.3,2.1,2.9,0.667,0.91,1.27,0.714,0.333,0.09,0.64,0.143,1.17,2.83,0.412,1.0,0.73,0.0,0.0,0.27,0.09,0.65
1629719,Devontae Cacok,4.9,0.3,0.6,0.455,0.6,1.0,1.6,0.1,0.3,0.3,0.2,0.2,0.4,2.0,2.1,1.0,0.85,1.45,0.586,0.0,0.0,0.0,,1.0,2.42,0.413,1.4,0.5,0.0,0.55,0.05,0.55,0.77
1628984,Devonte' Graham,30.2,2.4,2.9,0.842,0.4,2.3,2.7,5.4,1.5,0.9,0.1,0.4,1.4,14.8,1.8,0.287,1.33,3.49,0.38,0.713,3.24,8.65,0.374,3.55,8.62,0.411,3.13,1.82,0.16,0.13,0.71,0.55,0.51
203473,Dewayne Dedmon,13.2,1.3,1.7,0.741,1.8,3.6,5.4,0.8,0.8,0.6,0.4,0.2,2.3,7.1,4.3,0.923,2.81,3.75,0.75,0.077,0.06,0.31,0.2,2.94,5.5,0.534,4.0,0.88,0.06,1.69,0.25,1.69,-1.14
1629712,Didi Louzada,18.8,0.0,0.0,0.0,0.3,0.7,1.0,1.0,1.0,0.7,0.0,0.3,1.7,2.7,-3.7,0.385,0.33,1.67,0.2,0.615,0.67,2.67,0.25,4.0,8.33,0.48,1.67,1.0,0.0,0.0,0.67,0.33,-0.12
1628415,Dillon Brooks,29.8,2.4,2.9,0.815,0.8,2.1,2.9,2.3,1.8,1.2,0.4,0.6,3.5,17.2,2.3,0.639,4.54,9.84,0.461,0.361,1.91,5.55,0.344,5.07,10.99,0.462,5.73,2.76,0.03,0.33,0.67,0.64,2.0
1627734,Domantas Sabonis,36.0,3.9,5.3,0.732,2.4,9.5,12.0,6.7,3.4,1.2,0.5,0.9,3.3,20.3,-1.5,0.821,6.97,11.97,0.582,0.179,0.84,2.61,0.321,7.7,15.85,0.486,10.56,2.26,0.03,6.5,1.05,2.26,1.69
1628378,Donovan Mitchell,33.4,5.0,6.0,0.845,0.9,3.5,4.4,5.2,2.8,1.0,0.3,0.9,2.2,26.4,5.4,0.578,5.66,11.89,0.476,0.422,3.36,8.68,0.387,4.42,8.94,0.494,3.28,1.75,0.04,0.21,1.25,0.81,-0.11
1629743,Donta Hall,13.8,1.8,2.6,0.676,1.8,2.9,4.8,0.8,0.6,0.4,0.8,0.2,1.4,5.6,-1.5,1.0,1.92,2.69,0.714,0.0,0.0,0.0,,3.23,7.46,0.433,5.08,0.69,0.15,2.08,0.23,0.31,-0.02
1628978,Donte DiVincenzo,27.5,0.8,1.1,0.718,1.2,4.5,5.8,3.1,1.4,1.1,0.2,0.5,1.7,10.4,4.6,0.426,1.85,3.89,0.475,0.574,1.98,5.24,0.379,4.08,9.05,0.451,4.91,2.17,0.05,0.41,1.03,0.2,2.04
1627827,Dorian Finney-Smith,32.0,0.5,0.7,0.756,1.6,3.8,5.4,1.7,0.8,0.9,0.4,0.4,2.3,9.8,3.3,0.353,1.68,2.73,0.616,0.647,1.97,5.02,0.392,4.97,11.15,0.445,6.27,1.68,0.02,0.97,0.75,1.23,2.34
203926,Doug McDermott,24.5,1.2,1.5,0.816,0.9,2.4,3.3,1.3,0.8,0.3,0.1,0.7,1.8,13.6,-0.7,0.57,3.68,5.74,0.641,0.43,1.68,4.33,0.388,3.67,7.59,0.483,3.76,0.44,0.03,0.14,0.39,0.71,0.77
203110,Draymond Green,31.5,1.1,1.4,0.795,0.9,6.2,7.1,8.9,3.0,1.7,0.8,0.2,3.1,7.0,3.8,0.668,2.16,4.03,0.535,0.332,0.54,2.0,0.27,5.59,13.05,0.428,9.98,2.87,0.27,3.05,0.73,2.65,3.4
1629234,Drew Eubanks,14.0,1.4,2.0,0.726,1.4,3.1,4.5,0.8,0.8,0.3,0.9,0.4,1.6,5.8,-1.8,0.99,2.11,3.76,0.562,0.01,0.04,0.04,1.0,3.4,7.36,0.462,5.61,0.8,0.0,2.5,0.31,1.56,-2.0
1629130,Duncan Robinson,31.4,0.9,1.0,0.827,0.1,3.4,3.5,1.8,1.1,0.6,0.3,0.3,2.5,13.1,1.6,0.145,0.9,1.44,0.625,0.855,3.47,8.51,0.408,4.97,10.26,0.484,5.92,1.17,0.18,1.08,0.57,1.03,3.61
1628407,Dwayne Bacon,25.7,2.0,2.4,0.824,0.4,2.7,3.1,1.3,0.6,0.6,0.1,0.5,1.4,10.9,-6.2,0.715,3.24,7.19,0.45,0.285,0.82,2.86,0.286,4.35,9.13,0.476,4.25,0.97,0.0,0.08,0.61,0.21,-2.67
2730,Dwight Howard,17.3,1.8,3.0,0.576,2.8,5.7,8.4,0.9,1.6,0.4,0.9,0.4,2.9,7.0,-1.0,0.934,2.51,4.1,0.611,0.066,0.07,0.29,0.25,3.28,6.77,0.484,4.52,1.09,0.0,3.07,0.26,2.42,-1.03
203939,Dwight Powell,16.6,1.7,2.1,0.782,1.4,2.7,4.0,1.1,0.7,0.6,0.5,0.3,2.3,5.9,1.3,0.891,1.98,2.97,0.669,0.109,0.09,0.36,0.238,3.56,7.6,0.469,6.45,1.09,0.0,3.29,0.5,1.95,2.3
1629685,Dylan Windler,16.5,0.7,0.9,0.778,0.6,2.8,3.5,1.1,1.0,0.6,0.4,0.2,1.2,5.2,-2.0,0.395,0.94,1.65,0.569,0.605,0.84,2.52,0.333,3.07,5.93,0.517,3.23,1.23,0.0,0.06,0.74,0.52,0.51
202734,E'Twaun Moore,14.4,0.4,0.5,0.857,0.5,1.1,1.7,1.5,0.9,0.6,0.2,0.4,1.2,4.9,0.3,0.711,1.63,3.19,0.512,0.289,0.41,1.3,0.314,2.23,5.31,0.42,2.74,0.89,0.0,0.15,0.48,0.3,-0.53
202334,Ed Davis,13.0,0.4,0.5,0.833,2.0,3.0,5.0,0.9,0.3,0.6,0.6,0.3,2.4,2.1,-2.0,1.0,0.83,1.91,0.432,0.0,0.0,0.0,,3.86,7.09,0.545,3.83,0.78,0.0,2.74,0.43,2.52,0.63
1628410,Edmond Sumner,16.2,1.3,1.6,0.819,0.3,1.4,1.8,0.9,1.0,0.6,0.2,0.3,1.7,7.5,-0.6,0.689,2.13,3.68,0.579,0.311,0.66,1.66,0.398,2.51,5.13,0.49,2.08,1.25,0.0,0.06,0.51,0.19,-1.62
203901,Elfrid Payton,23.6,1.2,1.7,0.682,1.0,2.4,3.4,3.2,1.6,0.7,0.1,1.2,1.8,10.1,-1.6,0.842,3.79,8.22,0.461,0.158,0.44,1.54,0.289,4.0,8.9,0.449,4.11,1.65,0.0,0.1,0.68,0.14,-0.48
1629091,Elijah Bryant,31.6,3.0,3.0,1.0,2.0,4.0,6.0,3.0,4.0,0.0,1.0,0.0,4.0,16.0,11.0,0.615,5.0,8.0,0.625,0.385,1.0,5.0,0.2,7.0,9.0,0.778,5.0,0.0,0.0,0.0,1.0,1.0,0.24
1630190,Elijah Hughes,3.5,0.2,0.2,0.75,0.1,0.4,0.5,0.3,0.3,0.1,0.1,0.1,0.1,1.7,-2.1,0.207,0.11,0.33,0.333,0.793,0.44,1.28,0.348,0.33,1.56,0.214,0.56,0.11,0.06,0.0,0.0,0.06,-0.78
202683,Enes Kanter,24.4,1.8,2.3,0.774,3.9,7.1,11.0,1.2,1.1,0.5,0.7,0.9,2.3,11.2,2.2,0.993,4.69,7.74,0.607,0.007,0.01,0.06,0.25,6.51,12.11,0.538,6.33,0.69,0.0,4.07,0.5,3.51,1.69
202339,Eric Bledsoe,29.7,1.9,2.7,0.687,0.4,3.0,3.4,3.8,1.6,0.8,0.3,0.4,1.6,12.2,-0.9,0.515,2.62,5.3,0.495,0.485,1.7,4.99,0.342,5.13,10.87,0.472,5.97,1.44,0.15,0.24,0.69,0.34,2.19
201569,Eric Gordon,29.2,3.5,4.2,0.825,0.3,1.9,2.1,2.6,1.9,0.5,0.5,0.7,1.6,17.8,-2.5,0.423,3.26,5.59,0.583,0.577,2.52,7.63,0.33,2.96,7.41,0.4,3.26,1.19,0.0,0.26,0.56,0.59,0.94
1629672,Eric Paschall,17.4,1.7,2.4,0.713,0.7,2.5,3.2,1.3,1.1,0.3,0.2,0.6,1.7,9.5,-2.8,0.818,3.2,5.98,0.536,0.182,0.45,1.33,0.34,2.79,6.59,0.424,5.25,0.65,0.0,1.53,0.38,1.3,-3.32
101141,Ersan Ilyasova,8.7,0.3,0.3,1.0,0.4,1.3,1.7,0.2,0.5,0.6,0.2,0.2,1.7,3.8,0.9,0.241,0.18,0.76,0.231,0.759,1.06,2.41,0.439,2.24,4.88,0.458,2.65,0.88,0.12,0.35,0.24,0.47,0.96
203095,Evan Fournier,30.0,2.6,3.3,0.788,0.2,2.8,3.0,3.4,1.7,1.1,0.5,0.7,2.3,17.1,-0.8,0.477,3.1,6.14,0.504,0.523,2.79,6.74,0.413,5.43,11.14,0.487,5.26,1.98,0.0,0.24,0.6,0.64,1.12
1630267,Facundo Campazzo,21.9,1.2,1.4,0.879,0.3,1.7,2.1,3.6,1.1,1.2,0.2,0.1,2.0,6.1,1.2,0.314,0.68,1.52,0.444,0.686,1.17,3.32,0.352,3.32,7.67,0.433,3.0,2.71,0.11,0.15,0.83,0.25,0.07
1628402,Frank Jackson,18.5,1.5,1.9,0.813,0.4,1.8,2.2,0.9,0.9,0.4,0.0,0.4,1.3,9.8,-0.3,0.488,1.83,3.58,0.51,0.512,1.53,3.75,0.407,2.44,6.06,0.403,3.23,0.5,0.0,0.0,0.65,0.2,-0.7
1626163,Frank Kaminsky,15.2,0.8,1.3,0.617,0.8,3.2,4.0,1.7,0.5,0.3,0.4,0.4,1.5,6.6,1.2,0.68,1.91,3.66,0.523,0.32,0.62,1.72,0.358,4.02,8.02,0.501,6.23,0.74,0.02,1.91,0.19,1.32,0.56
1628412,Frank Mason,19.8,1.3,1.8,0.714,0.8,2.3,3.0,3.0,1.3,0.0,0.0,1.3,1.8,6.3,-4.8,0.792,1.75,4.75,0.368,0.208,0.5,1.25,0.4,3.5,7.0,0.5,4.0,0.25,0.0,0.25,0.75,0.5,-2.3
1628373,Frank Ntilikina,9.8,0.2,0.5,0.444,0.2,0.8,0.9,0.6,0.3,0.5,0.1,0.1,1.4,2.7,-1.0,0.392,0.18,0.94,0.194,0.608,0.7,1.45,0.479,2.16,3.88,0.557,1.61,0.97,0.06,0.06,0.15,0.09,-0.38
1627832,Fred VanVleet,36.5,3.3,3.7,0.885,0.6,3.6,4.2,6.3,1.8,1.7,0.7,1.1,2.3,19.6,2.7,0.453,3.15,7.58,0.416,0.547,3.35,9.15,0.366,5.48,12.42,0.441,5.9,3.83,0.02,0.6,1.13,1.29,2.4
1630273,Freddie Gillespie,19.6,1.2,1.7,0.697,2.1,2.8,4.9,0.5,0.6,0.7,1.0,0.4,2.2,5.6,-3.9,1.0,2.2,4.2,0.524,0.0,0.0,0.0,,4.6,9.55,0.482,7.35,1.3,0.1,2.2,0.9,1.4,-0.94
1627788,Furkan Korkmaz,19.3,1.1,1.5,0.732,0.3,1.7,2.1,1.5,0.8,0.9,0.2,0.2,1.2,9.1,2.6,0.366,1.25,2.82,0.445,0.634,1.84,4.89,0.375,2.51,5.49,0.457,2.76,1.11,0.05,0.24,0.42,0.09,1.2
1629216,Gabe Vincent,13.1,0.4,0.5,0.87,0.2,0.9,1.1,1.3,0.7,0.4,0.0,0.3,1.6,4.8,-1.5,0.361,0.84,1.68,0.5,0.639,0.92,2.98,0.309,2.56,5.63,0.455,2.36,1.16,0.24,0.24,0.34,0.32,-0.85
1630466,Gabriel Deck,21.2,1.8,2.2,0.818,1.6,2.4,4.0,2.4,0.6,0.8,0.0,0.2,0.9,8.4,-5.1,0.769,2.8,5.0,0.56,0.231,0.2,1.5,0.133,3.8,7.2,0.528,3.4,0.8,0.1,0.7,0.3,0.2,-0.47
202066,Garrett Temple,27.3,0.7,0.9,0.8,0.5,2.3,2.9,2.2,1.0,0.8,0.5,0.2,2.3,7.6,0.9,0.475,1.63,3.23,0.503,0.525,1.2,3.57,0.335,4.5,10.66,0.422,5.57,2.02,0.07,0.32,0.71,0.23,1.06
1629726,Garrison Mathews,16.2,1.3,1.5,0.884,0.3,1.1,1.4,0.4,0.2,0.5,0.1,0.1,1.7,5.5,-2.1,0.165,0.33,0.61,0.538,0.835,1.19,3.09,0.384,2.87,5.7,0.503,2.59,0.84,0.2,0.06,0.27,0.36,-0.03
1629109,Gary Clark,16.8,0.2,0.3,0.8,0.8,2.1,2.9,0.8,0.4,0.3,0.2,0.1,0.9,3.1,-2.8,0.182,0.23,0.62,0.375,0.818,0.79,2.77,0.287,3.35,6.84,0.49,3.49,0.85,0.03,0.49,0.36,0.85,-1.55
203914,Gary Harris,27.7,1.6,2.0,0.821,0.5,1.5,2.0,2.0,0.9,0.7,0.3,0.6,1.8,9.9,-2.1,0.588,2.23,5.08,0.439,0.412,1.23,3.56,0.345,3.85,8.64,0.445,3.46,2.31,0.05,0.31,0.79,0.13,0.27
1627780,Gary Payton II,4.0,0.3,0.4,0.75,0.2,0.9,1.1,0.1,0.1,0.6,0.1,0.0,0.8,2.5,0.1,0.692,0.8,0.9,0.889,0.308,0.2,0.4,0.5,1.0,2.8,0.357,0.8,0.9,0.0,0.1,0.3,0.1,-2.12
1629018,Gary Trent Jr.,31.1,1.4,1.8,0.783,0.5,2.2,2.6,1.4,0.7,1.0,0.2,0.4,1.6,15.3,-1.0,0.454,2.67,6.14,0.435,0.546,2.84,7.4,0.385,3.57,7.69,0.464,3.57,2.05,0.0,0.22,0.59,0.28,-1.38
201588,George Hill,22.4,1.3,1.7,0.8,0.5,1.5,2.0,2.4,1.0,0.8,0.2,0.4,1.0,8.7,-0.3,0.594,2.13,3.9,0.547,0.406,1.03,2.67,0.388,3.27,7.33,0.445,3.5,1.33,0.07,0.2,0.7,0.7,4.05
1627777,Georges Niang,16.0,0.3,0.3,0.957,0.4,2.1,2.4,0.8,0.7,0.3,0.1,0.1,1.6,6.9,4.9,0.277,0.74,1.56,0.473,0.723,1.72,4.06,0.425,2.07,5.09,0.407,2.9,0.61,0.0,0.36,0.33,0.61,0.13
203507,Giannis Antetokounmpo,33.0,6.5,9.5,0.685,1.6,9.4,11.0,5.9,3.4,1.2,1.2,0.9,2.8,28.1,6.7,0.799,9.16,14.41,0.636,0.201,1.1,3.62,0.303,4.8,11.25,0.427,8.62,2.03,0.03,2.79,1.13,0.98,6.41
203922,Glenn Robinson III,16.1,0.9,1.0,0.913,0.5,1.5,2.0,0.9,0.5,0.2,0.1,0.3,1.0,5.3,-5.7,0.556,1.13,2.39,0.473,0.444,0.7,1.91,0.364,3.0,6.0,0.5,3.96,0.7,0.0,0.04,0.35,0.74,-3.09
1629048,Goga Bitadze,12.5,1.0,1.4,0.738,1.3,2.0,3.3,0.8,0.4,0.2,1.3,0.3,2.1,5.1,-0.4,0.593,1.4,2.56,0.548,0.407,0.44,1.76,0.253,3.49,7.63,0.457,6.49,0.6,0.0,1.96,0.24,1.67,-0.69
201609,Goran Dragic,26.7,2.0,2.4,0.828,0.5,2.9,3.4,4.4,2.4,0.7,0.2,0.5,2.3,13.4,0.8,0.56,2.98,6.2,0.481,0.44,1.82,4.88,0.373,3.33,7.27,0.458,3.52,1.42,0.1,0.32,0.68,0.36,1.73
202330,Gordon Hayward,34.0,3.5,4.2,0.843,0.8,5.0,5.9,4.1,2.1,1.2,0.3,0.6,1.7,19.6,0.4,0.688,5.14,10.3,0.499,0.312,1.93,4.66,0.415,4.34,9.36,0.464,5.73,1.95,0.02,0.32,0.89,0.86,4.21
203476,Gorgui Dieng,14.5,1.5,1.8,0.866,1.1,2.6,3.7,1.3,0.8,0.7,0.4,0.2,1.5,6.8,-1.8,0.568,1.45,2.42,0.598,0.432,0.79,1.84,0.429,3.97,7.0,0.568,5.26,1.5,0.08,2.11,0.42,1.29,-1.1
1630203,Grant Riller,3.9,0.0,0.0,0.0,0.0,0.1,0.1,0.4,0.1,0.1,0.0,0.0,0.0,2.6,-0.6,0.667,0.86,1.14,0.75,0.333,0.29,0.57,0.5,0.5,1.0,0.5,0.29,0.14,0.0,0.14,0.14,0.0,-0.17
1629684,Grant Williams,18.1,0.5,0.8,0.588,0.8,2.1,2.8,1.0,0.9,0.5,0.4,0.2,2.6,4.7,-0.8,0.48,0.95,1.89,0.504,0.52,0.76,2.05,0.372,3.19,7.16,0.446,4.92,0.81,0.08,1.03,0.4,1.35,0.01
1628960,Grayson Allen,25.2,1.6,1.8,0.868,0.4,2.8,3.2,2.2,1.0,0.9,0.2,0.4,1.4,10.6,0.2,0.338,1.32,2.8,0.471,0.662,2.14,5.48,0.391,3.72,8.18,0.455,4.02,1.04,0.06,0.26,0.48,0.16,-1.86
1628977,Hamidou Diallo,23.6,2.5,3.8,0.64,1.1,4.1,5.2,1.9,1.5,0.8,0.5,0.6,2.6,11.6,-3.7,0.826,3.77,7.46,0.505,0.174,0.54,1.58,0.341,2.96,7.21,0.411,4.19,1.5,0.04,0.1,0.67,0.33,-1.47
203084,Harrison Barnes,36.2,3.4,4.1,0.83,1.1,5.5,6.6,3.5,1.6,0.7,0.2,0.4,1.3,16.1,-1.0,0.601,3.78,6.66,0.567,0.399,1.72,4.41,0.391,5.41,11.1,0.488,6.86,1.41,0.03,0.83,0.79,1.71,0.77
1628385,Harry Giles III,9.2,0.4,0.7,0.593,0.8,2.7,3.5,0.8,0.5,0.2,0.3,0.2,1.4,2.8,-2.1,0.763,0.89,1.95,0.459,0.237,0.21,0.61,0.348,2.39,5.56,0.43,3.58,0.45,0.0,1.24,0.16,0.66,-2.06
202355,Hassan Whiteside,15.2,1.1,2.2,0.519,1.7,4.3,6.0,0.6,1.1,0.3,1.3,0.5,2.0,8.1,-2.9,0.996,3.5,6.19,0.565,0.004,0.0,0.03,0.0,4.14,8.89,0.466,7.19,0.42,0.03,1.92,0.53,1.86,1.67
1627740,Henry Ellenson,19.2,1.5,2.0,0.75,1.5,4.5,6.0,2.5,0.0,0.0,0.0,0.5,3.5,7.5,3.5,0.357,1.5,2.5,0.6,0.643,1.0,4.5,0.222,4.0,9.0,0.444,7.0,0.0,0.5,4.5,0.5,2.5,0.59
1629649,Ignas Brazdeikis,19.1,0.8,1.1,0.714,0.8,2.6,3.5,1.3,0.9,0.3,0.2,0.7,1.7,7.0,-2.1,0.663,1.85,4.23,0.436,0.337,0.85,2.15,0.393,3.4,8.0,0.425,4.0,0.77,0.0,0.08,0.62,0.77,0.13
202697,Iman Shumpert,5.5,0.0,0.0,0.0,0.5,0.0,0.5,0.0,0.5,0.5,0.0,0.0,0.0,1.0,-0.5,0.25,0.5,0.5,1.0,0.75,0.0,1.5,0.0,0.5,2.0,0.25,0.5,0.5,0.0,0.0,0.0,0.0,-1.31
1630193,Immanuel Quickley,19.4,2.4,2.7,0.891,0.4,1.8,2.1,2.0,0.9,0.5,0.2,0.4,1.8,11.4,2.8,0.48,1.73,4.33,0.401,0.52,1.83,4.69,0.39,2.7,5.81,0.465,3.5,0.97,0.02,0.09,0.44,0.33,2.56
1629067,Isaac Bonga,10.8,0.1,0.2,0.625,0.5,1.2,1.7,0.6,0.6,0.3,0.2,0.0,1.6,2.0,-0.9,0.42,0.43,0.85,0.5,0.58,0.33,1.18,0.277,2.35,5.16,0.455,2.7,0.68,0.05,0.2,0.35,0.38,1.42
1630171,Isaac Okoro,32.4,1.7,2.3,0.726,1.0,2.1,3.1,1.9,1.3,0.9,0.4,0.8,2.8,9.6,-6.1,0.616,2.55,5.06,0.504,0.384,0.91,3.15,0.289,6.29,12.32,0.51,6.75,1.64,0.09,0.15,0.82,0.87,-0.79
1628392,Isaiah Hartenstein,12.1,1.0,1.5,0.648,1.4,2.5,3.9,1.2,1.0,0.4,0.8,0.3,2.3,5.1,0.0,0.965,2.0,3.59,0.558,0.035,0.04,0.13,0.333,2.77,6.61,0.419,4.87,0.74,0.04,2.15,0.39,1.72,1.2
1630198,Isaiah Joe,9.3,0.4,0.6,0.75,0.1,0.7,0.9,0.5,0.3,0.3,0.1,0.0,0.8,3.7,0.0,0.203,0.22,0.66,0.333,0.797,0.95,2.59,0.368,1.87,4.19,0.446,1.68,0.46,0.07,0.07,0.2,0.1,-0.18
1629676,Isaiah Roby,23.4,1.4,1.9,0.744,1.5,4.1,5.6,1.8,1.9,0.9,0.6,0.6,2.7,8.7,-7.2,0.745,2.84,5.18,0.547,0.255,0.52,1.77,0.296,5.0,9.41,0.531,7.02,1.93,0.05,2.2,0.85,1.43,-2.21
1630191,Isaiah Stewart,21.4,0.9,1.4,0.696,2.3,4.3,6.7,0.9,1.0,0.6,1.3,0.4,2.7,7.9,-0.9,0.844,2.97,5.03,0.591,0.156,0.31,0.93,0.333,5.97,12.75,0.468,10.66,0.88,0.01,2.88,0.31,2.66,1.32
202738,Isaiah Thomas,16.1,0.7,0.7,1.0,0.3,1.0,1.3,1.7,2.0,0.3,0.0,0.3,1.0,7.7,2.7,0.556,2.0,5.0,0.4,0.444,1.0,4.0,0.25,1.5,5.0,0.3,0.67,0.33,0.0,0.0,0.33,0.0,-2.08
202397,Ish Smith,21.0,0.4,0.8,0.576,0.5,2.9,3.4,3.9,0.9,0.7,0.3,0.2,1.4,6.7,1.2,0.835,2.52,5.64,0.448,0.165,0.41,1.11,0.367,3.16,7.19,0.44,2.66,1.16,0.25,0.11,0.8,0.2,0.88
1627826,Ivica Zubac,22.3,1.9,2.4,0.789,2.6,4.6,7.2,1.3,1.1,0.3,0.9,0.7,2.6,9.0,2.5,0.99,3.56,5.42,0.656,0.01,0.01,0.06,0.25,5.27,12.07,0.437,9.36,0.47,0.0,3.88,0.5,2.89,1.42
200755,JJ Redick,16.4,1.1,1.2,0.942,0.1,1.4,1.5,1.2,0.8,0.3,0.1,0.2,1.1,7.4,0.0,0.333,0.91,2.02,0.449,0.667,1.5,4.05,0.371,1.77,3.81,0.463,1.41,0.32,0.18,0.39,0.25,0.34,0.91
1629630,Ja Morant,32.6,4.3,5.9,0.728,0.9,3.1,4.0,7.4,3.2,0.9,0.2,1.1,1.4,19.1,1.7,0.748,5.67,11.37,0.499,0.252,1.16,3.83,0.303,4.79,9.68,0.495,3.67,1.27,0.03,0.35,0.68,0.52,1.86
203960,JaKarr Sampson,10.9,0.7,1.0,0.655,0.9,1.7,2.7,0.1,0.5,0.1,0.5,0.2,1.8,4.6,0.1,0.867,1.83,3.38,0.541,0.133,0.1,0.52,0.2,2.54,6.11,0.415,4.62,0.34,0.03,0.97,0.1,0.69,0.47
203210,JaMychal Green,19.3,0.8,1.0,0.807,1.5,3.3,4.8,0.9,0.9,0.4,0.4,0.5,2.5,8.1,1.7,0.47,1.62,3.02,0.537,0.53,1.36,3.4,0.401,2.77,6.0,0.462,3.76,0.78,0.02,0.88,0.38,1.45,-0.58
201580,JaVale McGee,14.7,1.0,1.5,0.657,1.7,3.5,5.2,0.8,1.3,0.4,1.2,0.3,2.6,7.3,-1.9,0.917,2.96,5.5,0.538,0.083,0.11,0.5,0.217,3.11,7.09,0.439,4.98,1.28,0.02,1.93,0.48,1.26,-0.95
203953,Jabari Parker,12.7,0.8,1.0,0.769,0.8,2.5,3.2,0.8,0.8,0.1,0.4,0.0,1.0,5.5,-1.1,0.8,2.15,3.38,0.636,0.2,0.15,0.85,0.182,2.25,5.0,0.45,3.0,0.46,0.15,0.92,0.0,0.62,0.32
1630183,Jaden McDaniels,24.0,0.4,0.7,0.6,0.8,2.9,3.7,1.1,0.7,0.6,1.0,0.2,2.7,6.8,-1.6,0.46,1.46,2.68,0.544,0.54,1.14,3.14,0.364,4.75,10.2,0.466,7.49,1.22,0.0,0.37,0.48,0.57,-0.26
203109,Jae Crowder,27.5,1.0,1.3,0.76,0.5,4.2,4.7,2.1,0.9,0.8,0.5,0.2,2.1,10.1,3.6,0.229,0.85,1.87,0.455,0.771,2.45,6.28,0.39,3.85,9.4,0.41,5.72,1.48,0.13,0.78,0.57,0.58,0.55
1630256,Jae'Sean Tate,29.2,1.5,2.1,0.694,1.9,3.5,5.3,2.5,1.4,1.2,0.5,0.7,3.2,11.3,-2.7,0.69,3.63,6.11,0.593,0.31,0.84,2.74,0.307,4.93,10.55,0.467,6.6,2.16,0.2,1.39,1.06,2.27,-0.18
1626143,Jahlil Okafor,12.9,0.6,0.9,0.708,0.9,1.6,2.4,0.5,0.8,0.2,0.2,0.5,1.4,5.4,-3.1,0.911,2.26,3.41,0.663,0.089,0.07,0.33,0.222,4.04,7.46,0.541,5.7,0.37,0.07,1.48,0.41,1.48,-2.05
1630186,Jahmi'us Ramsey,7.3,0.4,0.4,1.0,0.2,0.6,0.8,0.5,0.2,0.3,0.1,0.1,0.6,3.1,0.2,0.5,0.77,1.46,0.526,0.5,0.38,1.46,0.263,1.7,3.5,0.486,1.38,0.38,0.0,0.0,0.08,0.23,0.34
1627774,Jake Layman,13.9,0.6,0.8,0.703,0.3,1.2,1.5,0.6,0.6,0.6,0.4,0.4,1.0,5.1,-1.8,0.576,1.51,2.36,0.642,0.424,0.51,1.73,0.295,2.32,4.52,0.513,2.76,0.91,0.04,0.16,0.4,0.62,-0.73
1627751,Jakob Poeltl,26.7,0.9,1.8,0.508,3.2,4.8,7.9,1.9,1.2,0.7,1.8,0.4,2.5,8.6,1.6,1.0,3.84,6.25,0.615,0.0,0.0,0.0,,7.14,16.17,0.442,14.45,1.29,0.04,5.55,0.61,2.38,2.15
1628973,Jalen Brunson,25.0,1.8,2.2,0.795,0.4,3.0,3.4,3.5,1.2,0.5,0.0,0.3,1.6,12.6,2.4,0.681,3.63,6.28,0.578,0.319,1.19,2.94,0.405,3.45,7.4,0.466,3.41,1.04,0.16,0.44,0.38,0.21,1.29
1630223,Jalen Harris,13.2,0.5,0.7,0.778,0.2,1.2,1.4,1.3,1.1,0.6,0.0,0.5,1.2,7.4,-0.1,0.5,1.46,2.77,0.528,0.5,1.31,2.77,0.472,2.17,4.67,0.464,2.23,0.77,0.0,0.0,0.31,0.46,0.7
1629665,Jalen Lecque,3.0,0.8,0.8,1.0,0.5,0.8,1.3,0.5,0.0,0.0,0.0,0.3,0.0,1.3,-1.0,0.889,0.25,2.0,0.125,0.111,0.0,0.25,0.0,0.75,1.75,0.429,0.75,0.25,0.0,0.0,0.25,0.0,-0.19
1629667,Jalen McDaniels,19.2,1.0,1.4,0.703,1.0,2.6,3.6,1.1,1.0,0.6,0.4,0.5,2.0,7.4,-3.8,0.629,2.09,3.79,0.551,0.371,0.74,2.23,0.333,4.35,8.74,0.497,5.62,1.3,0.06,0.17,0.49,0.57,-1.49
1630188,Jalen Smith,5.8,0.2,0.3,0.714,0.3,1.1,1.4,0.1,0.3,0.0,0.1,0.0,0.6,2.0,-0.6,0.66,0.67,1.22,0.545,0.34,0.15,0.63,0.235,1.89,3.79,0.5,1.78,0.11,0.0,0.33,0.07,0.52,-0.24
1627750,Jamal Murray,35.5,2.8,3.2,0.869,0.8,3.3,4.0,4.8,2.3,1.3,0.3,0.5,2.0,21.2,6.3,0.599,5.13,9.79,0.523,0.401,2.69,6.56,0.41,4.65,10.83,0.429,5.65,2.27,0.08,1.27,1.04,0.27,3.43
203516,James Ennis III,24.1,1.7,2.1,0.805,1.0,3.0,4.0,1.5,0.9,0.8,0.2,0.5,2.0,8.4,-1.8,0.572,1.71,3.39,0.504,0.428,1.1,2.54,0.433,3.56,7.88,0.452,4.17,1.76,0.1,0.24,0.54,0.34,-0.58
201935,James Harden,36.6,6.3,7.3,0.861,0.8,7.1,7.9,10.8,4.0,1.2,0.8,1.1,2.3,24.6,2.3,0.544,5.02,9.09,0.553,0.456,2.75,7.61,0.361,5.07,11.11,0.456,4.05,2.5,0.02,0.52,0.68,1.14,5.0
201949,James Johnson,20.5,0.9,1.5,0.592,0.6,2.8,3.5,1.9,1.1,0.8,0.8,0.3,2.4,7.2,-2.5,0.633,2.25,4.06,0.556,0.367,0.61,2.35,0.258,3.68,8.12,0.453,5.53,1.37,0.0,0.8,0.37,0.94,-2.46
203263,James Nunnally,5.3,0.1,0.2,0.5,0.2,0.8,1.0,0.3,0.2,0.0,0.0,0.0,0.1,1.7,-0.4,0.077,0.11,0.11,1.0,0.923,0.44,1.33,0.333,1.33,1.83,0.727,0.22,0.11,0.0,0.0,0.11,0.11,-0.57
1630164,James Wiseman,21.4,1.4,2.2,0.628,1.4,4.4,5.8,0.7,1.5,0.3,0.9,0.5,3.1,11.5,-4.7,0.895,4.46,8.28,0.539,0.105,0.31,0.97,0.316,4.74,10.21,0.465,8.64,0.23,0.03,2.41,0.56,1.77,-2.84
201162,Jared Dudley,6.7,0.0,0.0,0.0,0.3,1.4,1.8,0.4,0.2,0.1,0.1,0.1,0.6,0.5,0.2,0.333,0.0,0.25,0.0,0.667,0.17,0.5,0.333,1.4,3.0,0.467,1.83,0.75,0.0,0.25,0.17,0.42,0.68
1629607,Jared Harper,2.0,0.4,0.5,0.75,0.0,0.3,0.3,0.1,0.4,0.0,0.0,0.0,0.1,0.4,-0.6,0.75,0.0,0.38,0.0,0.25,0.0,0.13,0.0,0.33,1.67,0.2,0.5,0.0,0.0,0.0,0.0,0.0,-0.36
1628991,Jaren Jackson Jr.,23.5,3.2,3.8,0.833,1.5,4.1,5.6,1.1,1.4,1.1,1.6,0.6,3.8,14.4,-5.8,0.52,3.27,5.91,0.554,0.48,1.55,5.45,0.283,5.91,11.64,0.508,9.64,2.27,0.0,1.64,0.18,1.45,-2.57
1629020,Jarred Vanderbilt,17.8,0.9,1.6,0.559,1.8,3.9,5.8,1.2,0.8,1.0,0.7,0.5,1.9,5.4,-0.8,0.979,2.22,3.61,0.615,0.021,0.02,0.08,0.2,3.7,8.16,0.454,6.0,1.69,0.03,1.33,0.72,0.69,0.1
1629714,Jarrell Brantley,4.9,0.1,0.1,1.0,0.3,0.6,1.0,0.5,0.3,0.3,0.1,0.1,0.6,2.3,-0.9,0.462,0.46,0.86,0.542,0.538,0.43,1.0,0.429,1.15,2.5,0.46,0.93,0.36,0.0,0.11,0.14,0.14,-1.39
1628386,Jarrett Allen,29.6,3.2,4.6,0.703,3.1,6.9,10.0,1.7,1.6,0.5,1.4,0.6,1.5,12.8,-3.2,0.96,4.6,7.3,0.63,0.04,0.1,0.3,0.316,6.47,13.79,0.469,11.76,1.32,0.02,4.68,0.76,2.21,1.22
1629633,Jarrett Culver,14.7,0.9,1.4,0.604,1.0,2.1,3.1,0.7,0.8,0.5,0.3,0.5,1.7,5.3,-3.9,0.685,1.65,3.38,0.487,0.315,0.38,1.56,0.245,2.44,5.41,0.451,2.76,1.26,0.03,0.06,0.38,0.12,-0.44
1629750,Javonte Green,11.6,0.7,1.0,0.75,0.6,1.1,1.7,0.4,0.5,0.7,0.1,0.1,1.1,3.6,0.4,0.706,1.05,1.76,0.597,0.294,0.24,0.73,0.333,2.0,4.24,0.472,1.73,1.41,0.0,0.24,0.44,0.29,-0.17
1629637,Jaxson Hayes,16.1,1.6,2.0,0.775,1.5,2.8,4.3,0.6,0.7,0.4,0.6,0.3,1.7,7.5,-0.4,0.95,2.82,4.43,0.635,0.05,0.1,0.23,0.429,2.73,6.2,0.44,5.65,0.88,0.0,1.17,0.43,1.38,-0.55
1630206,Jay Scrubb,21.0,1.3,1.3,1.0,0.5,3.0,3.5,0.3,1.8,1.0,0.0,1.0,1.3,8.8,0.5,0.76,1.75,4.75,0.368,0.24,0.5,1.5,0.333,2.25,5.25,0.429,3.0,1.0,0.5,0.25,0.75,0.25,-0.09
1629121,Jaylen Adams,2.6,0.0,0.0,0.0,0.0,0.4,0.4,0.3,0.0,0.0,0.0,0.0,0.1,0.3,-1.7,0.75,0.14,0.86,0.167,0.25,0.0,0.29,0.0,0.67,1.67,0.4,0.29,0.0,0.0,0.0,0.0,0.14,-0.06
1627759,Jaylen Brown,34.5,3.3,4.3,0.764,1.2,4.8,6.0,3.4,2.7,1.2,0.6,1.1,2.9,24.7,1.2,0.631,6.47,12.07,0.536,0.369,2.81,7.07,0.398,4.76,10.88,0.437,5.19,2.12,0.0,0.21,1.05,0.67,0.27
1629658,Jaylen Hoard,16.8,1.5,2.2,0.683,1.1,2.3,3.4,1.3,0.9,0.7,0.3,0.7,1.0,6.1,-3.3,0.872,2.26,3.95,0.573,0.128,0.0,0.58,0.0,2.5,5.61,0.446,3.16,0.89,0.0,0.95,0.42,0.42,-0.13
1629669,Jaylen Nowell,18.1,1.1,1.3,0.818,0.5,1.8,2.3,1.5,0.7,0.5,0.3,0.4,1.7,9.0,-2.4,0.552,2.19,4.4,0.497,0.448,1.19,3.57,0.333,3.37,6.83,0.493,3.88,0.93,0.0,0.17,0.45,0.14,-1.23
1628369,Jayson Tatum,35.8,4.6,5.3,0.868,0.8,6.6,7.4,4.3,2.7,1.2,0.5,1.0,1.9,26.4,2.5,0.632,6.53,13.03,0.501,0.368,2.92,7.58,0.386,4.02,8.56,0.469,4.16,2.19,0.0,0.33,0.98,0.34,4.97
201145,Jeff Green,27.0,1.8,2.4,0.776,0.5,3.4,3.9,1.6,0.8,0.5,0.4,0.3,1.8,11.0,1.7,0.528,2.32,4.12,0.564,0.472,1.51,3.68,0.412,5.16,11.01,0.469,6.9,1.13,0.07,1.72,0.37,1.16,-0.42
201952,Jeff Teague,17.3,1.6,1.9,0.848,0.3,1.3,1.6,2.4,1.2,0.6,0.2,0.3,1.0,6.7,1.0,0.71,1.58,3.65,0.433,0.29,0.65,1.49,0.439,2.8,6.13,0.456,2.56,1.2,0.0,0.22,0.44,0.13,-0.63
203924,Jerami Grant,33.9,5.4,6.4,0.845,0.6,4.0,4.6,2.8,2.0,0.6,1.1,1.1,2.3,22.3,-2.2,0.649,5.28,11.07,0.477,0.351,2.09,6.0,0.349,4.2,9.31,0.451,5.94,1.22,0.11,0.5,0.57,0.91,-0.06
1629725,Jeremiah Martin,8.4,0.1,0.6,0.2,0.2,0.6,0.8,0.4,0.7,0.6,0.2,0.6,0.1,2.4,-2.9,0.636,0.67,2.33,0.286,0.364,0.33,1.33,0.25,1.57,3.57,0.44,1.67,1.33,0.0,0.0,0.33,0.22,-0.82
203087,Jeremy Lamb,21.3,2.0,2.1,0.947,0.7,2.9,3.6,1.5,0.6,0.9,0.6,0.3,2.0,10.1,-0.4,0.536,1.89,4.11,0.459,0.464,1.44,3.56,0.406,4.17,8.33,0.5,3.92,1.47,0.06,0.22,0.42,0.44,0.77
1629010,Jerome Robinson,17.9,0.9,1.2,0.8,0.2,2.0,2.2,1.5,1.1,0.7,0.4,0.3,1.8,4.9,-5.9,0.558,1.0,3.12,0.321,0.442,0.65,2.47,0.262,3.44,7.13,0.482,3.53,1.24,0.06,0.0,0.59,0.47,-1.67
1628975,Jevon Carter,11.9,0.1,0.1,0.571,0.3,1.3,1.5,1.2,0.3,0.5,0.2,0.1,0.9,4.1,0.5,0.326,0.63,1.2,0.528,0.674,0.92,2.48,0.369,1.57,3.46,0.454,1.5,1.17,0.0,0.1,0.28,0.18,-0.6
202710,Jimmy Butler,33.6,6.9,8.0,0.863,1.8,5.1,6.9,7.1,2.1,2.1,0.3,0.8,1.4,21.5,3.8,0.862,6.56,12.21,0.537,0.138,0.48,1.96,0.245,4.44,10.19,0.436,4.21,3.5,0.12,0.71,1.19,1.65,4.18
203925,Joe Harris,31.0,0.7,0.9,0.778,0.6,3.0,3.6,1.9,0.9,0.7,0.2,0.4,2.0,14.1,5.1,0.371,2.12,3.8,0.557,0.629,3.06,6.43,0.475,5.24,10.66,0.491,6.78,1.19,0.04,0.51,0.77,1.1,2.59
204060,Joe Ingles,27.9,1.1,1.3,0.844,0.4,3.2,3.6,4.7,1.7,0.7,0.2,0.2,1.8,12.1,6.8,0.278,1.37,2.33,0.59,0.722,2.73,6.06,0.451,2.99,7.3,0.409,3.0,1.24,0.01,0.4,0.48,0.73,3.76
203954,Joel Embiid,31.1,9.2,10.7,0.859,2.2,8.4,10.6,2.8,3.1,1.0,1.4,0.9,2.4,28.5,7.9,0.828,7.9,14.61,0.541,0.172,1.14,3.04,0.374,6.9,14.69,0.47,8.94,1.61,0.08,2.84,1.0,2.63,4.79
1628381,John Collins,29.3,2.7,3.2,0.833,1.9,5.5,7.4,1.2,1.3,0.5,1.0,0.8,3.1,17.6,2.9,0.73,5.49,8.94,0.615,0.27,1.32,3.3,0.399,6.32,13.21,0.478,10.32,1.27,0.17,2.06,0.52,2.3,3.01
1629723,John Konchar,13.4,0.6,0.7,0.833,0.8,2.2,3.0,1.1,0.4,0.7,0.2,0.3,0.9,4.3,0.4,0.594,1.12,1.91,0.585,0.406,0.49,1.3,0.375,2.12,4.88,0.435,2.23,1.3,0.02,0.16,0.37,0.21,1.25
202322,John Wall,32.2,4.0,5.3,0.749,0.4,2.8,3.2,6.9,3.5,1.1,0.8,1.1,1.2,20.6,-4.2,0.657,5.35,11.9,0.45,0.343,1.98,6.23,0.317,4.28,9.28,0.461,4.5,2.1,0.03,0.0,0.93,0.25,-1.49
202685,Jonas Valanciunas,28.3,2.5,3.3,0.773,4.1,8.4,12.5,1.8,1.6,0.6,0.9,0.9,2.9,17.1,2.2,0.923,6.76,11.05,0.612,0.077,0.34,0.92,0.368,6.5,12.92,0.503,10.89,0.94,0.02,4.37,0.79,3.89,2.2
1629007,Jontay Porter,4.9,0.3,0.5,0.6,0.4,0.9,1.3,0.1,0.6,0.3,0.1,0.0,1.1,2.0,0.1,0.467,0.45,0.64,0.714,0.533,0.27,0.73,0.375,2.0,4.5,0.444,1.73,0.36,0.0,0.55,0.09,0.09,0.01
1628395,Jordan Bell,13.6,0.2,0.3,0.5,1.2,2.8,4.0,1.2,0.7,0.5,0.8,0.5,1.2,2.5,-5.3,0.909,1.17,3.33,0.35,0.091,0.0,0.33,0.0,3.2,6.8,0.471,5.33,1.17,0.17,1.67,0.5,0.5,-1.85
1629648,Jordan Bone,14.0,0.0,0.0,0.0,0.3,1.4,1.7,1.3,0.2,0.1,0.0,0.0,0.8,4.0,-4.2,0.407,0.93,1.57,0.591,0.593,0.71,2.29,0.313,2.09,4.18,0.5,1.36,0.64,0.0,0.0,0.5,0.21,-1.12
203903,Jordan Clarkson,26.7,1.9,2.1,0.896,0.7,3.3,4.0,2.5,1.7,0.9,0.1,0.6,1.6,18.4,4.4,0.443,3.66,6.99,0.524,0.557,3.06,8.78,0.348,3.62,7.66,0.472,3.49,1.26,0.01,0.22,0.76,0.43,0.07
1629162,Jordan McLaughlin,18.4,0.5,0.6,0.767,0.4,1.7,2.1,3.8,1.0,1.0,0.1,0.5,0.9,5.0,-2.6,0.62,1.31,2.94,0.447,0.38,0.65,1.8,0.359,2.96,6.14,0.482,3.55,2.02,0.04,0.43,0.73,0.16,-0.91
1629670,Jordan Nwora,9.1,0.6,0.8,0.76,0.3,1.7,2.0,0.2,0.8,0.6,0.3,0.5,0.7,5.7,-0.1,0.541,1.13,2.43,0.466,0.459,0.93,2.07,0.452,1.7,4.0,0.424,2.13,0.63,0.03,0.0,0.2,0.07,-0.25
1629673,Jordan Poole,19.4,2.1,2.3,0.882,0.3,1.5,1.8,1.9,1.0,0.5,0.2,0.3,1.7,12.0,0.6,0.418,2.12,3.88,0.545,0.582,1.9,5.41,0.351,2.16,5.09,0.424,2.37,0.84,0.06,0.18,0.57,0.25,0.11
1630182,Josh Green,11.4,0.3,0.6,0.565,0.7,1.3,2.0,0.7,0.4,0.4,0.1,0.2,0.9,2.6,0.4,0.731,0.97,1.74,0.559,0.269,0.1,0.64,0.16,1.7,3.39,0.5,1.54,0.9,0.03,0.21,0.41,0.08,-0.09
1630221,Josh Hall,16.0,1.0,2.1,0.5,0.3,2.5,2.8,1.3,1.2,0.2,0.0,0.5,1.8,4.1,-4.8,0.624,1.14,2.76,0.414,0.376,0.19,1.67,0.114,2.75,5.4,0.509,3.19,0.33,0.0,0.1,0.29,0.19,-0.69
1628404,Josh Hart,28.7,1.5,1.9,0.775,1.1,6.9,8.0,2.3,1.0,0.8,0.3,0.5,2.4,9.2,0.0,0.439,1.87,3.21,0.583,0.561,1.34,4.11,0.326,6.32,12.91,0.489,7.98,1.34,0.06,0.23,0.96,0.6,0.1
1628367,Josh Jackson,25.2,2.6,3.5,0.729,0.9,3.2,4.1,2.3,2.3,0.9,0.8,1.1,2.9,13.4,-2.0,0.638,3.53,7.23,0.489,0.362,1.23,4.1,0.299,3.98,8.69,0.458,4.4,1.32,0.1,0.16,0.81,0.6,-1.6
1629006,Josh Okogie,20.3,1.4,1.8,0.769,1.1,1.6,2.6,1.1,0.7,0.9,0.5,0.4,2.1,5.4,-3.3,0.575,1.24,2.47,0.5,0.425,0.49,1.83,0.269,3.64,7.59,0.48,4.24,1.8,0.07,0.32,0.73,0.37,0.14
1626196,Josh Richardson,30.3,1.7,1.8,0.917,0.9,2.4,3.3,2.6,1.3,1.0,0.4,0.4,2.2,12.1,-0.8,0.568,2.98,5.95,0.501,0.432,1.49,4.53,0.33,3.73,8.51,0.438,4.07,2.03,0.02,0.22,0.83,0.37,0.49
201950,Jrue Holiday,32.3,1.8,2.3,0.787,1.2,3.3,4.5,6.1,2.2,1.6,0.6,0.7,1.7,17.7,6.4,0.655,5.14,9.15,0.561,0.345,1.88,4.81,0.391,5.8,12.22,0.474,6.64,3.15,0.03,0.25,1.25,0.63,3.86
1629308,Juan Toscano-Anderson,20.9,0.4,0.6,0.71,0.5,3.9,4.4,2.8,1.2,0.8,0.5,0.2,2.1,5.7,1.8,0.56,1.58,2.21,0.718,0.44,0.7,1.74,0.402,4.61,9.45,0.488,5.04,1.74,0.06,1.47,0.47,1.28,0.8
1627823,Juancho Hernangomez,17.3,1.2,1.9,0.619,0.9,3.1,3.9,0.7,0.5,0.4,0.1,0.4,1.0,7.2,-1.4,0.44,1.44,2.52,0.573,0.56,1.06,3.21,0.329,3.26,6.36,0.513,3.42,0.56,0.0,0.48,0.33,0.63,-0.18
203944,Julius Randle,37.6,4.9,6.0,0.811,1.2,9.0,10.2,6.0,3.4,0.9,0.3,1.0,3.2,24.1,2.2,0.705,6.21,13.1,0.474,0.295,2.25,5.48,0.411,6.01,13.32,0.451,7.58,1.32,0.03,2.45,1.06,1.87,1.38
203200,Justin Holiday,30.3,0.9,1.2,0.788,0.4,3.1,3.6,1.7,0.8,1.0,0.6,0.2,1.9,10.5,-0.6,0.274,1.18,2.38,0.497,0.726,2.4,6.29,0.382,4.44,10.49,0.424,6.1,2.17,0.03,0.43,0.58,0.72,-1.47
1628382,Justin Jackson,17.0,0.9,1.1,0.838,0.5,1.8,2.3,1.5,0.9,0.4,0.1,0.2,0.9,7.2,-1.2,0.471,1.56,3.06,0.51,0.529,1.06,3.44,0.308,2.79,5.85,0.477,3.18,0.65,0.0,0.18,0.38,0.32,-0.07
1629713,Justin James,8.6,0.6,1.0,0.583,0.3,0.6,0.8,0.6,0.4,0.2,0.1,0.3,0.6,3.9,-1.6,0.658,1.06,2.03,0.521,0.342,0.39,1.06,0.368,2.59,4.48,0.579,1.92,0.42,0.03,0.08,0.19,0.25,-0.91
1628383,Justin Patton,19.0,0.2,0.3,0.75,1.1,2.7,3.8,1.1,0.3,0.9,1.1,0.3,2.6,5.4,-6.2,0.514,1.54,2.77,0.556,0.486,0.69,2.62,0.265,4.92,9.08,0.542,6.92,1.54,0.0,1.62,0.38,1.77,-1.03
1629620,Justin Robinson,9.7,0.3,0.6,0.6,0.1,0.7,0.8,1.0,0.2,0.3,0.0,0.0,1.1,2.3,-5.0,0.333,0.33,0.78,0.429,0.667,0.44,1.56,0.286,1.75,3.13,0.56,1.11,0.56,0.22,0.11,0.0,0.22,-0.33
1626159,Justise Winslow,19.5,0.8,1.3,0.571,0.7,3.8,4.5,1.9,1.4,0.6,0.5,0.2,1.8,6.8,-3.0,0.743,2.46,6.0,0.41,0.257,0.38,2.08,0.185,3.65,7.92,0.461,4.23,0.92,0.08,0.46,0.27,0.42,2.25
203994,Jusuf Nurkic,23.8,1.9,3.1,0.619,2.3,6.6,9.0,3.4,2.0,1.0,1.1,0.8,2.8,11.5,3.4,0.91,4.3,8.19,0.525,0.09,0.32,0.81,0.4,5.54,11.97,0.463,8.54,2.11,0.03,4.59,0.65,2.81,3.41
1629752,Juwan Morgan,5.1,0.1,0.2,0.429,0.3,0.7,1.0,0.3,0.1,0.1,0.0,0.1,0.7,1.2,-3.7,0.567,0.34,0.59,0.588,0.433,0.14,0.45,0.308,1.38,3.19,0.433,1.59,0.34,0.0,0.55,0.1,0.41,-1.13
1629644,KZ Okpala,12.1,0.2,0.4,0.533,0.6,1.3,1.8,0.5,0.4,0.3,0.3,0.2,1.6,2.5,-1.8,0.479,0.65,1.24,0.522,0.521,0.32,1.35,0.24,2.56,6.25,0.41,3.41,1.05,0.0,0.19,0.32,0.62,-1.67
1630211,Karim Mane,8.8,0.4,0.5,0.8,0.1,1.3,1.4,0.4,0.3,0.0,0.2,0.7,1.0,1.1,-2.2,0.846,0.2,1.1,0.182,0.154,0.1,0.2,0.5,2.0,4.13,0.485,1.5,0.0,0.0,0.0,0.1,0.0,-0.36
1626157,Karl-Anthony Towns,33.8,5.3,6.2,0.859,2.7,7.9,10.6,4.5,3.2,0.8,1.1,1.0,3.7,24.8,0.2,0.64,6.06,11.2,0.541,0.36,2.44,6.3,0.387,6.96,13.71,0.507,10.52,1.34,0.06,3.42,1.06,2.32,2.97
202695,Kawhi Leonard,34.1,5.0,5.7,0.885,1.1,5.4,6.5,5.2,2.0,1.6,0.4,0.5,1.6,24.8,8.6,0.72,7.0,12.56,0.557,0.28,1.94,4.88,0.398,4.83,9.87,0.489,5.69,2.6,0.02,0.4,0.98,0.85,5.8
1628966,Keita Bates-Diop,8.2,0.5,0.7,0.667,0.3,1.3,1.6,0.4,0.2,0.4,0.2,0.3,0.4,2.6,-1.2,0.742,0.83,1.63,0.51,0.258,0.17,0.57,0.294,1.77,3.77,0.47,1.8,0.5,0.0,0.1,0.33,0.1,-2.63
1629103,Kelan Martin,9.2,0.3,0.3,0.9,0.5,1.7,2.2,0.5,0.5,0.3,0.3,0.2,1.0,4.5,2.7,0.565,1.09,2.23,0.487,0.435,0.69,1.71,0.4,1.81,3.96,0.456,1.89,0.71,0.0,0.29,0.11,0.17,1.53
1629640,Keldon Johnson,28.5,2.1,2.8,0.74,1.3,4.6,6.0,1.8,1.1,0.6,0.3,1.0,2.1,12.8,-2.5,0.743,4.03,7.59,0.531,0.257,0.87,2.62,0.331,4.86,10.14,0.479,6.06,1.04,0.0,0.46,0.7,0.7,-0.49
1629833,Keljin Blevins,4.4,0.0,0.0,0.0,0.2,0.4,0.6,0.2,0.3,0.1,0.0,0.2,0.5,0.7,-2.2,0.6,0.18,0.71,0.25,0.4,0.12,0.47,0.25,0.71,2.07,0.345,0.94,0.18,0.0,0.0,0.06,0.0,-0.39
203482,Kelly Olynyk,28.5,2.1,2.5,0.829,1.2,5.7,7.0,2.9,1.8,1.1,0.6,0.4,3.0,13.5,-1.4,0.473,3.0,4.7,0.638,0.527,1.8,5.24,0.343,6.44,12.8,0.503,8.34,2.16,0.23,1.41,0.83,1.51,0.96
1626162,Kelly Oubre Jr.,30.7,2.2,3.2,0.695,1.5,4.5,6.0,1.3,1.3,1.0,0.8,1.0,2.2,15.4,-3.5,0.606,4.13,7.91,0.522,0.394,1.64,5.15,0.318,4.67,10.73,0.436,5.45,2.73,0.05,0.27,0.58,0.36,-1.79
202689,Kemba Walker,31.8,3.1,3.5,0.899,0.4,3.6,4.0,4.9,2.0,1.1,0.3,1.1,1.4,19.3,2.2,0.478,3.65,7.51,0.486,0.522,2.95,8.21,0.36,5.77,11.49,0.502,4.79,2.14,0.51,0.42,0.67,0.42,2.99
1629134,Kendrick Nunn,29.5,1.0,1.1,0.933,0.4,2.8,3.2,2.6,1.4,0.9,0.3,0.6,1.9,14.6,-0.1,0.514,3.52,6.04,0.583,0.486,2.18,5.71,0.381,4.79,10.07,0.475,4.8,1.64,0.0,0.41,0.66,0.41,-0.8
1629026,Kenrich Williams,21.6,0.5,1.0,0.571,1.3,2.9,4.1,2.3,1.2,0.8,0.3,0.4,2.2,8.0,-2.7,0.715,2.53,4.45,0.568,0.285,0.79,1.77,0.444,3.74,7.61,0.492,4.41,1.77,0.11,0.24,0.65,0.77,0.46
203145,Kent Bazemore,19.9,0.8,1.2,0.692,0.4,3.0,3.4,1.6,1.2,1.0,0.5,0.2,2.4,7.2,2.5,0.527,1.49,3.06,0.488,0.473,1.12,2.75,0.408,3.31,7.54,0.439,4.1,2.13,0.07,0.43,0.64,0.52,-0.08
203484,Kentavious Caldwell-Pope,28.4,1.4,1.7,0.866,0.4,2.3,2.7,1.9,1.0,0.9,0.4,0.3,1.7,9.7,2.1,0.423,1.43,3.12,0.459,0.577,1.78,4.25,0.418,3.44,7.14,0.482,2.69,1.7,0.01,0.3,0.54,0.7,0.02
1630231,Kenyon Martin Jr.,23.7,1.3,1.9,0.714,1.6,3.8,5.4,1.1,0.8,0.7,0.9,0.6,2.0,9.3,-6.3,0.698,2.82,4.93,0.572,0.302,0.78,2.13,0.365,3.36,7.3,0.461,4.82,0.87,0.0,1.02,0.58,0.62,-2.58
201142,Kevin Durant,33.1,6.0,6.8,0.882,0.4,6.7,7.1,5.6,3.4,0.7,1.3,0.7,2.0,26.9,8.0,0.687,6.83,11.83,0.577,0.313,2.43,5.4,0.45,4.83,11.4,0.424,7.63,1.34,0.06,0.31,0.66,1.23,6.48
1628989,Kevin Huerter,30.8,0.7,0.9,0.781,0.6,2.8,3.3,3.5,1.1,1.2,0.3,0.4,2.4,11.9,1.0,0.472,2.55,5.0,0.51,0.528,2.03,5.59,0.363,4.26,9.91,0.43,5.0,2.32,0.01,0.3,0.61,0.42,-0.03
1628995,Kevin Knox II,11.1,0.4,0.5,0.8,0.2,1.2,1.5,0.5,0.4,0.3,0.1,0.1,0.9,3.9,-0.8,0.373,0.5,1.26,0.396,0.627,0.83,2.12,0.393,1.5,3.61,0.415,2.07,0.31,0.0,0.12,0.29,0.36,-4.61
201567,Kevin Love,24.9,1.7,2.0,0.824,0.7,6.8,7.4,2.5,1.5,0.6,0.1,0.5,1.0,12.2,-2.9,0.381,1.84,3.84,0.479,0.619,2.28,6.24,0.365,5.26,9.74,0.54,4.2,0.92,0.04,1.36,0.52,1.4,1.63
1629645,Kevin Porter Jr.,32.1,2.7,3.6,0.734,0.8,3.0,3.8,6.3,3.5,0.7,0.3,1.0,2.3,16.6,-8.6,0.561,4.08,7.92,0.515,0.439,1.92,6.19,0.311,5.88,10.85,0.543,4.62,1.46,0.04,0.12,1.04,0.19,-3.95
1626172,Kevon Looney,19.0,0.5,0.8,0.646,1.9,3.4,5.3,2.0,0.6,0.3,0.4,0.2,2.2,4.1,2.1,0.913,1.69,2.93,0.575,0.087,0.07,0.28,0.235,4.62,9.8,0.472,7.75,0.92,0.03,3.23,0.62,2.97,1.32
203920,Khem Birch,22.8,1.4,1.9,0.705,2.6,3.2,5.8,1.3,0.7,0.7,0.7,0.4,1.7,7.2,-1.9,0.863,2.63,4.9,0.537,0.137,0.19,0.78,0.25,4.79,10.3,0.465,6.87,1.37,0.1,3.21,0.75,2.06,-0.7
203114,Khris Middleton,33.4,3.1,3.5,0.898,0.8,5.2,6.0,5.4,2.6,1.1,0.1,0.8,2.4,20.4,4.3,0.66,5.29,10.43,0.508,0.34,2.22,5.37,0.414,5.28,11.29,0.467,5.85,2.24,0.01,0.51,0.72,0.91,2.32
1629017,Khyri Thomas,30.6,1.8,1.8,1.0,1.4,2.2,3.6,5.0,1.2,1.8,1.2,0.2,1.6,16.4,2.8,0.591,4.6,7.8,0.59,0.409,1.8,5.4,0.333,5.2,12.6,0.413,7.2,2.0,0.0,0.0,1.2,0.4,-0.6
1630165,Killian Hayes,25.8,0.5,0.7,0.824,0.2,2.4,2.7,5.3,3.2,1.0,0.4,0.5,2.2,6.8,-5.0,0.641,1.96,4.88,0.402,0.359,0.77,2.73,0.282,4.58,9.19,0.498,3.77,3.12,0.0,0.15,0.58,0.31,-1.79
1629681,Killian Tillie,10.1,0.5,0.6,0.818,0.3,1.0,1.3,0.4,0.1,0.3,0.4,0.2,1.1,3.2,2.2,0.421,0.5,1.33,0.375,0.579,0.56,1.83,0.303,1.71,4.71,0.364,2.83,0.28,0.0,0.11,0.22,0.5,0.72
1630184,Kira Lewis Jr.,16.7,0.8,0.9,0.843,0.2,1.1,1.3,2.3,0.6,0.7,0.2,0.5,1.6,6.4,0.4,0.644,1.67,4.02,0.415,0.356,0.74,2.22,0.333,2.7,5.84,0.462,3.35,1.15,0.11,0.13,0.44,0.11,0.68
1628961,Kostas Antetokounmpo,3.7,0.4,0.9,0.462,0.3,1.0,1.3,0.1,0.7,0.1,0.3,0.3,0.5,0.8,1.8,1.0,0.2,0.67,0.3,0.0,0.0,0.0,,0.82,2.27,0.36,1.53,0.27,0.0,0.2,0.47,0.27,0.64
1627739,Kris Dunn,11.4,0.8,1.0,0.75,0.0,1.5,1.5,0.5,0.8,0.5,0.5,0.5,2.5,1.3,-7.8,0.833,0.25,2.5,0.1,0.167,0.0,0.5,0.0,2.5,5.5,0.455,2.5,2.0,0.0,0.0,0.25,0.0,-0.25
204001,Kristaps Porzingis,30.9,2.7,3.2,0.855,1.9,7.0,8.9,1.6,1.2,0.5,1.3,0.7,2.7,20.1,0.2,0.622,5.3,9.88,0.536,0.378,2.26,6.0,0.376,7.35,14.86,0.495,11.28,0.98,0.02,2.95,0.7,2.09,1.63
203937,Kyle Anderson,27.4,2.1,2.7,0.783,0.8,5.0,5.7,3.6,1.2,1.2,0.8,0.5,1.7,12.4,0.7,0.603,3.1,5.75,0.539,0.397,1.36,3.78,0.36,4.55,10.28,0.443,7.28,2.33,0.0,0.67,0.48,0.58,-0.32
1629657,Kyle Guy,7.6,0.5,0.6,0.8,0.2,1.0,1.1,1.0,0.4,0.2,0.0,0.2,0.6,2.8,-0.5,0.477,0.52,1.35,0.381,0.523,0.42,1.48,0.283,1.5,2.82,0.532,1.06,0.13,0.03,0.13,0.26,0.19,-1.05
1628398,Kyle Kuzma,28.7,1.0,1.4,0.691,1.6,4.5,6.1,1.9,1.7,0.5,0.6,0.4,1.8,12.9,0.0,0.496,2.88,5.49,0.525,0.504,2.01,5.57,0.361,4.12,9.4,0.438,5.57,0.62,0.04,0.22,0.63,0.5,-0.22
200768,Kyle Lowry,34.8,3.0,3.5,0.875,0.8,4.6,5.4,7.3,2.7,1.0,0.3,0.5,3.1,17.2,-0.1,0.445,2.8,5.76,0.487,0.555,2.85,7.2,0.396,5.39,11.22,0.481,5.0,2.13,0.43,0.37,0.96,1.11,1.91
202681,Kyrie Irving,34.9,3.7,4.0,0.922,1.0,3.8,4.8,6.0,2.4,1.4,0.7,1.0,2.6,26.9,4.2,0.652,7.35,13.11,0.561,0.348,2.81,7.0,0.402,4.56,9.94,0.458,4.35,2.91,0.07,0.24,1.02,0.5,2.08
200746,LaMarcus Aldridge,25.9,1.6,1.8,0.872,0.7,3.8,4.5,1.9,1.0,0.4,1.1,0.3,1.8,13.5,-1.3,0.73,4.19,8.31,0.505,0.27,1.19,3.08,0.388,6.15,13.0,0.473,9.77,0.81,0.0,2.65,0.38,2.65,1.74
1630163,LaMelo Ball,28.8,2.5,3.2,0.758,1.2,4.7,5.9,6.1,2.8,1.6,0.4,0.6,2.7,15.7,-1.6,0.611,3.94,8.06,0.489,0.389,1.82,5.14,0.355,3.94,7.88,0.5,3.92,2.96,0.0,0.08,1.16,0.33,-0.59
1630205,Lamar Stevens,12.5,0.9,1.3,0.725,0.6,1.8,2.4,0.6,0.6,0.4,0.3,0.3,1.3,4.1,-2.9,0.816,1.45,2.78,0.523,0.184,0.1,0.63,0.16,2.24,4.82,0.464,3.1,0.73,0.03,0.2,0.3,0.58,-0.62
1629013,Landry Shamet,23.0,1.1,1.3,0.846,0.2,1.7,1.8,1.6,0.8,0.5,0.2,0.4,1.5,9.3,0.9,0.27,0.93,2.02,0.463,0.73,2.11,5.46,0.387,3.92,7.79,0.503,4.62,1.23,0.08,0.52,0.36,0.97,0.13
204038,Langston Galloway,10.9,0.6,0.6,0.957,0.2,0.9,1.1,0.7,0.3,0.2,0.0,0.0,0.6,4.8,0.9,0.422,0.75,1.55,0.484,0.578,0.9,2.13,0.424,1.47,3.28,0.449,1.53,0.35,0.03,0.05,0.2,0.35,0.15
1626204,Larry Nance Jr.,31.2,0.9,1.4,0.612,1.5,5.2,6.7,3.1,1.6,1.7,0.5,0.3,2.1,9.3,-3.9,0.581,2.49,4.51,0.551,0.419,1.17,3.26,0.36,5.74,11.77,0.488,6.91,3.37,0.06,1.83,0.97,1.83,0.19
1628374,Lauri Markkanen,25.8,1.5,1.8,0.826,0.7,4.6,5.3,0.9,1.0,0.5,0.3,0.5,1.5,13.6,-0.9,0.431,2.57,4.39,0.585,0.569,2.33,5.8,0.402,5.04,10.41,0.484,7.98,0.71,0.02,1.0,0.63,1.49,0.1
2544,LeBron James,33.4,4.0,5.7,0.698,0.6,7.0,7.7,7.8,3.7,1.1,0.6,0.6,1.6,25.0,6.4,0.656,6.8,11.6,0.586,0.344,2.16,6.09,0.354,3.77,9.26,0.407,4.2,1.96,0.2,0.58,0.89,0.89,6.02
1629022,Lonnie Walker IV,25.4,1.0,1.2,0.814,0.2,2.4,2.6,1.7,1.1,0.5,0.3,0.5,1.7,11.2,-3.5,0.537,2.6,5.45,0.477,0.463,1.67,4.7,0.355,3.97,7.88,0.503,3.7,1.18,0.02,0.17,0.28,0.13,-2.87
1628366,Lonzo Ball,31.8,0.9,1.2,0.781,0.6,4.2,4.8,5.7,2.2,1.5,0.6,0.3,1.9,14.6,0.9,0.348,2.13,4.42,0.481,0.652,3.13,8.27,0.378,5.13,11.49,0.446,6.31,2.49,0.0,0.65,0.64,0.24,0.16
101150,Lou Williams,21.6,2.3,2.6,0.867,0.3,1.8,2.1,3.4,1.6,0.7,0.1,0.6,0.9,11.3,1.2,0.733,2.97,7.18,0.414,0.267,1.05,2.62,0.399,2.2,4.88,0.452,2.11,1.2,0.05,0.32,0.53,0.23,0.18
1629663,Louis King,14.2,1.0,1.0,1.0,0.8,2.2,3.0,1.5,0.7,1.2,0.5,0.0,1.5,7.3,-0.5,0.676,2.17,3.83,0.565,0.324,0.67,1.83,0.364,2.6,5.8,0.448,3.0,1.67,0.0,0.17,0.5,0.33,0.56
1629652,Luguentz Dort,29.7,2.3,3.2,0.744,0.7,2.9,3.6,1.7,1.5,0.9,0.4,0.9,2.6,14.0,-4.8,0.484,2.58,5.94,0.434,0.516,2.17,6.33,0.343,5.06,11.54,0.438,6.52,1.56,0.1,0.33,0.85,0.44,0.79
1629029,Luka Doncic,34.3,5.2,7.1,0.73,0.8,7.2,8.0,8.6,4.3,1.0,0.5,0.8,2.3,27.7,2.5,0.594,6.89,12.11,0.569,0.406,2.91,8.27,0.352,5.05,11.18,0.451,5.97,1.7,0.0,0.21,1.05,0.64,2.0
1629677,Luka Samanic,9.3,0.5,0.9,0.552,0.5,1.6,2.1,0.5,0.6,0.2,0.2,0.2,1.3,3.7,-0.6,0.59,1.06,1.88,0.565,0.41,0.36,1.3,0.279,2.0,4.7,0.425,2.76,0.52,0.0,0.24,0.15,0.45,-0.03
1628379,Luke Kennard,19.6,0.4,0.5,0.839,0.2,2.3,2.6,1.7,0.8,0.4,0.1,0.2,1.4,8.3,-0.4,0.462,1.51,2.98,0.505,0.538,1.59,3.48,0.457,3.32,6.59,0.504,2.94,0.67,0.02,0.17,0.4,0.44,-0.69
1628436,Luke Kornet,11.2,0.1,0.2,0.5,0.5,1.7,2.2,0.8,0.2,0.1,1.0,0.1,0.6,3.4,1.7,0.416,0.94,1.35,0.69,0.584,0.48,1.9,0.254,3.28,7.79,0.42,6.9,0.19,0.0,2.16,0.19,0.97,0.74
1630201,Malachi Flynn,19.7,1.0,1.2,0.804,0.2,2.3,2.5,2.9,0.9,0.8,0.1,0.3,1.4,7.5,-2.1,0.507,1.55,3.68,0.422,0.493,1.15,3.57,0.321,2.91,6.98,0.417,2.94,1.4,0.0,0.09,0.57,0.3,-1.56
1627763,Malcolm Brogdon,34.5,2.7,3.2,0.864,1.0,4.2,5.3,5.9,2.1,0.9,0.3,1.2,2.0,21.2,-0.6,0.618,5.34,10.8,0.494,0.382,2.59,6.68,0.388,5.29,10.73,0.493,4.96,1.63,0.0,0.16,1.02,0.63,2.65
1627736,Malik Beasley,32.8,1.8,2.2,0.85,0.8,3.6,4.4,2.4,1.6,0.8,0.2,0.8,1.7,19.6,-5.3,0.465,3.68,7.54,0.487,0.535,3.46,8.68,0.399,4.59,9.32,0.493,4.35,1.51,0.0,0.41,1.03,0.41,0.24
1630238,Malik Fitts,3.6,0.0,0.0,0.0,0.0,1.0,1.0,0.0,0.0,0.0,0.0,0.3,1.0,1.0,-2.0,0.333,0.0,0.33,0.0,0.667,0.33,0.67,0.5,2.0,4.0,0.5,1.0,0.0,0.0,0.0,0.0,0.33,-0.1
1628370,Malik Monk,20.9,1.4,1.7,0.819,0.3,2.1,2.4,2.1,1.3,0.5,0.1,0.5,1.1,11.7,0.8,0.469,2.1,4.45,0.471,0.531,2.02,5.05,0.401,2.5,5.35,0.467,2.5,0.79,0.0,0.1,0.33,0.14,-2.15
1629603,Mamadi Diakite,10.1,0.8,1.0,0.786,0.6,1.9,2.4,0.6,0.2,0.4,0.4,0.3,1.1,3.1,0.6,0.8,1.07,2.29,0.469,0.2,0.07,0.57,0.125,2.56,6.56,0.39,3.36,0.71,0.14,1.64,0.14,0.57,0.28
201188,Marc Gasol,19.1,0.7,1.0,0.72,0.7,3.4,4.1,2.1,1.0,0.5,1.1,0.1,2.2,5.0,1.7,0.373,0.73,1.38,0.528,0.627,0.96,2.33,0.413,4.98,10.45,0.477,7.6,1.5,0.1,1.65,0.25,1.42,2.73
202694,Marcus Morris Sr.,26.3,1.3,1.6,0.82,0.6,3.5,4.1,1.0,1.0,0.6,0.3,0.2,2.1,13.4,2.3,0.493,2.39,5.05,0.472,0.507,2.46,5.19,0.473,4.0,8.11,0.493,3.68,1.02,0.0,0.88,0.51,1.11,-0.15
203935,Marcus Smart,32.9,2.7,3.4,0.79,0.8,2.7,3.5,5.7,2.0,1.5,0.5,0.2,2.6,13.1,1.9,0.447,2.29,4.75,0.482,0.553,1.94,5.88,0.33,4.5,10.13,0.444,5.79,3.25,0.29,0.69,0.9,1.29,1.66
1628365,Markelle Fultz,26.9,2.1,2.4,0.895,0.6,2.5,3.1,5.4,2.3,1.0,0.3,0.9,2.3,12.9,-3.6,0.846,4.63,11.0,0.42,0.154,0.5,2.0,0.25,4.25,8.38,0.507,3.63,2.0,0.0,0.25,0.88,0.38,-0.86
202693,Markieff Morris,19.7,0.6,0.8,0.72,0.8,3.6,4.4,1.2,0.9,0.4,0.3,0.1,1.7,6.7,0.3,0.447,1.43,2.75,0.518,0.553,1.05,3.41,0.308,3.05,6.69,0.456,4.49,1.0,0.08,0.67,0.34,1.1,-2.89
1630210,Markus Howard,5.5,0.2,0.2,0.778,0.0,0.5,0.6,0.5,0.5,0.1,0.0,0.2,0.6,2.8,-1.9,0.387,0.59,1.11,0.537,0.613,0.49,1.76,0.277,1.4,3.0,0.467,0.81,0.24,0.03,0.08,0.08,0.08,-1.25
1629716,Marques Bolden,4.8,0.8,1.3,0.625,0.5,0.5,1.0,0.0,0.3,0.3,0.3,0.0,0.0,1.2,0.8,1.0,0.17,0.5,0.333,0.0,0.0,0.0,,0.75,2.5,0.3,1.83,0.33,0.0,0.17,0.33,0.5,0.19
1627737,Marquese Chriss,13.4,1.0,2.0,0.5,1.5,5.0,6.5,1.0,1.0,0.0,1.0,0.5,1.5,6.5,-12.5,0.643,2.0,4.5,0.444,0.357,0.5,2.5,0.2,4.0,9.5,0.421,8.0,0.0,0.0,1.5,0.0,1.5,-3.03
1628963,Marvin Bagley III,25.9,1.8,3.1,0.575,2.5,4.9,7.4,1.0,1.4,0.5,0.5,1.0,2.3,14.1,-2.0,0.779,4.88,8.86,0.551,0.221,0.86,2.51,0.343,5.33,10.7,0.498,6.91,0.93,0.23,1.33,0.63,1.42,-1.24
1630222,Mason Jones,10.5,1.3,2.0,0.625,0.2,1.5,1.7,1.3,0.9,0.2,0.0,0.2,0.8,5.3,-2.8,0.459,0.88,1.75,0.5,0.541,0.75,2.06,0.364,1.64,3.21,0.511,0.94,0.34,0.0,0.03,0.16,0.16,-1.47
203486,Mason Plumlee,26.8,2.0,3.0,0.669,2.6,6.7,9.3,3.6,1.9,0.8,0.9,0.6,3.3,10.4,-2.7,0.982,4.16,6.64,0.626,0.018,0.0,0.13,0.0,6.54,12.32,0.53,7.57,1.75,0.09,4.45,0.79,1.77,0.73
1629680,Matisse Thybulle,20.0,0.1,0.3,0.444,0.5,1.4,1.9,1.0,0.5,1.6,1.1,0.0,2.0,3.9,1.5,0.412,0.91,1.54,0.59,0.588,0.66,2.2,0.301,2.68,7.21,0.372,4.09,3.11,0.02,0.26,0.58,0.31,2.21
1629744,Matt Thomas,7.3,0.3,0.3,0.857,0.2,0.8,1.0,0.4,0.3,0.1,0.0,0.1,0.4,3.1,-1.5,0.37,0.51,1.04,0.489,0.63,0.6,1.78,0.338,1.55,2.97,0.522,1.02,0.2,0.0,0.04,0.18,0.18,-0.55
203521,Matthew Dellavedova,17.2,0.3,0.3,1.0,0.5,1.4,1.8,4.5,0.5,0.3,0.1,0.4,1.6,2.8,-1.4,0.554,0.77,2.38,0.323,0.446,0.31,1.92,0.16,3.08,5.83,0.529,2.54,0.77,0.0,0.31,0.62,0.31,0.91
203090,Maurice Harkless,20.9,0.9,1.2,0.767,0.4,2.1,2.4,1.2,0.6,0.8,0.5,0.2,2.3,5.2,-1.2,0.491,1.24,2.19,0.568,0.509,0.62,2.27,0.274,4.39,8.79,0.5,4.81,2.08,0.0,0.35,0.35,0.46,-0.12
1629622,Max Strus,13.0,0.4,0.6,0.667,0.1,0.9,1.1,0.6,0.2,0.3,0.1,0.0,1.1,6.1,-1.0,0.21,0.9,1.0,0.897,0.79,1.28,3.77,0.34,2.39,5.24,0.457,2.62,0.59,0.1,0.31,0.18,0.31,-0.44
1628467,Maxi Kleber,26.8,0.7,0.7,0.919,0.9,4.3,5.2,1.4,0.6,0.5,0.7,0.1,2.1,7.1,2.7,0.229,0.58,1.26,0.46,0.771,1.74,4.24,0.41,5.62,12.28,0.458,8.16,0.9,0.06,1.98,0.68,2.04,2.33
203086,Meyers Leonard,9.8,0.3,0.7,0.5,0.0,2.3,2.3,0.7,0.7,0.0,0.0,0.0,1.7,3.3,-1.3,0.0,0.0,0.0,,1.0,1.0,2.33,0.429,2.0,3.33,0.6,2.33,0.33,0.0,1.0,0.0,5.0,-0.66
1629662,Mfiondu Kabengele,7.2,0.4,0.5,0.8,0.3,1.2,1.5,0.4,0.4,0.2,0.3,0.1,0.9,2.4,-2.4,0.438,0.51,1.0,0.513,0.562,0.33,1.28,0.26,1.56,3.94,0.397,2.74,0.18,0.0,0.69,0.15,0.59,-1.41
203487,Michael Carter-Williams,25.8,1.6,2.6,0.613,1.3,3.2,4.5,4.2,2.2,0.8,0.5,0.7,2.6,8.8,-1.6,0.774,2.9,6.74,0.431,0.226,0.48,1.97,0.246,4.0,10.0,0.4,5.58,1.48,0.26,0.19,0.94,0.19,1.45
1629008,Michael Porter Jr.,31.3,1.7,2.2,0.791,1.5,5.8,7.3,1.1,1.3,0.7,0.9,0.4,2.1,19.0,5.9,0.532,4.44,7.08,0.627,0.468,2.77,6.23,0.445,4.92,10.67,0.461,6.21,1.21,0.0,0.11,0.79,0.62,1.68
1628969,Mikal Bridges,32.6,1.5,1.8,0.84,1.1,3.2,4.3,2.1,0.8,1.1,0.9,0.3,1.6,13.5,4.7,0.528,3.15,4.82,0.654,0.472,1.79,4.31,0.416,5.41,11.18,0.484,5.97,2.14,0.0,0.24,0.82,0.42,1.79
201144,Mike Conley,29.4,2.4,2.8,0.852,0.7,2.8,3.5,6.0,1.9,1.4,0.2,0.5,1.9,16.2,10.7,0.476,2.84,5.96,0.477,0.524,2.69,6.55,0.41,4.35,10.16,0.429,4.25,2.25,0.04,0.37,0.75,0.27,3.17
1628455,Mike James,18.2,1.6,2.1,0.778,0.2,2.2,2.5,4.2,1.5,0.5,0.1,0.4,0.8,7.7,1.5,0.663,1.77,4.69,0.377,0.337,0.85,2.38,0.355,2.25,5.42,0.415,2.38,0.92,0.0,0.08,0.54,0.0,-0.03
203488,Mike Muscala,18.4,0.9,1.0,0.917,0.5,3.2,3.8,0.8,0.6,0.2,0.3,0.2,1.5,9.7,0.5,0.311,1.46,2.37,0.614,0.689,1.94,5.26,0.37,3.97,8.71,0.456,8.51,0.54,0.03,1.06,0.31,2.43,0.96
203118,Mike Scott,16.7,0.2,0.2,0.667,0.2,2.1,2.4,0.8,0.4,0.5,0.3,0.2,1.4,4.2,-0.2,0.265,0.45,1.1,0.411,0.735,1.04,3.04,0.342,3.14,6.16,0.51,3.88,0.61,0.0,0.88,0.31,1.16,0.76
1628970,Miles Bridges,29.3,1.5,1.7,0.867,1.2,4.8,6.0,2.2,1.6,0.7,0.8,0.4,2.2,12.7,-0.1,0.534,2.98,5.03,0.593,0.466,1.76,4.39,0.4,5.03,11.32,0.444,7.26,1.35,0.02,0.77,0.64,1.42,0.05
1629011,Mitchell Robinson,27.5,0.8,1.7,0.491,3.6,4.5,8.1,0.5,0.8,1.1,1.5,0.4,2.8,8.3,-0.5,1.0,3.45,5.35,0.645,0.0,0.0,0.0,,5.03,10.77,0.467,8.32,1.97,0.0,2.77,0.42,5.0,1.05
1629671,Miye Oni,9.6,0.1,0.1,0.833,0.4,1.1,1.6,0.5,0.3,0.2,0.1,0.1,1.1,1.9,1.7,0.111,0.09,0.2,0.455,0.889,0.56,1.63,0.341,2.04,4.85,0.421,2.72,0.46,0.0,0.04,0.15,0.09,0.3
1628964,Mo Bamba,15.8,1.0,1.4,0.682,1.7,4.1,5.8,0.8,0.8,0.3,1.3,0.4,1.9,8.0,-4.4,0.608,2.26,3.98,0.568,0.392,0.83,2.57,0.322,4.2,8.52,0.493,5.91,0.8,0.02,2.96,0.3,1.59,-3.15
1628420,Monte Morris,25.5,1.2,1.6,0.795,0.2,1.8,2.0,3.2,0.7,0.7,0.3,0.5,1.0,10.2,3.3,0.652,2.81,5.3,0.53,0.348,1.09,2.83,0.383,3.32,7.81,0.425,3.57,0.98,0.02,0.23,0.49,0.21,1.99
1626149,Montrezl Harrell,22.9,2.6,3.7,0.707,2.3,3.9,6.2,1.1,1.1,0.7,0.7,0.6,1.9,13.5,0.6,0.983,5.35,8.46,0.632,0.017,0.0,0.14,0.0,4.85,10.27,0.472,7.59,1.09,0.32,2.41,0.68,2.81,1.45
1629021,Moritz Wagner,16.0,1.6,1.9,0.816,0.6,2.6,3.2,1.1,1.0,0.6,0.4,0.4,2.4,6.9,-3.2,0.603,1.62,3.07,0.529,0.397,0.69,2.02,0.341,3.89,8.14,0.478,5.31,1.24,0.31,1.93,0.29,1.8,-2.41
1629650,Moses Brown,21.4,1.8,2.9,0.619,3.6,5.3,8.9,0.2,1.0,0.7,1.1,0.7,2.2,8.6,-8.4,1.0,3.28,6.05,0.542,0.0,0.0,0.0,,4.81,9.76,0.493,8.28,1.3,0.05,2.21,0.3,1.56,-3.35
1628539,Mychal Mulder,12.8,0.2,0.4,0.636,0.1,0.9,1.0,0.4,0.3,0.2,0.2,0.1,0.9,5.6,1.1,0.193,0.57,0.85,0.667,0.807,1.4,3.55,0.394,2.33,5.13,0.454,2.88,0.37,0.0,0.15,0.1,0.43,1.07
1626167,Myles Turner,31.0,2.4,3.0,0.782,1.3,5.2,6.5,1.0,1.4,0.9,3.4,0.4,3.5,12.6,0.5,0.523,2.91,4.81,0.606,0.477,1.47,4.38,0.335,8.02,18.19,0.441,13.64,2.21,0.0,2.34,0.64,2.87,1.05
1630230,Naji Marshall,21.9,1.7,2.3,0.707,0.5,4.2,4.6,2.8,1.2,0.8,0.3,0.4,1.8,7.7,-0.9,0.601,1.66,3.91,0.424,0.399,0.91,2.59,0.349,4.0,8.52,0.47,3.47,1.34,0.03,0.03,0.44,0.34,-0.57
1629642,Nassir Little,13.3,0.8,0.9,0.8,0.7,2.0,2.7,0.5,0.4,0.1,0.3,0.2,1.1,4.6,-0.8,0.521,1.04,1.81,0.575,0.479,0.58,1.67,0.35,2.87,5.98,0.48,3.65,0.33,0.0,0.21,0.15,0.27,-0.59
1630268,Nate Darling,3.7,0.4,0.4,1.0,0.1,0.0,0.1,0.1,0.1,0.0,0.1,0.0,0.1,1.3,-4.3,0.0,0.0,0.0,,1.0,0.29,1.0,0.286,0.75,1.5,0.5,0.71,0.0,0.14,0.0,0.14,0.14,-0.62
1630207,Nate Hinton,4.4,0.3,0.5,0.7,0.0,0.4,0.4,0.4,0.2,0.3,0.1,0.1,0.4,2.0,-2.6,0.548,0.52,1.1,0.478,0.452,0.19,0.9,0.211,0.73,1.91,0.381,0.33,0.38,0.05,0.05,0.0,0.1,-1.16
1630233,Nathan Knight,8.4,1.3,1.7,0.8,0.8,1.4,2.2,0.2,0.5,0.3,0.3,0.3,0.7,3.8,-0.5,0.667,0.94,2.0,0.47,0.333,0.18,1.0,0.182,2.0,4.68,0.427,3.27,0.52,0.0,0.36,0.12,0.67,-0.71
1629675,Naz Reid,19.2,1.6,2.4,0.693,1.2,3.4,4.6,1.0,1.0,0.5,1.1,0.4,2.6,11.2,-4.2,0.701,3.47,5.81,0.597,0.299,0.87,2.49,0.351,5.03,10.33,0.487,7.94,1.09,0.1,2.27,0.5,1.79,-2.0
202357,Nemanja Bjelica,16.1,1.0,1.4,0.725,0.8,2.6,3.4,1.9,0.9,0.4,0.1,0.3,1.8,6.5,-1.8,0.566,1.68,3.0,0.559,0.434,0.73,2.3,0.318,3.65,7.11,0.513,4.59,0.84,0.0,0.57,0.43,0.68,0.63
203457,Nerlens Noel,24.2,0.8,1.1,0.714,2.2,4.1,6.4,0.7,1.0,1.1,2.2,0.2,2.8,5.1,0.0,0.987,2.14,3.45,0.62,0.013,0.0,0.05,0.0,5.3,11.79,0.45,8.28,2.8,0.06,3.2,0.53,2.27,0.05
1630208,Nick Richards,3.5,0.4,0.6,0.636,0.2,0.4,0.6,0.1,0.2,0.0,0.0,0.1,0.4,0.8,-0.7,0.889,0.22,0.44,0.5,0.111,0.0,0.06,0.0,1.2,3.0,0.4,1.33,0.11,0.0,0.33,0.06,0.11,-0.47
1629638,Nickeil Alexander-Walker,21.9,1.0,1.4,0.727,0.3,2.8,3.1,2.2,1.5,1.0,0.5,0.7,1.9,11.0,-1.1,0.522,2.52,5.17,0.487,0.478,1.65,4.74,0.349,4.07,8.16,0.499,3.43,2.24,0.0,0.2,0.59,0.26,-0.77
1630185,Nico Mannion,12.1,0.8,0.9,0.821,0.2,1.3,1.5,2.3,1.0,0.5,0.0,0.2,1.0,4.1,-2.5,0.477,0.57,1.77,0.321,0.523,0.73,1.93,0.379,1.65,3.57,0.463,1.1,0.93,0.03,0.07,0.23,0.07,-1.08
201587,Nicolas Batum,27.4,0.7,0.9,0.828,0.7,4.0,4.7,2.2,0.8,1.0,0.6,0.1,1.5,8.1,5.1,0.342,1.21,2.1,0.574,0.658,1.64,4.04,0.406,4.16,9.15,0.455,6.06,2.1,0.07,0.67,0.54,0.37,1.89
1629651,Nicolas Claxton,18.6,1.0,2.0,0.484,1.3,3.8,5.2,0.9,0.6,0.7,1.3,0.3,2.1,6.6,4.9,0.966,2.78,4.38,0.636,0.034,0.03,0.16,0.2,3.58,10.42,0.344,8.19,1.25,0.0,1.63,0.47,1.5,1.47
1629740,Nicolo Melli,12.6,0.4,0.6,0.76,0.6,2.1,2.7,1.0,0.3,0.3,0.1,0.2,1.3,3.0,0.5,0.397,0.51,1.24,0.411,0.603,0.51,1.89,0.271,2.28,5.03,0.453,3.07,0.84,0.0,0.69,0.27,1.07,-1.12
203999,Nikola Jokic,34.6,4.8,5.5,0.868,2.8,8.0,10.8,8.3,3.1,1.3,0.7,0.9,2.7,26.4,5.3,0.815,8.76,14.43,0.607,0.185,1.28,3.28,0.39,7.82,15.1,0.518,9.14,2.76,0.0,4.49,0.76,3.08,3.09
202696,Nikola Vucevic,33.5,1.9,2.2,0.84,2.1,9.6,11.7,3.8,1.8,0.9,0.7,0.7,2.0,23.4,-4.9,0.684,7.0,13.66,0.513,0.316,2.51,6.3,0.399,7.33,13.93,0.526,8.81,1.73,0.01,3.94,0.74,2.49,0.94
203943,Noah Vonleh,2.7,0.0,0.0,0.0,0.0,0.3,0.3,0.3,0.5,0.0,0.0,0.3,0.5,0.0,-4.0,0.333,0.0,0.25,0.0,0.667,0.0,0.5,0.0,1.5,2.0,0.75,1.5,0.5,0.0,0.25,0.0,0.0,-0.06
1626181,Norman Powell,32.0,3.4,3.9,0.871,0.6,2.5,3.1,1.9,1.7,1.2,0.3,1.0,2.3,18.6,1.1,0.547,3.87,7.28,0.532,0.453,2.48,6.03,0.411,3.9,8.59,0.454,3.94,2.26,0.0,0.14,0.8,0.46,-0.77
203658,Norvel Pelle,6.4,0.3,0.5,0.667,0.5,1.0,1.5,0.2,0.2,0.1,0.7,0.2,1.1,1.5,1.8,1.0,0.62,1.15,0.533,0.0,0.0,0.0,,2.0,5.0,0.4,2.38,0.15,0.0,1.08,0.31,0.38,-1.04
1628384,OG Anunoby,33.3,1.9,2.4,0.784,1.3,4.3,5.5,2.2,1.7,1.5,0.7,0.9,2.7,15.9,2.7,0.496,3.37,5.98,0.564,0.504,2.42,6.07,0.398,4.6,10.3,0.447,7.81,3.19,0.02,0.6,0.81,1.79,0.66
1630167,Obi Toppin,11.0,0.3,0.4,0.731,0.4,1.8,2.2,0.5,0.4,0.3,0.2,0.2,0.9,4.1,0.4,0.589,1.23,1.97,0.623,0.411,0.42,1.37,0.306,1.61,4.15,0.388,2.69,0.5,0.02,0.84,0.19,0.53,0.31
1630168,Onyeka Okongwu,12.0,0.7,1.1,0.632,1.2,2.0,3.3,0.4,0.6,0.5,0.7,0.3,2.0,4.6,-1.8,0.973,1.92,2.9,0.662,0.027,0.0,0.08,0.0,3.08,6.36,0.484,4.92,0.74,0.02,2.1,0.4,1.26,-1.36
1629052,Oshae Brissett,24.7,2.4,3.1,0.769,1.4,4.1,5.5,0.9,0.5,0.9,1.0,0.3,1.5,10.9,2.8,0.483,1.9,3.48,0.548,0.517,1.57,3.71,0.423,5.75,12.75,0.451,7.0,1.52,0.05,1.29,0.38,1.29,1.61
203490,Otto Porter Jr.,21.7,1.3,1.5,0.857,1.0,4.4,5.4,2.0,0.9,0.6,0.1,0.2,1.5,9.7,-1.5,0.542,2.11,4.39,0.48,0.458,1.39,3.71,0.375,3.08,6.19,0.497,3.04,1.21,0.0,0.64,0.57,0.54,2.09
200782,P.J. Tucker,26.1,0.4,0.5,0.75,1.0,2.9,3.9,1.2,0.8,0.8,0.4,0.2,2.4,3.7,-3.4,0.335,0.5,1.12,0.448,0.665,0.71,2.21,0.322,4.46,9.25,0.482,5.42,1.37,0.19,1.48,0.65,1.5,-1.35
1629023,P.J. Washington,30.5,1.7,2.3,0.745,1.5,5.1,6.5,2.5,2.0,1.1,1.2,0.8,2.7,12.9,0.5,0.579,2.97,6.2,0.479,0.421,1.73,4.52,0.384,6.98,13.77,0.507,9.92,2.31,0.02,1.86,0.67,1.81,1.35
1628408,PJ Dozier,21.8,0.8,1.3,0.636,0.7,2.9,3.6,1.8,0.9,0.6,0.4,0.5,1.7,7.7,3.9,0.578,1.98,4.06,0.488,0.422,0.94,2.96,0.318,3.0,6.74,0.445,4.18,1.28,0.0,0.1,0.66,0.38,2.11
1627783,Pascal Siakam,35.8,4.4,5.4,0.827,1.7,5.5,7.2,4.5,2.3,1.1,0.7,1.1,3.1,21.4,2.3,0.744,6.5,12.77,0.509,0.256,1.3,4.39,0.297,6.3,13.18,0.478,8.18,1.86,0.05,1.45,1.13,2.29,4.72
1626192,Pat Connaughton,22.8,0.4,0.6,0.775,0.9,3.9,4.8,1.2,0.5,0.7,0.3,0.2,1.4,6.8,3.2,0.297,0.97,1.67,0.583,0.703,1.46,3.94,0.371,4.41,9.94,0.443,6.57,0.97,0.04,0.39,0.58,0.59,1.07
201976,Patrick Beverley,22.5,1.0,1.2,0.8,0.8,2.4,3.2,2.1,0.9,0.8,0.8,0.3,2.9,7.5,4.0,0.356,0.95,2.08,0.455,0.644,1.51,3.76,0.403,3.22,7.47,0.431,2.76,1.68,0.14,0.49,0.89,0.05,3.33
1627775,Patrick McCaw,6.7,0.6,0.6,1.0,0.2,0.4,0.6,0.8,0.0,0.4,0.0,0.0,1.2,1.0,-3.6,1.0,0.2,0.2,1.0,0.0,0.0,0.0,,1.0,2.2,0.455,1.0,0.8,0.0,0.2,0.0,0.2,-2.22
202335,Patrick Patterson,15.3,0.3,0.4,0.765,0.5,1.5,2.0,0.8,0.3,0.4,0.2,0.2,1.2,5.2,0.6,0.333,0.84,1.39,0.604,0.667,1.03,2.79,0.368,3.11,6.59,0.471,4.84,0.53,0.05,0.89,0.18,1.26,-1.83
1630172,Patrick Williams,27.9,1.3,1.8,0.728,0.9,3.7,4.6,1.4,1.4,0.9,0.6,0.7,1.8,9.2,-4.1,0.739,2.83,5.49,0.515,0.261,0.76,1.94,0.391,4.11,9.07,0.453,5.69,1.51,0.0,0.38,0.41,0.94,-1.99
201988,Patty Mills,24.8,1.0,1.1,0.91,0.3,1.4,1.7,2.4,1.0,0.6,0.0,0.3,1.2,10.8,0.4,0.297,1.34,2.68,0.5,0.703,2.37,6.32,0.374,3.24,7.22,0.448,1.82,1.26,0.09,0.4,0.62,0.41,2.57
202331,Paul George,33.7,3.7,4.2,0.868,0.8,5.8,6.6,5.2,3.3,1.1,0.4,0.8,2.4,23.3,8.0,0.563,5.07,9.94,0.51,0.437,3.17,7.7,0.411,5.19,11.57,0.448,6.02,2.39,0.15,0.37,1.06,0.85,6.99
200794,Paul Millsap,20.8,1.3,1.8,0.724,1.4,3.3,4.7,1.8,0.9,0.9,0.6,0.5,2.0,9.0,1.8,0.641,2.5,4.54,0.551,0.359,0.88,2.54,0.345,4.27,8.8,0.485,4.66,1.84,0.09,0.98,0.64,1.13,3.82
1630194,Paul Reed,6.8,0.2,0.3,0.5,1.2,1.2,2.3,0.5,0.5,0.4,0.5,0.4,1.1,3.4,1.4,0.923,1.62,2.77,0.583,0.077,0.0,0.23,0.0,1.22,3.26,0.373,2.42,0.77,0.0,0.5,0.38,0.38,0.94
1628778,Paul Watson,11.0,0.2,0.3,0.625,0.1,1.5,1.7,0.6,0.3,0.2,0.1,0.3,1.3,4.1,-0.1,0.22,0.3,0.67,0.444,0.78,1.11,2.37,0.469,1.6,4.05,0.395,1.89,0.63,0.04,0.04,0.26,0.26,0.1
1630202,Payton Pritchard,19.2,0.6,0.7,0.889,0.5,1.9,2.4,1.8,0.8,0.6,0.1,0.3,1.6,7.7,0.6,0.407,1.24,2.58,0.482,0.593,1.55,3.76,0.411,2.95,5.82,0.508,2.33,1.21,0.05,0.09,0.38,0.32,-0.3
1630173,Precious Achiuwa,12.1,0.9,1.8,0.509,1.2,2.2,3.4,0.5,0.7,0.3,0.5,0.5,1.5,5.0,-1.9,0.996,2.03,3.72,0.546,0.004,0.0,0.02,0.0,3.3,6.89,0.478,5.11,0.66,0.02,1.67,0.46,1.33,-1.23
1626188,Quinn Cook,6.8,0.3,0.3,0.875,0.1,0.7,0.7,0.8,0.3,0.2,0.0,0.3,0.4,3.3,-0.4,0.618,0.78,1.83,0.429,0.382,0.48,1.13,0.423,1.11,2.37,0.467,0.57,0.17,0.0,0.13,0.13,0.04,-1.94
1629683,Quinndary Weatherspoon,6.1,0.7,0.8,0.813,0.2,0.4,0.6,0.4,0.5,0.4,0.1,0.2,0.9,2.3,-3.0,0.829,0.75,1.45,0.517,0.171,0.05,0.3,0.167,1.92,3.69,0.521,1.8,0.75,0.05,0.0,0.4,0.1,-1.33
1630181,R.J. Hampton,17.4,1.1,1.6,0.671,0.6,2.9,3.5,1.7,1.0,0.4,0.2,0.4,1.2,6.9,-5.6,0.722,2.14,4.43,0.482,0.278,0.53,1.71,0.31,3.27,6.51,0.502,2.57,0.86,0.02,0.12,0.49,0.12,-3.1
1629628,RJ Barrett,34.9,2.9,3.8,0.746,0.9,4.8,5.8,3.0,1.9,0.7,0.3,1.2,2.6,17.6,1.9,0.706,4.69,10.29,0.456,0.294,1.72,4.28,0.403,5.2,12.06,0.431,7.35,1.49,0.0,0.18,0.76,0.69,0.35
200765,Rajon Rondo,17.1,0.4,0.4,0.941,0.4,2.0,2.4,4.4,1.8,0.8,0.1,0.4,1.2,5.4,0.5,0.586,1.31,2.8,0.468,0.414,0.8,1.98,0.404,2.02,4.75,0.426,1.89,1.49,0.04,0.4,0.29,0.09,-1.83
203526,Raul Neto,21.9,1.2,1.3,0.882,0.4,2.0,2.4,2.3,0.8,1.1,0.1,0.5,1.7,8.7,-0.3,0.633,2.27,4.42,0.512,0.367,1.0,2.56,0.39,3.89,8.23,0.472,3.77,1.78,0.17,0.25,0.75,0.33,2.06
1629034,Ray Spalding,9.4,0.0,1.0,0.0,1.0,1.0,2.0,0.0,1.5,0.0,1.0,0.0,1.5,2.0,-3.5,0.75,1.0,1.5,0.667,0.25,0.0,0.5,0.0,3.5,7.5,0.467,6.0,0.5,0.0,1.0,1.0,0.0,-0.33
1629730,Rayjon Tucker,4.9,1.0,1.4,0.737,0.1,0.7,0.8,0.4,0.3,0.1,0.0,0.2,0.6,2.4,-0.9,0.611,0.5,0.79,0.636,0.389,0.14,0.5,0.286,1.25,2.88,0.435,0.86,0.29,0.14,0.07,0.29,0.0,-0.84
203493,Reggie Bullock,30.0,0.8,0.8,0.909,0.2,3.2,3.4,1.5,0.7,0.8,0.2,0.2,2.2,10.9,1.6,0.289,1.31,2.48,0.528,0.711,2.49,6.09,0.409,4.11,9.06,0.453,4.29,1.52,0.02,0.22,0.49,0.2,0.63
202704,Reggie Jackson,23.0,1.0,1.2,0.817,0.4,2.5,2.9,3.1,1.1,0.6,0.1,0.3,1.9,10.7,3.7,0.521,2.1,4.51,0.467,0.479,1.79,4.15,0.432,4.18,8.89,0.47,4.36,0.84,0.0,0.27,0.48,0.33,3.32
1629617,Reggie Perry,8.1,0.4,0.5,0.769,1.0,1.8,2.8,0.5,0.6,0.2,0.2,0.4,1.5,3.0,-1.4,0.727,1.08,2.15,0.5,0.273,0.15,0.81,0.19,2.1,4.45,0.472,2.54,0.27,0.04,0.85,0.19,1.08,-0.73
1626158,Richaun Holmes,29.2,2.2,2.8,0.794,2.4,5.9,8.3,1.7,1.2,0.6,1.6,0.5,3.5,14.2,0.1,0.981,5.97,9.25,0.645,0.019,0.03,0.18,0.182,6.52,14.46,0.451,9.77,1.49,0.02,4.3,0.66,2.87,1.14
201937,Ricky Rubio,26.1,1.9,2.2,0.867,0.4,2.9,3.3,6.4,1.6,1.4,0.1,0.5,2.0,8.6,-2.7,0.57,1.87,4.18,0.447,0.43,0.97,3.15,0.308,3.43,7.71,0.445,3.37,2.29,0.01,0.49,0.69,0.16,1.45
203496,Robert Covington,32.0,0.7,0.9,0.806,0.9,5.8,6.7,1.7,0.9,1.4,1.2,0.2,2.8,8.5,2.9,0.301,0.99,2.19,0.451,0.699,1.93,5.09,0.379,6.9,13.73,0.503,7.53,3.64,0.07,1.64,0.74,0.59,1.9
1629606,Robert Franks,14.4,1.7,1.9,0.923,0.9,1.1,2.0,0.7,0.3,0.4,0.4,0.1,1.1,6.1,-3.6,0.464,1.14,1.86,0.615,0.536,0.71,2.14,0.333,2.67,5.17,0.516,2.43,0.29,0.14,0.71,0.29,0.86,-0.3
1629057,Robert Williams III,18.9,0.9,1.4,0.616,2.6,4.3,6.9,1.8,1.0,0.8,1.8,0.2,2.0,8.0,0.2,0.992,3.58,4.92,0.727,0.008,0.0,0.04,0.0,3.92,8.56,0.458,8.52,1.54,0.0,2.56,0.67,1.46,-0.77
1630218,Robert Woodard II,3.5,0.2,0.6,0.375,0.3,0.9,1.2,0.2,0.1,0.0,0.2,0.0,0.3,1.5,0.8,0.684,0.54,1.0,0.538,0.316,0.08,0.46,0.167,0.6,1.4,0.429,0.46,0.0,0.0,0.15,0.08,0.08,0.21
201577,Robin Lopez,19.1,1.4,1.9,0.723,2.0,1.8,3.8,0.8,1.1,0.2,0.6,0.4,1.5,9.0,-0.2,0.958,3.72,5.72,0.65,0.042,0.07,0.25,0.278,4.56,9.63,0.474,9.61,0.3,0.04,2.97,0.39,3.23,-1.17
1629066,Rodions Kurucs,5.9,0.1,0.2,0.75,0.2,0.9,1.1,0.5,0.6,0.4,0.2,0.1,0.8,1.5,-0.1,0.344,0.24,0.52,0.455,0.656,0.29,1.0,0.286,1.4,3.2,0.438,1.19,0.71,0.0,0.05,0.1,0.48,0.2
203918,Rodney Hood,17.1,0.4,0.5,0.857,0.4,1.5,1.9,1.0,0.7,0.4,0.1,0.1,1.3,4.5,-2.4,0.565,1.09,2.67,0.408,0.435,0.62,2.05,0.301,2.31,5.23,0.441,2.27,0.89,0.09,0.2,0.25,0.25,-1.58
203585,Rodney McGruder,12.1,0.4,0.5,0.75,0.5,0.9,1.4,1.0,0.4,0.5,0.1,0.1,0.8,5.7,-1.1,0.657,1.63,2.88,0.565,0.343,0.69,1.5,0.458,1.87,3.67,0.509,1.19,0.88,0.0,0.19,0.44,0.25,0.13
1629641,Romeo Langford,15.7,0.5,0.7,0.75,0.7,1.3,1.9,0.7,0.6,0.3,0.3,0.3,1.3,3.1,-3.7,0.695,0.89,2.28,0.39,0.305,0.28,1.0,0.278,2.18,5.59,0.389,3.33,0.61,0.22,0.06,0.28,0.17,0.23
1626178,Rondae Hollis-Jefferson,9.8,0.8,1.5,0.563,1.0,1.4,2.4,1.2,0.2,0.2,0.4,0.2,1.4,2.5,-0.6,0.944,0.82,1.55,0.529,0.056,0.0,0.09,0.0,1.6,3.9,0.41,2.55,0.27,0.0,1.09,0.45,0.45,1.59
1626220,Royce O'Neale,31.6,0.5,0.6,0.848,1.2,5.6,6.8,2.5,1.2,0.8,0.5,0.1,2.6,7.0,6.6,0.294,0.96,1.63,0.586,0.706,1.51,3.92,0.385,6.13,13.04,0.47,5.54,1.63,0.0,0.61,0.89,0.87,3.49
200752,Rudy Gay,21.6,1.3,1.6,0.804,0.7,4.1,4.8,1.4,1.0,0.7,0.6,0.3,1.8,11.4,2.1,0.557,2.51,5.56,0.451,0.443,1.68,4.41,0.381,3.25,8.17,0.398,4.63,1.54,0.03,0.62,0.54,0.63,1.58
203497,Rudy Gobert,30.8,3.3,5.3,0.623,3.4,10.1,13.5,1.3,1.7,0.6,2.7,0.6,2.3,14.3,10.3,0.993,5.49,8.08,0.679,0.007,0.0,0.06,0.0,7.99,19.07,0.419,14.83,1.35,0.06,6.11,0.54,2.75,5.28
1629060,Rui Hachimura,31.5,2.2,2.8,0.77,0.9,4.6,5.5,1.4,1.2,0.8,0.1,0.9,2.1,13.8,-1.9,0.789,4.65,8.96,0.519,0.211,0.79,2.4,0.328,5.37,11.56,0.464,6.79,1.26,0.02,0.84,0.54,1.25,-1.59
201566,Russell Westbrook,36.4,4.2,6.4,0.656,1.7,9.9,11.5,11.7,4.8,1.4,0.4,1.1,2.9,22.2,-1.4,0.779,7.05,14.85,0.475,0.221,1.32,4.2,0.315,4.35,9.09,0.479,3.42,2.62,0.11,0.2,1.18,0.42,1.38
1627853,Ryan Arcidiacono,10.2,0.3,0.5,0.65,0.1,1.4,1.5,1.3,0.2,0.2,0.0,0.1,1.1,3.1,0.2,0.427,0.55,1.14,0.48,0.573,0.57,1.52,0.373,1.56,3.24,0.481,1.16,0.52,0.2,0.11,0.2,0.11,-0.41
1630240,Saben Lee,16.3,1.3,1.9,0.685,0.4,1.6,2.0,3.6,1.1,0.7,0.3,0.5,1.6,5.6,-1.9,0.89,1.9,3.9,0.487,0.11,0.17,0.48,0.348,2.98,6.16,0.483,2.35,1.13,0.1,0.17,0.5,0.08,-0.9
1630180,Saddiq Bey,27.3,1.8,2.1,0.844,0.6,3.9,4.5,1.4,0.9,0.7,0.2,0.5,1.6,12.2,-3.0,0.337,1.49,3.31,0.448,0.663,2.5,6.51,0.384,3.57,7.33,0.487,3.91,1.06,0.0,0.34,0.63,0.97,-0.59
1630241,Sam Merrill,7.8,0.1,0.1,1.0,0.2,0.8,1.0,0.7,0.3,0.3,0.0,0.2,0.6,3.0,-1.3,0.347,0.37,0.83,0.44,0.653,0.7,1.57,0.447,1.96,3.83,0.511,1.3,0.47,0.03,0.03,0.23,0.17,-0.55
1630253,Sean McDermott,8.8,0.4,0.4,1.0,0.3,0.7,1.1,0.2,0.2,0.1,0.2,0.1,0.4,2.2,-3.2,0.333,0.44,0.61,0.727,0.667,0.28,1.22,0.227,1.77,4.62,0.383,2.22,0.17,0.0,0.0,0.17,0.17,-1.14
1629635,Sekou Doumbouya,15.5,0.8,1.1,0.703,0.7,1.9,2.6,0.8,0.8,0.4,0.2,0.5,1.7,5.1,-2.4,0.593,1.45,2.96,0.488,0.407,0.46,2.04,0.228,2.6,5.3,0.491,2.82,0.84,0.0,0.55,0.32,1.11,-3.07
1628400,Semi Ojeleye,17.0,0.4,0.6,0.75,0.6,2.1,2.6,0.7,0.4,0.3,0.0,0.2,1.0,4.6,0.1,0.285,0.55,1.13,0.492,0.715,1.04,2.82,0.367,2.8,5.85,0.478,3.3,0.36,0.13,0.32,0.32,0.64,-0.33
201586,Serge Ibaka,23.3,1.0,1.3,0.811,1.8,4.9,6.7,1.8,1.1,0.2,1.1,0.3,1.9,11.1,3.8,0.691,3.51,6.0,0.585,0.309,0.93,2.68,0.345,5.41,11.54,0.469,9.78,0.56,0.0,3.29,0.51,2.83,-0.07
203552,Seth Curry,28.7,1.2,1.4,0.896,0.2,2.2,2.4,2.7,1.1,0.8,0.1,0.3,1.7,12.5,5.6,0.493,2.32,4.77,0.485,0.507,2.21,4.91,0.45,3.72,8.37,0.444,2.58,1.42,0.05,0.25,0.46,0.32,2.1
1628983,Shai Gilgeous-Alexander,33.7,5.3,6.5,0.808,0.5,4.2,4.7,5.9,3.0,0.8,0.7,1.1,2.0,23.7,-5.3,0.699,6.14,11.26,0.546,0.301,2.03,4.86,0.418,6.11,13.46,0.454,8.17,1.89,0.0,0.26,0.8,0.17,-0.55
1629003,Shake Milton,23.2,2.3,2.8,0.83,0.5,1.8,2.3,3.1,1.6,0.6,0.3,0.8,2.1,13.0,2.1,0.696,3.63,7.37,0.494,0.304,1.13,3.22,0.35,3.19,7.3,0.437,3.9,0.92,0.03,0.14,0.44,0.25,-0.63
1627885,Shaquille Harrison,9.8,0.5,0.6,0.818,0.2,1.2,1.4,0.7,0.3,0.5,0.1,0.3,1.0,2.1,-2.2,0.787,0.68,1.74,0.39,0.213,0.09,0.47,0.188,2.1,4.31,0.488,1.59,1.06,0.0,0.06,0.38,0.06,-2.09
1628414,Sindarius Thornwell,10.3,0.2,0.4,0.5,0.1,0.7,0.9,1.0,0.3,0.6,0.1,0.1,0.7,2.0,-0.4,0.511,0.38,1.1,0.348,0.489,0.29,1.05,0.273,1.94,4.63,0.419,1.57,0.67,0.0,0.1,0.19,0.14,0.31
1630219,Skylar Mays,8.2,0.7,0.8,0.88,0.3,0.8,1.1,0.9,0.3,0.4,0.1,0.2,0.5,3.8,0.4,0.592,0.91,1.76,0.517,0.408,0.42,1.21,0.35,1.38,3.33,0.413,1.24,0.88,0.03,0.09,0.33,0.21,0.23
203524,Solomon Hill,21.3,0.5,0.6,0.761,0.6,2.4,3.0,1.1,0.6,0.7,0.2,0.1,1.6,4.5,0.4,0.286,0.54,1.2,0.447,0.714,0.96,2.99,0.321,3.11,6.97,0.446,3.77,1.68,0.01,0.37,0.46,0.76,-1.09
203915,Spencer Dinwiddie,21.4,2.0,2.0,1.0,0.0,4.3,4.3,3.0,1.7,0.7,0.3,0.0,1.3,6.7,14.0,0.563,1.33,3.0,0.444,0.438,0.67,2.33,0.286,3.33,9.33,0.357,4.0,0.67,0.0,0.67,0.33,0.33,0.12
1626169,Stanley Johnson,16.5,0.7,0.9,0.8,0.5,2.0,2.5,1.5,0.9,0.9,0.3,0.2,1.9,4.4,-2.6,0.409,0.72,1.56,0.463,0.591,0.74,2.25,0.328,2.72,5.72,0.475,3.13,1.54,0.0,0.43,0.39,0.74,-2.83
201939,Stephen Curry,34.2,5.7,6.3,0.916,0.5,5.0,5.5,5.8,3.4,1.2,0.1,0.9,1.9,32.0,3.9,0.415,5.08,8.94,0.568,0.585,5.32,12.6,0.422,3.08,6.94,0.444,3.43,2.13,0.14,1.21,0.98,0.48,5.71
1628425,Sterling Brown,24.1,0.5,0.6,0.806,0.7,3.6,4.4,1.4,0.8,0.7,0.2,0.3,1.9,8.2,-3.0,0.359,1.16,2.31,0.5,0.641,1.75,4.14,0.422,4.9,9.76,0.502,5.33,1.39,0.02,0.22,0.67,0.98,-1.53
203500,Steven Adams,27.7,1.0,2.3,0.444,3.7,5.2,8.9,1.9,1.3,0.9,0.7,0.3,1.9,7.6,0.3,0.99,3.24,5.24,0.618,0.01,0.0,0.05,0.0,5.88,11.86,0.496,9.31,1.48,0.03,4.1,0.93,3.88,2.99
1629004,Svi Mykhailiuk,20.1,0.6,0.8,0.76,0.4,2.1,2.5,1.7,1.3,0.8,0.2,0.4,1.0,8.5,-3.5,0.379,1.56,2.91,0.536,0.621,1.59,4.76,0.334,3.19,6.64,0.48,3.55,1.15,0.03,0.2,0.52,0.2,-0.04
1628388,T.J. Leaf,5.1,0.3,0.3,1.0,0.0,0.7,0.7,0.1,0.3,0.3,0.1,0.3,0.1,1.7,-2.9,1.0,0.71,1.43,0.5,0.0,0.0,0.0,,0.86,2.57,0.333,1.86,0.29,0.0,0.14,0.0,0.29,0.08
204456,T.J. McConnell,26.0,0.5,0.7,0.688,0.8,2.9,3.7,6.6,2.0,1.9,0.3,0.4,1.6,8.6,1.0,0.902,3.75,6.41,0.586,0.098,0.22,0.7,0.313,3.61,7.48,0.483,3.07,3.55,0.06,0.09,1.14,0.25,-0.21
203933,T.J. Warren,29.3,2.0,2.5,0.8,0.5,3.0,3.5,1.3,1.0,0.5,0.0,0.5,4.0,15.5,0.3,0.863,6.75,11.0,0.614,0.137,0.0,1.75,0.0,3.5,5.25,0.667,2.0,1.5,0.0,0.5,0.25,0.0,-0.29
1629605,Tacko Fall,7.1,0.3,0.8,0.333,0.8,1.9,2.7,0.2,0.3,0.1,1.1,0.2,1.2,2.5,1.4,1.0,1.11,1.53,0.724,0.0,0.0,0.0,,2.06,5.31,0.388,3.68,0.11,0.0,0.84,0.32,0.63,0.88
201959,Taj Gibson,20.8,0.9,1.2,0.727,2.2,3.4,5.6,0.8,0.5,0.7,1.1,0.3,2.2,5.4,2.9,0.905,2.13,3.18,0.671,0.095,0.07,0.33,0.2,4.0,9.18,0.436,6.62,1.11,0.09,3.58,0.71,3.42,-0.12
1629659,Talen Horton-Tucker,20.1,1.5,2.0,0.775,0.4,2.2,2.6,2.8,1.6,1.0,0.3,0.5,2.0,9.0,0.2,0.732,2.88,5.49,0.524,0.268,0.57,2.02,0.282,3.61,7.67,0.47,4.06,1.43,0.09,0.32,0.62,0.34,-0.75
1627752,Taurean Prince,22.1,1.6,1.9,0.855,0.5,3.0,3.5,1.9,1.1,0.7,0.6,0.4,1.8,9.5,-3.1,0.526,1.66,4.12,0.402,0.474,1.49,3.71,0.401,3.73,8.03,0.464,4.02,1.41,0.12,0.15,0.54,0.49,-0.69
1629611,Terance Mann,18.9,1.2,1.4,0.83,0.8,2.8,3.6,1.6,0.6,0.4,0.2,0.5,1.9,7.0,0.5,0.738,2.01,3.79,0.531,0.262,0.55,1.34,0.411,3.92,8.1,0.484,3.61,1.01,0.0,0.22,0.4,0.36,0.34
1629056,Terence Davis,17.6,0.7,0.9,0.818,0.3,2.2,2.5,1.4,1.0,0.7,0.2,0.5,1.6,8.7,-1.1,0.414,1.59,3.1,0.513,0.586,1.61,4.38,0.367,2.72,5.32,0.512,2.49,1.21,0.02,0.05,0.34,0.28,1.01
1628390,Terrance Ferguson,3.8,0.0,0.0,0.0,0.0,0.1,0.1,0.2,0.3,0.1,0.0,0.0,0.5,0.2,-1.5,0.286,0.08,0.15,0.5,0.714,0.0,0.38,0.0,0.71,1.29,0.556,0.31,0.31,0.0,0.0,0.0,0.31,-2.35
203082,Terrence Ross,29.3,2.6,3.0,0.87,0.3,3.1,3.4,2.3,1.6,1.0,0.5,0.6,1.9,15.6,-5.1,0.571,3.59,7.65,0.469,0.429,1.93,5.74,0.337,4.04,8.91,0.454,4.26,1.61,0.0,0.0,0.7,0.28,-1.22
1626179,Terry Rozier,34.5,2.4,2.9,0.817,0.7,3.7,4.4,4.2,1.9,1.3,0.4,0.5,1.7,20.4,-1.3,0.496,4.17,8.14,0.512,0.504,3.22,8.26,0.389,4.81,10.62,0.453,4.8,2.07,0.17,0.25,0.97,0.32,-2.62
201152,Thaddeus Young,24.3,1.0,1.7,0.628,2.5,3.8,6.2,4.3,2.0,1.1,0.6,0.6,2.2,12.1,2.1,0.932,5.26,9.09,0.579,0.068,0.18,0.66,0.267,5.04,10.0,0.504,6.54,2.16,0.28,2.63,0.76,1.87,1.8
203648,Thanasis Antetokounmpo,9.7,0.4,0.9,0.51,0.9,1.2,2.2,0.8,0.8,0.4,0.2,0.2,1.3,2.9,-0.2,0.788,1.05,1.89,0.556,0.212,0.12,0.51,0.241,1.68,4.15,0.405,2.35,0.91,0.04,0.44,0.56,0.32,0.8
1630177,Theo Maledon,27.3,1.6,2.1,0.748,0.4,2.9,3.2,3.5,2.2,0.9,0.2,0.3,1.9,10.1,-9.6,0.492,1.86,4.63,0.402,0.508,1.6,4.78,0.334,4.12,8.8,0.469,4.89,1.32,0.0,0.09,0.65,0.26,-3.77
1629033,Theo Pinson,2.0,0.0,0.0,0.0,0.0,0.3,0.3,0.1,0.1,0.0,0.0,0.0,0.2,0.1,-0.9,0.111,0.06,0.06,1.0,0.889,0.0,0.47,0.0,0.82,1.36,0.6,0.53,0.06,0.0,0.0,0.0,0.06,-0.69
1628418,Thomas Bryant,27.1,1.6,2.4,0.667,1.8,4.3,6.1,1.5,1.1,0.4,0.8,0.2,3.1,14.3,-1.4,0.769,5.0,7.0,0.714,0.231,0.9,2.1,0.429,7.0,14.1,0.496,12.5,1.2,0.0,4.3,0.1,2.6,-1.31
1627748,Thon Maker,9.6,1.3,1.4,0.909,1.0,1.3,2.3,0.5,0.4,0.3,0.5,0.1,0.9,3.8,-2.3,0.889,1.25,2.0,0.625,0.111,0.0,0.25,0.0,2.75,5.5,0.5,3.88,0.25,0.0,0.38,0.5,0.5,-2.06
204025,Tim Frazier,12.4,0.4,1.2,0.333,0.0,1.6,1.6,3.2,0.8,0.4,0.2,0.4,1.4,1.6,1.0,0.6,0.6,2.4,0.25,0.4,0.0,1.6,0.0,1.67,4.33,0.385,1.4,1.0,0.0,0.0,0.0,0.4,-1.57
203501,Tim Hardaway Jr.,28.4,2.0,2.5,0.816,0.3,3.0,3.3,1.8,0.9,0.4,0.2,0.4,1.6,16.6,1.0,0.419,2.86,5.44,0.525,0.581,2.96,7.54,0.392,4.51,10.07,0.448,5.09,0.9,0.24,0.49,0.43,0.46,-0.03
1627789,Timothe Luwawu-Cabarrot,18.1,0.6,0.7,0.814,0.5,1.7,2.2,1.2,0.7,0.6,0.1,0.3,1.7,6.4,-0.4,0.329,0.95,2.02,0.47,0.671,1.29,4.12,0.314,3.33,6.75,0.494,3.78,0.83,0.07,0.19,0.33,1.03,-2.94
202699,Tobias Harris,32.5,2.9,3.3,0.892,1.0,5.8,6.8,3.5,1.7,0.9,0.8,1.0,1.9,19.5,5.2,0.775,6.31,11.55,0.546,0.225,1.32,3.35,0.394,5.55,11.08,0.501,5.98,1.39,0.0,0.65,0.63,1.23,0.7
203107,Tomas Satoransky,22.5,1.2,1.4,0.848,0.5,1.9,2.4,4.7,1.7,0.7,0.2,0.3,1.5,7.7,0.0,0.642,2.19,3.62,0.605,0.358,0.72,2.02,0.359,3.03,6.62,0.458,3.34,1.33,0.02,0.31,0.5,0.38,1.19
1628396,Tony Bradley,16.3,0.9,1.3,0.691,2.0,3.7,5.7,0.9,0.8,0.4,0.7,0.4,1.5,7.1,-0.4,0.985,3.07,4.55,0.675,0.015,0.0,0.07,0.0,3.34,7.76,0.431,6.24,0.6,0.0,2.38,0.26,2.29,-0.74
203503,Tony Snell,21.1,0.2,0.2,1.0,0.4,2.0,2.4,1.3,0.4,0.3,0.2,0.2,1.6,5.3,1.4,0.365,0.55,1.32,0.419,0.635,1.32,2.3,0.574,3.39,7.41,0.457,4.17,0.87,0.0,0.4,0.34,0.55,-0.96
1628470,Torrey Craig,16.1,0.3,0.4,0.773,1.1,2.8,3.9,1.0,0.5,0.6,0.5,0.2,1.7,5.5,-1.9,0.533,1.4,2.42,0.579,0.467,0.78,2.12,0.368,2.91,6.4,0.455,3.96,1.44,0.02,0.34,0.36,0.48,-2.4
1629027,Trae Young,33.7,7.7,8.7,0.886,0.6,3.3,3.9,9.4,4.1,0.8,0.2,1.0,1.8,25.3,4.2,0.644,5.57,11.35,0.491,0.356,2.14,6.29,0.341,3.74,8.1,0.462,1.87,1.4,0.06,0.14,1.1,0.14,-0.02
1630200,Tre Jones,7.3,0.5,0.5,0.895,0.2,0.4,0.6,1.1,0.4,0.2,0.0,0.2,0.4,2.5,-2.2,0.936,0.92,1.97,0.466,0.064,0.08,0.14,0.6,1.88,3.33,0.563,0.84,0.49,0.0,0.05,0.08,0.03,-1.13
1629682,Tremont Waters,9.1,0.6,0.7,0.941,0.2,0.6,0.8,2.4,1.0,0.6,0.0,0.2,0.7,3.8,-0.4,0.548,0.73,1.77,0.413,0.452,0.58,1.46,0.395,1.52,3.29,0.464,0.92,1.15,0.0,0.08,0.19,0.08,-0.08
1630235,Trent Forrest,10.1,0.6,0.6,1.0,0.4,1.1,1.5,1.5,0.7,0.3,0.1,0.1,0.7,2.9,-1.6,0.634,0.9,1.5,0.6,0.366,0.17,0.87,0.192,1.84,3.72,0.495,1.77,0.57,0.0,0.13,0.2,0.13,-1.15
2772,Trevor Ariza,28.0,1.1,1.5,0.773,0.9,3.9,4.8,1.8,0.7,1.0,0.6,0.3,1.8,9.4,1.3,0.407,1.63,3.27,0.5,0.593,1.67,4.77,0.35,4.43,10.3,0.43,5.87,2.53,0.17,0.4,0.67,0.9,-1.27
203504,Trey Burke,14.7,0.8,0.9,0.895,0.2,0.7,0.9,1.3,0.5,0.6,0.1,0.3,1.0,6.6,0.2,0.535,1.5,3.05,0.492,0.465,0.94,2.65,0.354,1.78,4.11,0.434,1.42,0.89,0.02,0.27,0.29,0.19,-0.16
1626168,Trey Lyles,15.6,0.7,1.0,0.652,0.4,3.3,3.7,0.6,0.3,0.3,0.0,0.0,0.6,5.0,-4.7,0.556,1.26,2.17,0.58,0.444,0.61,1.74,0.35,2.95,6.09,0.485,4.04,0.7,0.0,0.57,0.13,0.91,-1.09
202684,Tristan Thompson,23.8,1.3,2.2,0.592,3.1,5.0,8.1,1.2,1.1,0.4,0.6,0.6,2.2,7.6,0.4,0.991,3.13,5.98,0.523,0.009,0.0,0.06,0.0,5.41,10.94,0.494,8.13,0.56,0.0,4.0,0.7,2.61,-0.44
1628972,Troy Brown Jr.,15.4,0.4,0.6,0.714,0.6,2.5,3.1,0.9,0.6,0.3,0.2,0.2,1.4,4.7,0.8,0.514,1.18,2.18,0.541,0.486,0.65,2.06,0.314,2.58,5.27,0.489,2.53,0.76,0.03,0.0,0.53,0.53,-0.55
1629660,Ty Jerome,23.9,0.8,1.0,0.765,0.3,2.5,2.8,3.6,1.4,0.6,0.2,0.3,1.8,10.7,-4.1,0.415,1.73,3.61,0.479,0.585,2.15,5.09,0.423,3.36,7.33,0.459,3.06,1.39,0.0,0.15,0.42,0.15,-2.08
1630234,Ty-Shon Alexander,3.2,0.1,0.1,0.5,0.1,0.5,0.7,0.4,0.2,0.0,0.1,0.0,0.1,0.6,-0.5,0.25,0.07,0.2,0.333,0.75,0.13,0.6,0.222,0.5,1.7,0.294,0.53,0.13,0.0,0.0,0.0,0.07,-0.08
1630189,Tyler Bey,3.9,0.2,0.3,0.6,0.4,0.6,1.1,0.2,0.2,0.0,0.1,0.1,0.3,1.0,-2.1,0.818,0.33,1.0,0.333,0.182,0.06,0.22,0.25,1.67,2.93,0.568,1.44,0.17,0.0,0.11,0.06,0.17,-0.7
1629076,Tyler Cook,13.7,0.5,1.1,0.486,0.9,2.1,3.0,0.5,0.7,0.3,0.1,0.3,1.1,4.9,-1.1,0.98,2.06,3.0,0.688,0.02,0.03,0.06,0.5,1.86,4.17,0.446,2.38,0.56,0.0,0.94,0.41,0.34,-0.97
1629639,Tyler Herro,30.3,1.7,2.2,0.803,0.5,4.5,5.0,3.4,1.9,0.6,0.3,0.7,1.3,15.1,-1.6,0.575,3.7,7.44,0.498,0.425,1.98,5.5,0.36,4.17,9.37,0.445,5.37,1.07,0.0,0.5,0.65,0.43,-2.59
204020,Tyler Johnson,17.5,0.5,0.5,0.857,0.2,1.8,2.0,1.2,0.4,0.4,0.0,0.2,1.1,5.4,1.2,0.279,0.62,1.31,0.471,0.721,1.23,3.38,0.364,2.77,5.69,0.487,2.56,0.82,0.13,0.21,0.33,0.49,-1.92
1630179,Tyrell Terry,5.1,0.1,0.3,0.333,0.0,0.5,0.5,0.5,0.2,0.5,0.0,0.0,0.2,1.0,0.0,0.563,0.45,0.82,0.556,0.438,0.0,0.64,0.0,0.86,2.14,0.4,0.36,0.73,0.09,0.0,0.0,0.0,-0.11
1630169,Tyrese Haliburton,30.1,0.8,1.0,0.857,0.7,2.3,3.0,5.3,1.6,1.3,0.5,0.3,1.4,13.0,-3.1,0.522,2.95,5.57,0.529,0.478,2.09,5.1,0.409,4.39,9.07,0.484,4.36,2.14,0.0,0.21,0.83,0.17,-1.45
1630178,Tyrese Maxey,15.3,1.0,1.1,0.871,0.2,1.5,1.7,2.0,0.7,0.4,0.2,0.4,1.3,8.0,-0.9,0.76,2.74,5.34,0.512,0.24,0.51,1.69,0.301,2.28,4.84,0.471,2.54,0.87,0.02,0.13,0.26,0.2,-1.7
1626145,Tyus Jones,17.5,0.6,0.6,0.911,0.3,1.7,2.0,3.7,0.7,0.9,0.1,0.2,0.4,6.3,-1.2,0.661,1.9,3.9,0.487,0.339,0.64,2.0,0.321,1.87,4.7,0.398,2.11,1.3,0.01,0.11,0.39,0.27,-0.03
1628962,Udoka Azubuike,3.8,0.5,0.7,0.8,0.3,0.6,0.9,0.0,0.2,0.1,0.3,0.1,0.6,1.1,-4.3,1.0,0.27,0.6,0.444,0.0,0.0,0.0,,0.91,2.27,0.4,1.87,0.07,0.0,0.53,0.07,0.53,-1.28
1630176,Vernon Carey Jr.,6.0,0.5,0.6,0.818,0.3,1.1,1.4,0.1,0.3,0.1,0.3,0.2,0.7,2.4,-0.6,0.806,0.89,1.53,0.586,0.194,0.05,0.37,0.143,1.11,2.83,0.392,2.0,0.16,0.0,0.32,0.05,0.37,-0.08
203506,Victor Oladipo,32.7,3.2,4.2,0.754,0.4,4.5,4.8,4.6,2.5,1.4,0.4,1.2,2.5,19.8,-2.2,0.585,4.7,10.0,0.47,0.415,2.36,7.09,0.333,5.42,12.33,0.44,6.12,2.97,0.36,0.45,1.03,0.82,0.47
1629738,Vincent Poirier,3.9,0.2,0.6,0.333,0.6,0.8,1.4,0.2,0.4,0.0,0.3,0.2,0.8,0.8,-1.6,0.917,0.3,1.1,0.273,0.083,0.0,0.1,0.0,1.13,2.75,0.409,1.8,0.1,0.0,0.6,0.0,0.3,-0.91
1628427,Vlatko Cancar,6.9,0.2,0.3,0.769,0.3,1.0,1.2,0.3,0.3,0.3,0.0,0.1,0.4,2.1,-2.5,0.548,0.59,0.98,0.6,0.452,0.22,0.8,0.273,1.62,3.24,0.5,1.56,0.29,0.0,0.12,0.12,0.34,-1.9
201961,Wayne Ellington,22.0,0.6,0.8,0.8,0.3,1.6,1.8,1.5,0.7,0.4,0.2,0.2,1.3,9.6,-1.5,0.191,0.72,1.37,0.524,0.809,2.43,5.8,0.419,3.27,6.76,0.484,3.37,0.67,0.0,0.24,0.46,0.15,-0.15
1628976,Wendell Carter Jr.,25.5,2.4,3.3,0.732,2.4,5.8,8.2,1.9,1.4,0.6,0.8,0.6,2.7,11.2,-4.5,0.888,3.98,7.52,0.53,0.112,0.28,0.94,0.294,5.67,11.76,0.482,8.93,1.13,0.06,4.69,0.63,2.93,-1.55
1629117,Wenyen Gabriel,11.5,0.5,0.8,0.647,1.0,1.6,2.6,0.5,0.7,0.4,0.4,0.1,1.5,3.4,0.1,0.467,0.52,1.33,0.393,0.533,0.62,1.52,0.406,2.74,6.21,0.441,3.76,0.57,0.0,0.38,0.14,0.71,-0.35
1628411,Wes Iwundu,13.1,0.6,0.8,0.839,0.4,1.8,2.2,0.4,0.5,0.4,0.1,0.3,1.2,2.4,-2.3,0.598,0.71,1.49,0.475,0.402,0.12,1.0,0.122,2.35,5.29,0.444,1.93,0.93,0.0,0.05,0.27,0.15,0.27
202083,Wesley Matthews,19.5,0.6,0.7,0.854,0.3,1.3,1.6,0.9,0.4,0.7,0.3,0.1,1.4,4.8,0.7,0.221,0.4,0.95,0.418,0.779,1.14,3.34,0.34,2.54,5.93,0.429,3.09,1.21,0.05,0.14,0.53,0.83,1.46
203115,Will Barton,31.0,1.7,2.2,0.785,0.7,3.3,4.0,3.2,1.7,0.9,0.4,0.6,1.7,12.7,4.1,0.578,2.86,6.23,0.458,0.422,1.73,4.55,0.38,4.35,8.93,0.487,4.73,1.57,0.04,0.16,0.43,0.2,0.59
1626161,Willie Cauley-Stein,17.1,0.9,1.5,0.628,1.2,3.2,4.5,0.7,0.5,0.4,0.8,0.2,2.4,5.3,2.6,0.94,2.15,3.23,0.667,0.06,0.02,0.21,0.091,4.23,9.08,0.466,6.3,1.04,0.02,3.06,0.45,1.94,2.22
1626195,Willy Hernangomez,18.0,1.3,2.0,0.667,2.5,4.6,7.1,1.1,0.7,0.5,0.5,0.6,1.4,7.8,-0.3,0.963,3.17,5.47,0.58,0.037,0.02,0.21,0.1,4.89,9.27,0.528,6.34,0.79,0.06,2.15,0.6,1.83,-1.23
1630214,Xavier Tillman,18.4,0.6,0.9,0.642,1.3,3.1,4.3,1.3,0.8,0.7,0.6,0.4,2.0,6.6,0.6,0.783,2.46,3.97,0.62,0.217,0.37,1.1,0.338,4.02,8.59,0.467,7.44,1.29,0.0,2.73,0.53,2.32,1.12
1627812,Yogi Ferrell,13.7,0.7,0.9,0.778,0.5,1.4,1.9,2.2,0.3,0.7,0.3,0.6,1.1,5.6,-0.1,0.509,1.0,2.7,0.37,0.491,0.9,2.6,0.346,1.56,3.89,0.4,1.4,0.8,0.0,0.2,1.0,0.0,0.08
1629139,Yuta Watanabe,14.5,0.5,0.6,0.828,0.7,2.5,3.2,0.8,0.4,0.5,0.4,0.2,1.1,4.4,-0.8,0.5,0.86,1.8,0.478,0.5,0.72,1.8,0.4,2.46,5.44,0.452,3.92,0.68,0.02,0.28,0.36,0.68,0.43
203897,Zach LaVine,35.1,4.4,5.1,0.849,0.6,4.4,5.0,4.9,3.5,0.8,0.5,1.2,2.4,27.4,-0.2,0.575,6.36,11.14,0.571,0.425,3.45,8.22,0.419,4.67,11.1,0.421,6.45,1.33,0.0,0.33,0.78,0.5,0.3
1630192,Zeke Nnaji,9.5,0.3,0.4,0.8,0.3,1.2,1.5,0.2,0.2,0.2,0.1,0.2,0.7,3.2,-2.0,0.433,0.62,1.07,0.578,0.567,0.57,1.4,0.407,2.34,4.74,0.494,2.52,0.52,0.0,0.26,0.12,0.6,-1.58
1629627,Zion Williamson,33.2,6.0,8.7,0.698,2.7,4.5,7.2,3.7,2.7,0.9,0.6,2.1,2.2,27.0,1.5,0.967,10.23,16.44,0.622,0.033,0.16,0.56,0.294,5.51,12.48,0.442,7.72,1.79,0.02,1.95,1.1,1.2,1.87
