pID,Name,From,To
1628690,Tyshawn Abbott,2017,2017
1627427,Jalil Abdul-Bassit,2015,2015
1629240,Muhammad-Ali Abdur-Rahkman,2018,2019
203680,Alfred Aboya,2013,2014
202868,Jamar Abrams,2011,2011
202575,Jamal Abu-Shamala,2010,2010
201719,Mohammed Abukar,2008,2008
101165,Alex Acker,2005,2008
203112,Quincy Acy,2012,2018
200549,Ben Adams,2005,2005
1629824,Jalen Adams,2019,2020
1629121,Jaylen Adams,2018,2019
203919,Jordan Adams,2014,2018
1629462,Josh Adams,2018,2018
202243,Wink Adams,2009,2010
1628108,Matthew Adekponya,2015,2015
1629061,Deng Adel,2018,2019
200846,Kenny Adeleke,2012,2012
1628638,Josh Adeyeye,2017,2017
202399,Jeff Adrien,2010,2012
200772,Maurice Ager,2006,2009
201861,Antoine Agudio,2008,2015
203196,Ronnie Aguilar,2015,2015
201336,Blake Ahearn,2007,2014
1628097,Aly Ahmed,2015,2015
1629916,Bashir Ahmed,2019,2019
203562,CJ Aiken,2013,2013
201582,Alexis Ajinca,2008,2009
101224,Deji Akindele,2005,2007
202859,David Akinyooye,2011,2011
203006,Josh Akognon,2011,2013
1629152,DeVaughn Akoon-Purcell,2018,2019
200969,Mustafa Al-Sayyad,2006,2007
202374,Solomon Alabi,2010,2012
202332,Cole Aldrich,2010,2010
101243,Chris Alexander,2007,2008
1626146,Cliff Alexander,2015,2017
1627000,Daniel Alexander,2016,2017
201570,Joe Alexander,2009,2014
1629734,Kyle Alexander,2019,2019
1630234,Ty-Shon Alexander,2020,2020
202777,Xavier Alexander,2011,2014
1629812,Courtney Alexander II,2019,2019
1629638,Nickeil Alexander-Walker,2019,2019
1628576,Bryce Alford,2017,2018
1628121,Montigo Alford,2015,2015
1628959,Rawle Alkins,2018,2020
203694,Chris Allen,2013,2014
1628614,Dakarai Allen,2017,2020
1628086,David Allen,2015,2015
1628960,Grayson Allen,2018,2018
203730,John Allen,2013,2013
202161,Julian Allen,2009,2009
1628443,Kadeem Allen,2017,2019
202730,Lavoy Allen,2017,2018
1629305,Marcus Allen,2018,2019
200561,Myron Allen,2005,2006
1629249,Noah Allen,2018,2019
201329,Ronald Allen,2007,2011
1628875,Seth Allen,2017,2017
201774,Steve Allen,2008,2008
1627895,Dii'jon Allen-Jordan,2015,2015
201250,Shagari Alleyne,2008,2009
202507,Corey Allmond,2010,2013
200984,Lance Allred,2006,2010
201165,Morris Almond,2007,2012
1747,Rafer Alston,2011,2011
1630005,Shizz Alston Jr.,2019,2019
1628608,Richard Amardi,2017,2017
201829,Mildon Ambres,2008,2011
202086,Alade Aminu,2008,2009
1627378,Mychal Ammons,2015,2015
200811,Lou Amundson,2006,2006
200891,Louis Amundson,2006,2006
200995,Aloysius Anagonye,2006,2006
101187,Alan Anderson,2006,2017
202079,Antonio Anderson,2008,2011
1629190,C.J. Anderson,2018,2019
202136,CJ Anderson,2008,2008
1627997,Chris Anderson,2015,2017
202570,Gerard Anderson,2010,2011
202815,Jake Anderson,2011,2011
202341,James Anderson,2010,2010
1626147,Justin Anderson,2015,2019
203198,Kevin Anderson,2012,2015
203937,Kyle Anderson,2014,2014
203793,Larry Anderson,2013,2013
201452,Luke Anderson,2007,2007
203711,Marcel Anderson,2013,2013
202561,Mike Anderson,2006,2012
1627386,Mike Anderson,2015,2016
202151,Rashad Anderson,2008,2013
203353,Ron Anderson,2012,2014
202790,Ryan Anderson,2011,2011
1629316,Ryan Anderson,2018,2018
201797,Tejay Anderson,2008,2008
1627882,Andrew Andrews,2017,2017
201314,Richard Andrews,2007,2007
202876,Zach Andrews,2011,2017
101149,Martynas Andriuskevicius,2005,2006
1629132,Braian Angola-Rodas,2018,2018
201254,Serge Angounou,2007,2008
1628387,Ike Anigbogu,2017,2019
1630313,Sacar Anim,2020,2020
1628961,Kostas Antetokounmpo,2018,2019
203648,Thanasis Antetokounmpo,2013,2019
201202,Joel Anthony,2007,2007
203951,Keith Appling,2014,2015
202496,Dominique Archie,2010,2010
1627853,Ryan Arcidiacono,2015,2017
201832,Eddie Ard,2008,2008
1627234,Chip Armelin,2015,2015
2220,Brandon Armstrong,2006,2006
200756,Hilton Armstrong,2012,2013
1629311,Isaiah Armwood,2018,2019
1628636,Brent Arrington,2017,2017
1628503,Jamel Artis,2017,2018
1629974,Kendarius Ash,2019,2019
1626165,Brandon Ashley,2015,2020
201345,Stanley Asumnu,2007,2011
202213,Connor Atchley,2009,2010
1626276,Darion Atkins,2015,2015
1627359,Eric Atkins,2015,2015
204205,Manny Atkins,2014,2014
203628,Jeremy Atkinson,2013,2014
200033,Jeff Aubry,2004,2004
200788,James Augustine,2006,2006
204148,Kodi Augustus,2014,2014
1627649,Brandon Austin,2017,2017
203279,Bryant Austin,2012,2012
202162,Craig Austrie,2009,2009
1627938,J.J. Avila,2015,2020
201867,Jarred Axon,2008,2008
202184,Chris Ayer,2006,2013
204288,Cameron Ayers,2014,2016
202137,Ryan Ayers,2008,2012
201965,Jeff Ayres,2015,2016
2635,Larry Ayuso,2008,2008
1628962,Udoka Azubuike,2020,2020
1629819,Yudai Baba,2019,2019
203569,Chris Babb,2013,2014
202337,Luke Babbitt,2010,2011
1627588,Dallin Bachynski,2015,2015
203947,Jordan Bachynski,2014,2015
1628407,Dwayne Bacon,2017,2019
204293,Travis Bader,2014,2018
2587,Malick Badiane,2008,2008
1629876,Nicholas Baer,2019,2019
201305,David Bailey,2006,2011
202807,Tirrell Baines,2011,2012
203946,Cameron Bairstow,2015,2015
1628573,Ian Baker,2017,2017
2486,Maurice Baker,2006,2014
1627758,Ron Baker,2016,2017
1627836,Gracin Bakumanya,2016,2017
1627735,Wade Baldwin IV,2016,2018
200764,Renaldo Balkman,2014,2014
204087,Gordon Ball,2013,2013
200519,Sung-Yoon Bang,2004,2008
2837,Alpha Bangura,2008,2008
202839,Jabril Banks,2011,2011
2556,Marcus Banks,2011,2011
101252,Sean Banks,2005,2010
1628779,Tre'Lun Banks,2017,2017
203633,Billy Baptist,2013,2013
1627760,Cat Barber,2015,2019
201833,John Barber,2008,2008
2841,Steven Barber,2006,2006
204157,Nick Barbour,2014,2014
200826,J.J. Barea,2006,2006
1629064,Sedrick Barefield,2019,2019
1628965,Jaylen Barford,2018,2018
1628625,Drew Barham,2017,2017
202778,Brian Barkdoll,2011,2011
1629394,Kentrell Barkley,2018,2018
204140,Kelsey Barlow,2014,2015
1629816,Chancellor Barnard,2019,2019
1627410,Bo Barnes,2015,2015
1628757,Leron Barnes,2017,2017
200937,Tim Barnes,2006,2006
1629153,Jordan Barnett,2018,2018
202152,Sean Barnette,2008,2009
2857,Andre Barrett,2005,2014
2853,Earl Barron,2005,2014
1629191,Canyon Barry,2018,2020
203354,Rodney Bartholomew,2012,2013
1627198,Antonio Barton,2015,2015
203115,Will Barton,2012,2012
101188,Eddie Basden,2005,2009
101138,Brandon Bass,2005,2005
1628238,Paris Bass,2016,2016
1628966,Keita Bates-Diop,2018,2020
200632,Turner Battle,2005,2005
1628967,Tyus Battle,2019,2019
204063,Kadeem Batts,2013,2014
202816,Thomas Baudinet,2011,2012
1628654,Devon Baulkman,2017,2019
203382,Aron Baynes,2012,2013
1962936702,Aron Baynes,2012,2012
203145,Kent Bazemore,2012,2013
1628431,V.J. Beachem,2017,2019
202590,Jermaine Beal,2010,2010
204183,George Beamon,2014,2014
1628109,Anthony Beane,2015,2015
2602,Jerome Beasley,2006,2006
1627736,Malik Beasley,2016,2016
1628033,Tydran Beaty,2015,2015
200575,Romel Beck,2008,2009
1627862,Beau Beech,2015,2017
203989,Chane Behanan,2014,2017
1626526,Cameron Bell,2015,2015
200910,Chad Bell,2006,2006
202540,D'Andre Bell,2010,2011
201333,David Bell,2007,2009
1628395,Jordan Bell,2017,2020
2559,Troy Bell,2006,2006
1629472,Trae Bell-Haynes,2018,2018
203568,Damen Bell-Holter,2013,2013
203155,Oscar Bellfield,2012,2012
1627761,DeAndre' Bembry,2016,2017
1627733,Dragan Bender,2019,2019
203968,Jerrelle Benimon,2014,2014
1629355,Kyle Benjamin,2018,2018
1629849,Malik Benlevi,2019,2020
201874,Cameron Bennerman,2008,2013
203461,Anthony Bennett,2015,2018
202728,Keith Benson,2011,2016
200918,Rod Benson,2006,2009
1627791,Ben Bentil,2015,2016
200909,Ali Berdiel,2007,2007
201362,Roberto Bergersen,2007,2009
201741,David Berghoefer,2008,2008
1628731,Malcolm Bernard,2017,2017
204310,Davion Berry,2014,2017
1629137,Joel Berry,2018,2019
202722,Davis Bertans,2016,2017
1629715,Javon Bess,2019,2019
1628700,Aaron Best,2017,2017
1628609,Michael Bethea Jr.,2017,2019
201862,Tony Bethel,2008,2008
204120,Travis Betran,2014,2014
201976,Patrick Beverley,2012,2012
1627896,Gerald Beverly,2015,2017
1630189,Tyler Bey,2020,2020
204021,Sim Bhullar,2014,2015
1629167,Justin Bibbs,2018,2019
1628448,Kavell Bigby-Williams,2019,2019
202831,Tyrell Biggs,2011,2013
202163,Brayden Billbe,2009,2009
200591,Nick Billings,2005,2005
202120,Jimmy Binnie,2008,2009
203920,Khem Birch,2014,2017
1628444,Jabari Bird,2017,2017
203719,Tony Bishop,2013,2014
1629048,Goga Bitadze,2019,2019
204028,Tarik Black,2014,2015
200985,Jermaine Blackburn,2006,2006
1628511,James Blackmon Jr.,2017,2017
2672,Ronald Blackshear,2005,2005
1629872,Wayne Blackshear,2019,2019
201971,DeJuan Blair,2016,2018
202172,Tyrelle Blair,2009,2009
202832,Jonathan Blake,2011,2011
202392,Marqus Blakely,2010,2011
1628469,Antonio Blakeney,2017,2020
200807,Will Blalock,2006,2012
1628563,Joshua Blamon,2017,2017
1628068,Jaylen Bland,2015,2016
204316,James Blasczyk,2014,2014
101154,Andray Blatche,2005,2005
202339,Eric Bledsoe,2011,2011
1629833,Keljin Blevins,2019,2019
1628417,Jaron Blossomgame,2016,2019
203505,Vander Blue,2013,2019
1629129,Trevon Bluiett,2018,2020
201384,Jahsha Bluntt,2007,2007
202420,Eric Boateng,2006,2010
1626207,Ryan Boatright,2015,2018
1629594,Bennie Boatwright,2020,2020
2800,Tony Bobbitt,2006,2011
2586,Keith Bogans,2015,2015
201465,Mario Boggan,2007,2007
1629782,Shannon Bogues,2019,2019
202512,Jason Bohannon,2010,2013
204254,John Bohannon,2014,2019
1629626,Bol Bol,2019,2019
1628413,Jonah Bolden,2018,2019
1629716,Marques Bolden,2019,2020
1628115,Maurice Bolden,2015,2016
1627762,Joel Bolomboy,2016,2017
1627989,Jaylen Bond,2015,2016
1629260,Tim Bond,2018,2019
1629648,Jordan Bone,2019,2020
1629067,Isaac Bonga,2018,2018
204129,Stefan Bonneau,2013,2013
202236,Luke Bonner,2009,2011
1627389,Askia Booker,2015,2017
1628760,Devon Bookert,2018,2018
201348,Kevin Bookout,2007,2007
200767,Josh Boone,2012,2013
1629595,Phil Booth,2019,2020
202240,James Booyer,2009,2009
203551,Dee Bost,2013,2013
202550,Josh Bostic,2006,2014
1628449,Chris Boucher,2017,2018
202621,Matt Bouldin,2006,2014
2257,Ruben Boumtje-Boumtje,2004,2004
201044,DeAnthony Bowden,2006,2006
1630275,Jordan Bowden,2020,2020
203275,Brandon Bowdry,2012,2013
1627405,Aaron Bowen,2015,2015
200919,Justin Bowen,2006,2009
1628968,Brian Bowen II,2019,2020
1629262,Cinmeon Bowers,2018,2018
200471,Tim Bowers,2004,2004
204108,Jay Bowie,2013,2014
1628084,Ryan Bowie,2015,2015
200847,Brandon Bowman,2006,2007
1629065,Ky Bowman,2019,2020
200587,Seamus Boxley,2005,2005
1629456,Jacobi Boykins,2018,2019
200841,Cedric Bozeman,2006,2011
202765,Solomon Bozeman,2011,2012
202342,Craig Brackins,2010,2012
202340,Avery Bradley,2010,2010
1628616,Jalen Bradley,2017,2017
1628396,Tony Bradley,2017,2018
202171,Jordan Brady,2008,2011
1765,Torraye Braggs,2005,2005
202882,Suleiman Braimoh,2011,2011
1627307,Jamal Branch,2015,2016
1628653,Stephaun Branch,2017,2018
1629714,Jarrell Brantley,2019,2020
1628727,Chris Braswell,2017,2017
1628579,Taylor Braun,2017,2017
1629649,Ignas Brazdeikis,2019,2020
202992,Tyrone Brazelton,2011,2011
2249,Jamison Brewer,2007,2007
200758,Ronnie Brewer,2015,2015
201296,Dwight Brewington,2007,2007
1628626,Brian Bridgeforth,2016,2016
201866,Ryan Bright,2008,2009
1628578,Amida Brimah,2016,2020
1628515,Isaiah Briscoe,2018,2020
1629052,Oshae Brissett,2019,2020
201166,Aaron Brooks,2007,2007
1629717,Armoni Brooks,2019,2020
202466,Brandon Brooks,2006,2012
200489,Chris Brooks,2004,2004
1627126,Daquan Brooks,2019,2019
200640,Darren Brooks,2005,2005
1628006,Devin Brooks,2015,2016
202705,MarShon Brooks,2013,2013
1627459,Thomas Bropleh,2015,2015
200554,Alvin Broussard,2005,2005
1627602,Aaron Brown,2015,2015
203938,Alec Brown,2014,2016
204121,Alvin Brown,2013,2013
2810,Andre Brown,2006,2008
1626148,Anthony Brown,2015,2018
201628,Bobby Brown,2020,2020
1628971,Bruce Brown,2018,2018
1629596,Bryce Brown,2019,2020
203185,Carlon Brown,2012,2012
201379,Cecil Brown,2007,2009
1629813,Chad Brown,2019,2019
1628030,Craig Brown,2015,2015
203266,D'Aundray Brown,2012,2012
2245,Damone Brown,2006,2008
200787,Denham Brown,2006,2008
2484,Devin Brown,2011,2011
1629192,Elijah Brown,2018,2018
202904,Gilbert Brown,2011,2013
1630319,Isaiah Brown,2020,2020
203913,Jabari Brown,2014,2019
201823,Jamaal Brown,2008,2008
201817,Jamar Brown,2008,2011
2208,Kedrick Brown,2007,2008
203485,Lorenzo Brown,2013,2017
203900,Markel Brown,2014,2019
201720,Marshall Brown,2011,2011
1629650,Moses Brown,2019,2020
201856,Nate Brown,2008,2008
200656,Roman Brown,2005,2005
200769,Shannon Brown,2006,2017
203796,Sherwood Brown,2013,2014
1628425,Sterling Brown,2017,2018
2357,Tierre Brown,2005,2008
203802,Tyler Brown,2013,2013
1628665,Vitto Brown,2017,2019
1629956,Barry Brown Jr.,2019,2019
1629718,Charlie Brown Jr.,2019,2020
1628972,Troy Brown Jr.,2018,2018
202869,Justin Brownlee,2011,2013
1628876,Jared Brownridge,2017,2020
201812,Keith Brumbaugh,2008,2009
1627852,Nicolas Brussino,2016,2017
202131,John Bryant,2008,2009
202541,John Bryant,2010,2010
1628418,Thomas Bryant,2017,2018
1628164,Michael Bryson,2016,2019
1629783,Shaq Buchanan,2019,2020
200975,Brad Buckman,2006,2006
203695,Reggie Buckner,2013,2013
203733,William Buford,2013,2014
1630299,Desure Buie,2020,2020
203493,Reggie Bullock,2014,2015
1629276,Connor Burchfield,2018,2018
203504,Trey Burke,2017,2017
202692,Alec Burks,2016,2016
101207,Kevin Burleson,2006,2008
202125,Draelon Burns,2008,2008
201319,Evan Burns,2007,2007
201868,Stanley Burrell,2008,2008
1627897,Trahson Burrell,2015,2019
204166,Jordan Burris,2014,2014
203907,Deonte Burton,2015,2019
1629126,Deonte Burton,2018,2019
200472,Nate Burton,2004,2004
204109,Mike Burwell,2013,2013
201297,Tim Bush,2007,2007
204082,Tre Bussey,2014,2014
202221,Brian Butch,2009,2013
202364,Da'Sean Butler,2006,2011
201818,Lamar Butler,2008,2008
2446,Rasual Butler,2012,2012
201464,Paul Butorac,2007,2007
202779,Dwight Buycks,2011,2017
201182,Derrick Byars,2008,2016
202576,Brad Byerson,2010,2010
101198,Will Bynum,2005,2016
201239,Rashid Byrd,2008,2008
203998,Bruno Caboclo,2014,2019
1629719,Devontae Cacok,2019,2019
201241,Justin Cage,2007,2007
202456,Pierce Caldwell,2010,2010
202817,Dominic Calegari,2011,2011
1629825,Perrion Callandret,2019,2019
1628592,Charles Callison,2016,2016
204173,Jason Calliste,2014,2016
201343,Earl Calloway,2007,2007
201040,Babacar Camara,2006,2006
1628850,Antonio Campbell,2017,2020
200647,Marcus Campbell,2005,2009
202126,Pete Campbell,2008,2009
202833,TJ Campbell,2011,2011
203477,Isaiah Canaan,2013,2019
1628427,Vlatko Cancar,2019,2019
1629962,Devin Cannady,2019,2020
203991,Clint Capela,2014,2014
1627423,Kevin Capers,2015,2016
202382,Derrick Caracter,2010,2015
1630176,Vernon Carey Jr.,2020,2020
1627598,Matt Carlino,2015,2015
2367,Geno Carlisle,2008,2008
1627391,James Carlton,2015,2015
203478,Jackie Carmichael,2013,2013
200655,Bimbo Carmona,2005,2005
200760,Rodney Carney,2015,2015
1629696,Jordan Caroline,2019,2019
203649,Aquille Carr,2013,2013
1629938,CJ Carr,2019,2019
1629193,Phillip Carr,2018,2018
202501,Tasheed Carr,2010,2010
1628974,Tony Carr,2019,2020
1628856,Michael Carrera,2017,2017
201960,DeMarre Carroll,2010,2010
1629050,Jeffrey Carroll,2018,2018
200828,Pat Carroll,2008,2009
202121,D'Lancy Carter,2008,2009
1628519,Devin Carter,2017,2017
202212,Jared Carter,2009,2009
1627401,Jason Carter,2015,2015
1627434,Javier Carter,2015,2015
1628975,Jevon Carter,2018,2018
202960,Paul Carter,2011,2012
201469,Russell Carter,2007,2011
202405,Tweety Carter,2010,2010
1627936,Alex Caruso,2015,2018
1629918,Dontay Caruthers,2019,2019
1626271,Kyle Casey,2015,2018
1629959,Kyle Castlin,2019,2019
1628505,Troy Caupain,2017,2018
1628463,Tyler Cavanaugh,2017,2018
204196,Joonas Caven,2014,2014
1629958,Ahmad Caver,2019,2020
203608,Keith Chamberlain,2014,2014
200898,Mo Charlo,2006,2013
200856,Brian Chase,2006,2007
1628032,Austin Chatman,2015,2018
1629468,Kameron Chatman,2018,2018
1629147,Joe Chealey,2018,2019
1629597,Zylan Cheatham,2019,2020
2251,Eric Chenowith,2007,2007
203805,Will Cherry,2013,2018
1627899,Quinton Chievous,2015,2019
201845,Chris Childress,2008,2008
2735,Josh Childress,2015,2015
1630213,Yoeli Childs,2020,2020
1626762,Ian Chiles,2015,2015
1629185,Chris Chiozza,2018,2020
202607,Wayne Chism,2010,2010
1629912,Luquon Choice,2019,2019
202091,Dionte Christmas,2015,2016
1626176,Rakeem Christmas,2015,2016
203902,Semaj Christon,2014,2016
203565,Patrick Christopher,2013,2015
2255,Ousmane Cisse,2004,2004
1936,Kris Clack,2006,2008
201947,Earl Clark,2009,2015
1629109,Gary Clark,2018,2019
203546,Ian Clark,2013,2014
200592,Jason Clark,2005,2005
201791,Keith Clark,2008,2011
204217,Kris Clark,2014,2014
200899,Milone Clark,2006,2008
1626262,Coty Clarke,2015,2015
203903,Jordan Clarkson,2014,2014
200314,Greg Clausen,2006,2006
1628492,Gian Clavell,2017,2017
201964,Victor Claver,2012,2012
201798,Geary Claxton,2008,2008
1629651,Nicolas Claxton,2019,2019
202854,Reuben Clayton,2011,2011
2043,Mateen Cleaves,2005,2008
1629598,Chris Clemons,2019,2019
1628499,Antonius Cleveland,2017,2020
1627990,Dennis Clifford,2015,2019
202143,Lewis Clinch,2008,2010
201799,Cliff Clinkscales,2008,2009
1569,Keith Closs,2007,2007
1627356,JerShon Cobb,2015,2015
1627396,Mike Cobbins,2015,2019
202997,Kevin Coble,2011,2011
1629352,Jeffrey Coby,2018,2018
1627288,Karl Cochran,2015,2015
1629898,Philip Cofer,2019,2019
1629599,Amir Coffey,2019,2020
202860,Travis Cohn,2011,2011
200574,Anthony Coleman,2005,2011
202606,Aubrey Coleman,2006,2012
203338,Daniel Coleman,2012,2012
201819,Dominique Coleman,2006,2011
204130,Justin Coleman,2013,2013
1628140,Marqueze Coleman,2015,2015
202789,Sam Coleman,2011,2015
200942,Brian Collins,2006,2006
1627901,Chauncey Collins,2015,2015
201653,Coleman Collins,2008,2008
201255,Kris Collins,2007,2009
200776,Mardy Collins,2011,2011
202395,Sherron Collins,2010,2015
1627858,Kyle Collinsworth,2015,2019
202780,Benjamin Colon,2011,2011
1629045,Bonzie Colson,2018,2018
1628435,Chance Comanche,2017,2018
204315,Russ Conley,2014,2014
101215,Will Conroy,2005,2011
201295,Ashanti Cook,2008,2008
201161,Daequan Cook,2007,2007
1627765,Elgin Cook,2015,2016
1630269,Keandre Cook,2020,2020
201847,Mike Cook,2008,2008
1626188,Quinn Cook,2015,2017
1629076,Tyler Cook,2019,2020
1628429,Charles Cooke,2017,2018
1627496,Derek Cooke Jr.,2015,2018
202793,Vance Cooksey,2011,2012
204022,Jack Cooley,2014,2017
1628004,Trevor Cooney,2016,2016
203259,Chris Cooper,2012,2012
201386,Darren Cooper,2006,2011
1628222,Rodney Cooper,2016,2016
1629879,Isaac Copeland,2019,2019
1628126,Tyrell Corbin,2017,2018
202229,Jamelle Cornley,2009,2009
1627906,Aaron Cosby,2015,2015
1627856,Matt Costello,2015,2017
202556,Brandon Costner,2010,2013
202138,Brandon Cotton,2008,2009
203955,Bryce Cotton,2013,2015
204122,Daniel Coursey,2013,2015
202408,Marcus Cousin,2010,2010
1627766,Isaiah Cousins,2015,2018
1627902,Jaleel Cousins,2015,2018
202966,Nick Covington,2011,2014
203496,Robert Covington,2013,2013
203253,Jazwyn Cowan,2012,2013
1630295,Anthony Cowan Jr.,2020,2020
1630315,Darnell Cowart,2020,2020
203459,Allen Crabbe,2013,2013
203905,Aaron Craft,2014,2015
1628470,Torrey Craig,2017,2017
201373,Errick Craven,2007,2007
203329,Chaz Crawford,2012,2012
204039,Chris Crawford,2013,2016
203990,Drew Crawford,2013,2014
201621,Joe Crawford,2008,2014
202348,Jordan Crawford,2014,2016
1627289,Jordon Crawford,2015,2017
1629156,Markel Crawford,2018,2019
200921,Terrence Crawford,2006,2007
1627991,Maurice Creek,2015,2015
1628249,Mitchell Creek,2018,2018
202991,Will Creekmore,2011,2012
1629965,Joe Cremo,2019,2019
202164,James Cripe,2009,2010
1628144,Tyron Criswell,2015,2015
201159,Javaris Crittenton,2010,2010
1627903,Stephen Croone,2016,2016
203109,Jae Crowder,2013,2013
202531,Kyle Cuffe,2010,2010
201269,Michael Cuffee,2007,2007
202222,Sasha Cuic,2009,2009
1629600,Jarron Cumberland,2020,2020
202169,Lee Cummard,2008,2009
203635,Markeith Cummings,2013,2016
200555,TJ Cummings,2005,2009
1907,Vonteego Cummings,2005,2005
1626270,Will Cummings,2015,2015
203099,Jared Cunningham,2012,2019
1629950,Josh Cunningham,2019,2019
202908,Larry Cunningham,2011,2011
202781,Rico Cunningham,2011,2011
201191,JamesOn Curry,2007,2013
200537,Ramel Curry,2005,2005
203552,Seth Curry,2013,2014
203305,Brian Cusworth,2012,2012
203589,Olek Czyz,2013,2013
1628568,Wesley Da Silva,2017,2017
201006,Joe Dabbert,2006,2010
1627838,Boris Dallo,2015,2016
1498,Antonio Daniels,2010,2011
202808,Chris Daniels,2011,2012
203908,DeAndre Daniels,2015,2018
2845,Erik Daniels,2005,2012
200593,Nate Daniels,2005,2005
201007,Shawn Daniels,2006,2006
203584,Troy Daniels,2013,2013
202226,Will Daniels,2009,2009
202196,Anthony Danridge,2008,2009
202231,Joe Darger,2009,2009
1630268,Nate Darling,2020,2020
200501,Kendall Dartez,2005,2011
203540,Gigi Datome,2014,2014
201176,Jermareo Davidson,2007,2010
203667,A.J. Davis,2013,2014
1629542,A.J. Davis,2018,2019
1627454,Alex Davis,2015,2016
1884,Baron Davis,2015,2015
201834,Bennet Davis,2008,2010
203739,Bryan Davis,2013,2013
202181,Chris Davis,2008,2012
201321,Chuck Davis,2007,2007
1629195,Devin Davis,2018,2018
1627738,Deyonta Davis,2016,2019
202334,Ed Davis,2010,2010
200492,Greg Davis,2004,2004
1629860,Jon Davis,2019,2019
2668,Josh Davis,2008,2011
204027,Josh Davis,2013,2014
2792,Kyle Davis,2007,2008
1628666,Kyle Davis,2017,2017
202589,Mike Davis,2010,2011
203339,Mike Davis,2012,2019
1629926,Mike Davis,2019,2019
200781,Paul Davis,2009,2009
1729,Ricky Davis,2011,2011
202971,Ricky Davis,2013,2013
1628069,Trey Davis,2015,2019
1629093,Tyler Davis,2018,2019
1627900,Will Davis,2015,2018
203958,Andre Dawkins,2014,2017
1629601,Aubrey Dawkins,2019,2019
202146,Kenny Dawkins,2008,2009
1626183,Branden Dawson,2015,2016
201286,Eric Dawson,2007,2016
1628617,John Dawson,2017,2019
201948,Austin Daye,2013,2014
202890,Gage Daye,2011,2011
201986,Nando De Colo,2012,2013
1628036,Coreontae DeBerry,2015,2016
1629318,Quenton DeCosey,2018,2018
1629602,Javin DeLaurier,2020,2020
200562,Brandon Dean,2005,2007
200943,Mike Dean,2006,2006
203473,Dewayne Dedmon,2013,2015
1626214,Bryce Dejean-Jones,2015,2015
1626155,Sam Dekker,2015,2015
1629116,Angel Delgado,2018,2019
203636,Jordan Demercy,2013,2013
1628610,Cody Demps,2017,2020
1627641,Deng Deng,2015,2016
202417,Stephen Dennis,2010,2012
202458,Justin Dentmon,2010,2018
1629197,Demetrius Denzel-Dyson,2018,2019
1629094,Marcus Derrickson,2018,2019
202223,Eric Devendorf,2009,2011
1628009,Troy Devries,2015,2016
1628978,Donte DiVincenzo,2018,2018
1629603,Mamadi Diakite,2020,2020
1760,Derrick Dial,2007,2008
1627767,Cheick Diallo,2016,2016
1628977,Hamidou Diallo,2018,2018
1630239,Lamine Diane,2020,2020
200799,Guillermo Diaz,2007,2007
2424,Dan Dickau,2009,2009
2079,Kaniel Dickens,2005,2007
203379,Matt Dickey,2012,2012
202564,Robert Diggs,2010,2010
201835,Ryan Diggs,2008,2008
1628660,Malik Dime,2017,2017
1628520,Daniel Dingle,2017,2017
203915,Spencer Dinwiddie,2014,2016
101113,Ike Diogu,2013,2013
204088,Cory Dixon,2013,2013
1628679,Daniel Dixon,2017,2019
2833,Nigel Dixon,2005,2006
204176,Asauhn Dixon-Tatum,2014,2019
1629095,Dikembe Dixson,2018,2018
1628569,Sidy Djitte,2017,2017
200474,Tony Dobbins,2004,2004
201024,Sean Dockery,2006,2006
1628632,Damonte Dodd,2017,2017
203301,Darnell Dodson,2012,2012
204149,Quinton Doggett,2014,2014
200481,Seth Doliboa,2005,2005
1627637,Henry Domercant,2015,2015
1629867,Stephen Domingo,2019,2019
2039,Keyon Dooling,2012,2012
1630297,Kristian Doolittle,2020,2020
200580,Daryl Dorsey,2005,2009
201595,Joey Dorsey,2008,2009
1628416,Tyler Dorsey,2017,2018
1629652,Luguentz Dort,2019,2019
202235,Atila Dos Santos,2009,2009
201038,Morro Dos Santos,2006,2006
204150,Aaron Dotson,2014,2014
1628422,Damyean Dotson,2017,2017
1629653,Devon Dotson,2020,2020
200763,Quincy Douby,2008,2016
201604,Chris Douglas-Roberts,2012,2015
1629635,Sekou Doumbouya,2019,2019
2785,Marcus Douthit,2005,2006
202122,Marcus Dove,2008,2011
202220,Zabian Dowdell,2009,2010
202987,Devan Downey,2011,2011
1627306,Jordan Downing,2015,2017
203190,Micah Downs,2012,2013
1630288,Jeff Dowtin,2020,2020
1628495,Milton Doyle,2017,2019
1628408,PJ Dozier,2017,2019
204054,Zoran Dragic,2014,2014
1627945,Ousmane Drame,2017,2017
202818,Andrew Drevo,2011,2011
203665,Larry Drew,2013,2014
203580,Larry Drew II,2013,2017
1627259,Terrence Drisdom,2015,2018
2271,Robb Dryden,2005,2006
202147,Henry Dugat,2008,2008
1626251,Duje Dukan,2015,2018
201824,Johnny Dukes,2008,2008
1628595,Robert Duncan,2016,2019
1628142,Kellen Dunham,2015,2019
203195,Michael Dunigan,2014,2017
204100,Michael Dunigan,2013,2013
2648,Ronald Dupree,2007,2012
1626562,Allen Durham,2015,2015
1628979,Trevon Duval,2018,2019
201263,Ramon Dyer,2007,2013
202406,Jerome Dyson,2006,2011
203921,Cleanthony Early,2014,2017
202156,Byron Eaton,2008,2009
202365,Devin Ebanks,2010,2015
2569,Ndudi Ebi,2005,2006
1630220,Paul Eboua,2020,2020
204067,Jarell Eddie,2013,2017
1628012,Arthur Edwards,2015,2017
200901,Carl Edwards,2006,2006
1629035,Carsen Edwards,2019,2019
2451,Corsley Edwards,2006,2009
202595,Gavin Edwards,2010,2010
2823,John Edwards,2006,2009
1630306,Rob Edwards,2020,2020
202197,Shane Edwards,2006,2017
1629053,Vincent Edwards,2018,2020
204083,Fuquan Edwin,2014,2017
200988,Mike Efevberha,2006,2011
1629786,John Egbunu,2019,2019
202398,Jordan Eglseder,2010,2010
1626295,Nnanna Egwu,2015,2017
201792,Moses Ehambe,2008,2013
203929,Melvin Ejim,2015,2015
200931,BJ Elder,2006,2006
202846,Osiris Eldridge,2011,2011
1627740,Henry Ellenson,2016,2020
1628131,Wally Ellenson,2015,2017
201317,Carl Elliott,2007,2008
203734,Akeem Ellis,2013,2013
200951,Chris Ellis,2006,2008
1626352,Ella Ellis,2015,2015
201369,Jason Ellis,2007,2013
1627768,Perry Ellis,2015,2016
2408,Melvin Ely,2012,2013
202153,Shy Ely,2008,2011
202154,Adam Emmenecker,2008,2008
2765,Andre Emmett,2005,2014
203791,Carlos Emory,2013,2013
2606,Carl English,2004,2004
201809,Carlos English,2008,2010
203119,Kim English,2012,2012
203898,Tyler Ennis,2014,2019
203516,James Ennis III,2015,2015
1629200,Aaron Epps,2018,2020
203267,Micheal Eric,2012,2015
201813,Gary Ervin,2008,2009
200628,Duane Erwin,2005,2008
1627429,Maxie Esho,2015,2015
1629234,Drew Eubanks,2018,2019
201783,Brian Evans,2008,2011
1627983,Chris Evans,2015,2016
1628980,Jacob Evans,2018,2020
1628393,Jawun Evans,2017,2019
202379,Jeremy Evans,2010,2017
1629037,Keenan Evans,2018,2018
203664,Ryan Evans,2013,2013
203285,Sean Evans,2012,2012
201793,Terrell Everett,2008,2008
202819,Brandon Ewing,2011,2011
201607,Patrick Ewing,2008,2011
201963,Christian Eyenga,2010,2012
203105,Festus Ezeli,2014,2020
203927,CJ Fair,2013,2018
202572,Bamba Fall,2010,2010
1629605,Tacko Fall,2019,2019
202820,Jarrid Famous,2011,2014
101253,Olu Famutimi,2005,2006
200770,Jordan Farmar,2006,2006
2824,Desmon Farmer,2005,2012
1629393,Matt Farrell,2018,2019
203543,Vitor Faverani,2013,2013
202448,Mouhammad Faye,2010,2010
201174,Nick Fazekas,2007,2011
1627770,Kay Felder,2016,2018
1626245,Cristiano Felicio,2015,2019
203467,Carrick Felix,2013,2016
1628621,Javan Felix,2017,2019
200952,Jean Felix,2006,2006
101230,Noel Felix,2007,2009
203587,Courtney Fells,2013,2016
2850,Anwar Ferguson,2010,2010
1628390,Terrance Ferguson,2017,2017
1628041,Vashil Fernandez,2015,2016
1628981,Bruno Fernando,2019,2019
1627812,Yogi Ferrell,2015,2020
201178,Kyrylo Fesenko,2007,2013
202071,Michael Fey,2008,2009
204147,Brandon Fields,2014,2019
201290,Patrick Fields,2007,2007
2830,Sean Finn,2004,2004
101217,D'or Fischer,2005,2005
1629298,Matthew Fisher-Davis,2018,2018
2809,Gerald Fitch,2005,2005
1630238,Malik Fitts,2020,2020
2033,Marcus Fizer,2005,2005
202782,Evan Fjeld,2011,2011
1629967,Skyler Flatten,2019,2019
1628553,Chris Flemmings,2017,2017
1629455,Tre'Shaun Fletcher,2018,2018
202956,Gary Flowers,2011,2012
201938,Jonny Flynn,2010,2010
1630201,Malachi Flynn,2020,2020
200893,Eddy Fobbs,2006,2006
203176,Kyle Fogg,2012,2012
200968,Jason Fontenet,2006,2007
1627904,Bryson Fonville,2015,2017
202880,Jeff Foote,2011,2013
1627854,Bryn Forbes,2016,2016
201814,Gary Forbes,2008,2016
2228,Alton Ford,2008,2010
1630259,Jordan Ford,2020,2020
1627880,Quincy Ford,2015,2016
101213,Sharrod Ford,2005,2011
1627489,Xavier Ford,2015,2015
200571,Ryan Forehan-Kelly,2008,2009
1630235,Trent Forrest,2020,2020
1628071,Pat Forsythe,2015,2015
202622,Courtney Fortson,2010,2012
1627486,David Foster,2015,2016
204131,Greg Foster,2014,2014
1627231,Greg Foster,2013,2014
203751,Kevin Foster,2013,2017
201615,Shan Foster,2012,2012
202865,Will Foster,2011,2012
1627905,Chris Fowler,2015,2016
1762,Tremaine Fowlkes,2006,2006
2499,Richie Frahm,2008,2009
1629934,Brandone Francis,2019,2019
1629327,Daeshon Francis,2019,2019
203479,Jamaal Franklin,2013,2015
202834,Travis Franklin,2011,2012
1629606,Robert Franks,2019,2020
1628857,J.J. Frazier,2017,2017
1628982,Melvin Frazier,2018,2020
204025,Tim Frazier,2014,2015
1626187,Michael Frazier II,2015,2020
202690,Jimmer Fredette,2015,2015
200777,Joel Freeland,2012,2012
203789,Austin Freeman,2013,2015
200563,Brandon Freeman,2005,2005
1627887,Trey Freeman,2015,2016
200552,Kevin Frey,2005,2005
1628557,Jerome Frink,2017,2017
201339,Will Frisby,2007,2014
2673,Hiram Fuller,2004,2005
200570,Anthony Fuqua,2005,2007
1626355,Kenny Gabriel,2019,2019
1629117,Wenyen Gabriel,2018,2019
203583,Abdul Gaddy,2013,2019
200390,Cheyne Gadson,2006,2011
2429,Dan Gadzuric,2011,2011
202070,Tony Gaffney,2010,2010
1629655,Daniel Gafford,2019,2019
200510,Charles Gaines,2008,2008
203713,Frank Gaines,2013,2014
2558,Reece Gaines,2009,2010
202178,Sundiata Gaines,2008,2016
202372,Tiny Gallon,2010,2014
202866,Kevin Galloway,2011,2011
204038,Langston Galloway,2014,2014
1628153,Ramon Galloway,2015,2016
203703,Gideon Gamble,2013,2015
201742,Terrence Gamble,2008,2009
200808,Mike Gansey,2007,2009
1629721,JaKeenan Gant,2019,2020
203609,Greg Gantt,2013,2014
1962936816,Greg Gantt,2013,2013
1629254,Kanellos Garbis,2018,2018
202587,Charles Garcia,2010,2016
203736,Kiwi Gardner,2013,2019
201242,Thomas Gardner,2008,2010
1627868,Patricio Garino,2015,2016
1629271,Shep Garner,2018,2018
1628656,Billy Garrett,2017,2020
203197,Diante Garrett,2012,2014
203280,Dairese Gary,2012,2012
1628145,Evrik Gary,2015,2016
1626609,Matt Gatens,2015,2016
1629232,Kaiser Gates,2018,2020
200521,Sherman Gay,2004,2004
201381,Keith Gayden,2007,2007
200917,Badou Gaye,2006,2006
1627771,Michael Gbinije,2016,2018
202087,Alonzo Gee,2008,2017
101153,Mickael Gelabale,2007,2008
101239,Otis George,2005,2011
202766,Travis George,2011,2011
1627875,Marcus Georges-Hunt,2015,2018
202565,Mike Gerrity,2010,2011
201352,Nate Gerwig,2007,2007
1626861,Ashton Gibbs,2015,2015
1627907,Sterling Gibbs,2015,2015
201775,Fred Gibson,2008,2008
202609,Kyle Gibson,2011,2012
203674,Shane Gibson,2014,2014
1626536,Xavier Gibson,2017,2017
201592,J.R. Giddens,2006,2010
204102,Levi Giese,2013,2013
203386,Augustus Gilchrist,2012,2013
201033,John Gilchrist,2006,2006
201821,Trey Gilder,2008,2014
1629992,Kavin Gilder-Tilbury,2019,2019
201636,CJ Giles,2008,2015
1628385,Harry Giles III,2018,2018
2109,Eddie Gill,2007,2008
1628671,L.G. Gill,2017,2019
1630265,Romaro Gill,2020,2020
200932,Brock Gillespie,2006,2009
1630273,Freddie Gillespie,2020,2020
1628552,John Gillon,2017,2018
1629408,Leon Gilmore III,2019,2019
202447,Marquis Gilstrap,2010,2010
204218,Marcus Ginyard,2014,2014
200954,Tony Gipson,2007,2007
202148,Mickell Gladness,2008,2013
1628062,Grandy Glaze,2015,2015
2601,Andreas Glyniadakis,2005,2006
203497,Rudy Gobert,2013,2013
202134,Kyle Goldcamp,2008,2012
202127,Leemire Goldwire,2008,2010
1629275,Gyorgy Goloman,2018,2018
101155,Ryan Gomes,2015,2015
200581,Dainmon Gonner,2005,2005
202948,Andrew Gonzalez,2011,2011
201256,Harry Good,2007,2007
204110,Brandon Goode,2013,2013
204123,Marcus Goode,2013,2014
1629931,Dayon Goodman,2019,2019
202393,Vernon Goodridge,2010,2010
202190,Anthony Goods,2006,2011
203462,Archie Goodwin,2013,2018
1629164,Brandon Goodwin,2018,2019
2732,Ben Gordon,2016,2016
204079,Drew Gordon,2013,2018
101162,Marcin Gortat,2007,2007
202726,Andrew Goudelock,2011,2012
203164,Lance Goulbourne,2012,2013
1630362,Jessie Govan,2020,2020
202573,Darrin Govens,2010,2010
1628984,Devonte' Graham,2018,2018
101121,Joey Graham,2011,2011
202848,Justin Graham,2011,2011
202245,Louis Graham,2009,2009
1627998,Paul Graham,2015,2016
101211,Stephen Graham,2006,2011
1628680,Torian Graham,2017,2017
1626203,Treveon Graham,2015,2018
202855,Zach Graham,2011,2011
201863,Kentrell Gransberry,2008,2015
201836,Gavin Grant,2008,2009
1626170,Jerian Grant,2016,2019
202577,Keaton Grant,2006,2010
1629055,Donte Grantham,2018,2020
202835,Antonio Graves,2011,2011
200987,Jeff Graves,2006,2011
1629787,Marcus Graves,2019,2020
1629755,Hassani Gravett,2019,2019
1627982,Josh Gray,2016,2020
1627660,Kendall Gray,2017,2018
1629154,Rob Gray,2018,2018
201980,Danny Green,2006,2010
101209,Devin Green,2006,2011
1629909,Dominic Green,2019,2019
203475,Erick Green,2014,2015
203286,Garrett Green,2012,2012
101123,Gerald Green,2005,2011
203210,JaMychal Green,2012,2014
1630224,Jalen Green,2020,2020
202977,Jeremy Green,2011,2011
1626999,Jordan Green,2015,2019
1630182,Josh Green,2020,2020
1628646,Steven Green,2017,2017
201192,Taurean Green,2007,2007
1627891,Brannen Greene,2015,2017
201320,Brian Greene,2007,2007
201590,Donte Greene,2008,2008
101158,Orien Greene,2008,2012
1627280,Ty Greene,2015,2015
200643,Quemont Greer,2005,2008
1629896,Jamall Gregory,2019,2019
200813,Vincent Grier,2006,2006
1627453,Cam Griffin,2015,2016
1629302,Derrick Griffin,2018,2019
203547,Eric Griffin,2014,2017
201359,Rob Griffin,2007,2007
201981,Taylor Griffin,2009,2014
200576,Josh Gross,2005,2007
101219,Anthony Grundy,2005,2005
1629741,Marko Guduric,2019,2019
201800,Jarvis Gunter,2008,2010
202887,Anthony Gurley,2011,2011
203268,Jorge Gutierrez,2012,2015
1629657,Kyle Guy,2019,2019
202157,Ansel Guzman,2008,2008
2775,Ha Ha,2005,2006
1629036,Isaac Haas,2018,2019
201632,Hamed Haddadi,2008,2008
201009,DeSean Hadley,2006,2010
200572,Jeff Hagen,2005,2007
203806,Jamelle Hagins,2013,2013
1628237,Josh Hagins,2016,2017
201612,Malik Hairston,2008,2009
203798,PJ Hairston,2013,2016
1628985,Devon Hall,2018,2019
1629743,Donta Hall,2019,2020
204158,Ferrakohn Hall,2014,2019
1630221,Josh Hall,2020,2020
204111,Kenny Hall,2013,2014
204132,Marcus Hall,2013,2014
200837,Mike Hall,2006,2010
1629788,Tyler Hall,2019,2020
201183,Adam Haluska,2007,2007
1032,Darvin Ham,2007,2007
1628174,Alex Hamilton,2015,2017
201646,Brian Hamilton,2007,2011
1627772,Daniel Hamilton,2015,2020
201025,Gary Hamilton,2006,2006
1628554,Isaac Hamilton,2016,2018
1629148,Johnny Hamilton,2018,2018
202706,Jordan Hamilton,2011,2015
203120,Justin Hamilton,2013,2013
203393,Reggie Hamilton,2012,2013
2347,Tang Hamilton,2004,2005
201649,Vernon Hamilton,2008,2011
1985,Zendon Hamilton,2011,2011
1627206,Cliff Hammonds,2015,2015
1630262,Rayshaun Hammonds,2020,2020
1627773,AJ Hammons,2016,2017
202461,Rece Hampton,2010,2010
1628986,Jaylen Hands,2019,2019
1626152,Olivier Hanlan,2016,2017
202513,Stefhon Hannah,2010,2017
1628605,Dusty Hannahs,2017,2020
203162,Ben Hansbrough,2013,2014
201946,Tyler Hansbrough,2016,2016
202200,Erek Hansen,2008,2009
202376,Luke Harangody,2011,2012
203501,Tim Hardaway Jr.,2015,2015
202774,Joe Harden,2011,2011
201614,DeVon Hardin,2009,2012
1628667,Kevin Hardy,2017,2017
201870,Brian Harper,2008,2008
203192,Demonte Harper,2012,2012
1629607,Jared Harper,2019,2020
202712,Justin Harper,2012,2018
1626149,Montrezl Harrell,2015,2015
2492,Adam Harrington,2007,2009
970,Othella Harrington,2008,2008
201276,Anthony Harris,2010,2015
1628029,Damontre Harris,2015,2015
203548,Elias Harris,2013,2013
1628854,Eron Harris,2017,2017
201801,Ivan Harris,2008,2009
1630223,Jalen Harris,2020,2020
1627282,Jay Harris,2015,2015
203925,Joe Harris,2014,2015
204206,Joseph Harris,2014,2014
201304,Jovan Harris,2007,2008
1630284,Kevon Harris,2020,2020
202412,Manny Harris,2011,2016
200839,Mike Harris,2006,2009
202084,Paul Harris,2010,2012
202454,Ramon Harris,2011,2016
202227,Terrel Harris,2009,2013
1630004,Terry Harris,2019,2019
1628523,Tyler Harris,2017,2017
1626151,Aaron Harrison,2015,2017
1626150,Andrew Harrison,2015,2019
2758,David Harrison,2011,2011
1627885,Shaquille Harrison,2016,2017
1628404,Josh Hart,2017,2017
1628392,Isaiah Hartenstein,2017,2019
1626227,Tyler Harvey,2015,2018
200825,Matt Haryasz,2006,2006
202238,Kenny Hasbrouck,2009,2009
202912,Frank Hassell,2011,2011
201150,Spencer Hawes,2018,2018
200631,Cliff Hawkins,2005,2005
1626186,Corey Hawkins,2015,2015
202189,Justin Hawkins,2009,2015
201804,Shawn Hawkins,2008,2008
202191,Christopher Hayes,2008,2009
101236,Chuck Hayes,2005,2005
202995,Eric Hayes,2011,2011
202521,Kenny Hayes,2010,2011
1628502,Nigel Hayes,2017,2017
1628735,Tucker Haymond,2017,2017
202514,Michael Haynes,2010,2010
1629272,Randy Haynes,2018,2018
202351,Lazar Hayward,2011,2016
202955,Jeremy Hazell,2011,2011
101129,Luther Head,2012,2012
203687,Reggie Hearn,2013,2020
201635,Brandon Heath,2008,2013
1629287,Corey Henderson,2018,2018
203696,Esian Henderson,2013,2013
1626289,Marshall Henderson,2015,2015
1628516,Terry Henderson,2017,2019
204159,Pierre Henderson-Niles,2014,2015
1851,Bakari Hendrix,2006,2006
201613,Richard Hendrix,2008,2008
203542,Jordan Henriquez,2013,2017
1627988,Myke Henry,2015,2019
203682,Terrance Henry,2013,2013
202333,Xavier Henry,2011,2016
1628176,LaDontae Henton,2015,2017
1629608,Dewan Hernandez,2019,2020
1627823,Juancho Hernangomez,2016,2016
1629951,Alan Herndon,2019,2019
1628987,Kevin Hervey,2018,2019
204029,Brady Heslip,2014,2016
1629467,A.J. Hess,2018,2019
1628246,Robert Heyer,2017,2019
1629247,Nate Hickman,2018,2019
1628439,Isaiah Hicks,2017,2018
202155,Russell Hicks,2008,2009
1627208,Stephan Hicks,2015,2019
202809,Cory Higgins,2011,2012
1629312,Haywood Highsmith,2018,2019
1629759,Ahmed Hill,2019,2020
201195,Herbert Hill,2008,2008
1628611,Jeremiah Hill,2018,2018
202797,Lawrence Hill,2011,2011
200586,Marcus Hill,2005,2008
202861,Marcus Hill,2011,2011
203524,Solomon Hill,2013,2013
201631,Steven Hill,2008,2009
200522,Terrence Hill,2004,2004
200544,Garry Hill-Thomas,2007,2008
1626199,Darrun Hilliard,2015,2017
204160,Chris Hines,2014,2014
204168,Charles Hinkle,2014,2014
1629609,Amir Hinton,2019,2019
1630207,Nate Hinton,2020,2020
200823,Robert Hite,2006,2013
1629658,Jaylen Hoard,2019,2020
202359,Darington Hobson,2011,2015
101125,Julius Hodge,2005,2007
1629081,D.J. Hogg,2018,2020
203200,Justin Holiday,2012,2014
201730,Delonte Holland,2008,2008
1628113,Demarcus Holland,2017,2018
204066,John Holland,2015,2018
200797,Ryan Hollins,2006,2006
1628753,Tra-Deon Hollins,2017,2020
1627908,Ishmael Hollis,2017,2017
204112,Rahlir Hollis-Jefferson,2013,2019
203189,Tu Holloway,2015,2015
1628526,Jeremy Hollowell,2017,2018
202625,Chris Holm,2006,2010
1629689,Aric Holman,2019,2019
1628527,Avry Holmes,2017,2017
1626182,Jonathan Holmes,2015,2017
202614,Reggie Holmes,2010,2010
1626158,Richaun Holmes,2016,2016
202244,Travis Holmes,2009,2009
204141,Kammeon Holsey,2014,2015
204071,Stephen Holt,2013,2014
1626261,Michael Holyfield,2015,2017
1630258,Caleb Homesley,2020,2020
1629756,Daulton Hommes,2019,2019
202715,Tyler Honeycutt,2011,2012
200852,Antoine Hood,2006,2013
1628074,Max Hooper,2015,2017
203816,Scotty Hopson,2014,2019
1626281,Jon Horford,2015,2018
1628599,Je'Lon Hornbeak,2017,2018
202950,Jamelle Horne,2011,2011
202862,Dennis Horner,2011,2013
201380,Jeff Horner,2007,2007
1627867,Keith Hornsby,2015,2018
1628042,Chris Horton,2015,2016
200812,Daniel Horton,2006,2007
202199,Jason Horton,2008,2010
1629659,Talen Horton-Tucker,2019,2019
2502,Fred House,2012,2012
1627863,Danuel House Jr.,2016,2018
201857,Leonard Houston,2008,2008
1629235,Jordan Howard,2018,2018
2572,Josh Howard,2013,2013
1627909,Ky Howard,2015,2015
1627068,Pe'Shon Howard,2015,2019
201351,Ron Howard,2007,2013
1629739,William Howard,2019,2019
203494,Richard Howell,2013,2014
201647,Marcus Hubbard,2006,2013
1629049,Jalen Hudson,2019,2019
201991,Lester Hudson,2009,2012
1607,Troy Hudson,2012,2012
203962,Josh Huestis,2014,2020
1628674,Cole Huff,2017,2017
1627397,Troy Huff,2015,2015
1630190,Elijah Hughes,2020,2020
201849,Gabriel Hughes,2008,2009
202555,Tyler Hughes,2010,2010
202791,Lee Humphrey,2011,2011
201356,Quin Humphrey,2007,2009
2415,Ryan Humphrey,2008,2008
1629353,Isaac Humphries,2018,2019
203738,Dario Hunt,2013,2013
203610,Kyle Hunt,2013,2013
201805,Chris Hunter,2008,2013
201629,Othello Hunter,2008,2008
1626154,RJ Hunter,2015,2019
1626205,Vincent Hunter,2015,2017
202188,Lance Hurdle,2009,2013
200596,Carlos Hurt,2005,2005
203292,Justin Hurtt,2012,2012
200972,Geoff Husted,2006,2006
1628990,Chandler Hutchison,2019,2019
203356,Travis Hyman,2012,2015
1627813,Prince Ibeh,2016,2017
202593,Idong Ibok,2010,2010
101148,Mile Ilic,2006,2006
101141,Ersan Ilyasova,2005,2005
203996,Damien Inglis,2015,2016
201281,Andre Ingram,2007,2019
1629354,Donte Ingram,2018,2019
201257,Elijah Ingram,2007,2007
202579,JR Inman,2013,2015
1628528,Ike Iroegbu,2016,2019
1629339,Uchenna Iroegbu,2018,2018
1628860,Zak Irvin,2017,2019
1628371,Jonathan Isaac,2017,2017
1629263,Mareik Isom,2018,2018
1629920,Khalil Iverson,2019,2019
1628663,Kuran Iverson,2017,2017
1628411,Wes Iwundu,2017,2017
101127,Jarrett Jack,2018,2020
1627292,Kadeem Jack,2015,2019
1628007,Brent Jackson,2015,2015
200564,Brian Jackson,2005,2009
202132,Cedric Jackson,2006,2010
1626216,Charles Jackson,2015,2015
201616,Darnell Jackson,2008,2014
2683,David Jackson,2006,2006
200990,David Jackson,2006,2006
1627743,Demetrius Jackson,2016,2019
1628402,Frank Jackson,2018,2018
202192,James Jackson,2008,2010
1983,Jermaine Jackson,2005,2005
204061,Joe Jackson,2014,2016
1628367,Josh Jackson,2019,2019
204211,Justin Jackson,2014,2014
1628382,Justin Jackson,2017,2017
1628992,Justin Jackson,2018,2020
1628146,Kourtlin Jackson,2015,2015
203662,Lewis Jackson,2013,2016
2739,Luke Jackson,2006,2010
203510,Pierre Jackson,2013,2019
202704,Reggie Jackson,2011,2012
203188,Rick Jackson,2012,2015
202424,Tory Jackson,2011,2011
1627211,Traevon Jackson,2015,2019
1629348,Parker Jackson-Cartwright,2018,2018
1627829,Julian Jacobs,2015,2017
202174,Abdulai Jalloh,2006,2010
203108,Bernard James,2013,2014
202345,Damion James,2012,2014
202984,Delroy James,2011,2011
202080,Dominic James,2017,2017
1629713,Justin James,2019,2019
2229,Mike James,2011,2014
1628455,Mike James,2016,2016
203748,Ra'shad James,2013,2015
1627841,Stefan Jankovic,2015,2019
202394,Matt Janning,2010,2010
1628105,Anthony January,2015,2015
203620,Scoop Jardine,2013,2013
201605,Nathan Jawai,2008,2009
203520,Livio Jean-Charles,2015,2017
201785,Othyus Jeffers,2008,2013
1628518,Amile Jefferson,2017,2019
203928,Cory Jefferson,2014,2018
200971,Dontell Jefferson,2006,2012
1629610,DaQuan Jeffries,2019,2019
202883,B.J. Jenkins,2011,2011
203098,John Jenkins,2012,2018
1628711,Kris Jenkins,2017,2017
204077,Michael Jenkins,2014,2014
202546,Willie Jenkins,2006,2011
201943,Brandon Jennings,2015,2017
203293,Terrence Jennings,2012,2016
1629660,Ty Jerome,2019,2020
201998,Curtis Jerrells,2008,2012
203511,Grant Jerrett,2013,2017
1628024,Paul Jesperson,2015,2016
200817,Pooh Jeter,2006,2006
1629319,Sheldon Jeter,2018,2019
1630198,Isaiah Joe,2020,2020
2639,Britton Johnsen,2007,2007
203638,Aaron Johnson,2013,2013
1626800,Alex Johnson,2015,2016
200792,Alexander Johnson,2006,2009
1628993,Alize Johnson,2018,2020
101161,Amir Johnson,2005,2020
202840,Anthony Johnson,2011,2011
202356,Armon Johnson,2010,2014
1629168,B.J. Johnson,2018,2020
202566,Brandon Johnson,2006,2010
1627744,Brice Johnson,2016,2017
201291,Carldell Johnson,2006,2013
202419,Chris Johnson,2010,2014
203187,Chris Johnson,2012,2016
1629911,D.J. Johnson,2019,2019
1626177,Dakari Johnson,2015,2017
201059,Dalron Johnson,2006,2006
202849,Damian Johnson,2011,2011
1628525,Darin Johnson,2017,2017
2035,DerMarr Johnson,2007,2008
202547,Dominique Johnson,2010,2012
204080,Geron Johnson,2014,2017
201274,Ivan Johnson,2007,2014
202707,JaJuan Johnson,2012,2012
201949,James Johnson,2010,2013
204189,Jaron Johnson,2014,2016
201825,Jasper Johnson,2008,2008
1628575,Jaylen Johnson,2017,2019
202182,Jermaine Johnson,2008,2008
1629391,Jordan Johnson,2018,2018
200658,Justin Johnson,2005,2006
201873,Justin Johnson,2008,2008
202881,Justin Johnson,2011,2016
1629993,Kaleb Johnson,2020,2020
203819,Karron Johnson,2013,2013
1962936824,Karron Johnson,2013,2013
1629640,Keldon Johnson,2019,2019
2256,Ken Johnson,2005,2005
200597,Kevin Johnson,2005,2006
204113,Melvin Johnson,2013,2014
202158,Mitchell Johnson,2008,2009
203910,Nick Johnson,2014,2018
1629398,Nigel Johnson,2018,2018
1629379,Nino Johnson,2018,2019
204179,Omari Johnson,2014,2018
203111,Orlando Johnson,2012,2016
201341,Perrin Johnson,2007,2009
203008,Ravern Johnson,2011,2011
203651,Reggie Johnson,2013,2013
1629202,Robert Johnson,2018,2018
200565,Shawnson Johnson,2005,2005
1626169,Stanley Johnson,2016,2019
1629291,Theo Johnson,2018,2018
201234,Trey Johnson,2007,2011
204020,Tyler Johnson,2014,2014
202792,Tyren Johnson,2011,2011
1627424,Tyrone Johnson,2015,2015
1629932,Vance Johnson,2019,2019
1628841,Xavier Johnson,2017,2018
203645,Zane Johnson,2013,2013
1626347,Melvin Johnson III,2015,2015
203130,Darius Johnson-Odom,2012,2018
201330,Michael Joiner,2006,2010
1629937,Venky Jois,2019,2019
1628514,Peter Jok,2017,2018
203675,Andre Jones,2013,2013
200494,Antwan Jones,2004,2004
200784,Bobby Jones,2006,2008
202841,Cameron Jones,2011,2016
2563,Dahntay Jones,2007,2015
1627745,Damian Jones,2016,2017
1800,Damon Jones,2011,2011
203199,DeQuan Jones,2013,2017
202346,Dominique Jones,2010,2012
101204,Dwayne Jones,2005,2012
201303,Dwight Jones,2007,2007
202179,Emmanuel Jones,2008,2009
1627883,Jalen Jones,2015,2019
204114,Jamal Jones,2013,2015
1629203,Jemerrio Jones,2018,2020
203158,Kevin Jones,2012,2013
1626272,Lazeric Jones,2015,2015
201786,Marcel Jones,2008,2008
2891,Mark Jones,2006,2006
1628512,Matt Jones,2017,2018
203194,Phil Jones,2012,2012
1627912,Roosevelt Jones,2015,2017
204053,Shawn Jones,2014,2014
1628532,ShawnDre Jones,2018,2019
200780,Solomon Jones,2013,2016
203093,Terrence Jones,2012,2018
1628594,Torren Jones,2016,2019
200635,Torrian Jones,2005,2005
1630200,Tre Jones,2020,2020
1626145,Tyus Jones,2015,2015
1627212,Verdell Jones,2015,2015
203103,Perry Jones III,2012,2017
1627884,Derrick Jones Jr.,2016,2017
201034,Antoine Jordan,2006,2008
201185,Jared Jordan,2008,2008
202366,Jerome Jordan,2011,2012
1627232,John Jordan,2015,2016
1627278,Rysheed Jordan,2015,2015
163525718,Gutierrez Jorge,2014,2014
200999,Andre Joseph,2006,2006
202709,Cory Joseph,2011,2012
203126,Kris Joseph,2012,2012
1627888,Nikola Jovanovic,2015,2016
1630305,Shakur Juiston,2020,2020
1630037,Herve Kabasele,2019,2019
1629662,Mfiondu Kabengele,2019,2019
203688,Christian Kabongo,2013,2013
203509,Myck Kabongo,2013,2018
201876,Dabo Kabov,2008,2008
203483,Kenny Kadji,2013,2013
1629226,Ismaila Kane,2018,2019
203508,Sergey Karasev,2013,2013
200590,Mark Karcher,2005,2005
201207,Coby Karl,2007,2014
1629869,Jonathan Kasibabu,2019,2020
1628672,Kaza Keane,2017,2017
1627255,Brandan Kearney,2015,2015
1629417,Marcus Keene,2018,2018
1630283,Kylor Kelley,2020,2020
201645,Tre Kelley,2006,2019
1628037,Nick Kellogg,2015,2015
201032,Jeremy Kelly,2006,2008
203527,Ryan Kelly,2013,2016
204295,Maurice Kemp,2014,2014
202567,Willie Kemp,2010,2010
1627384,Shawn Kemp Jr.,2015,2015
1629186,Tiwian Kendley,2018,2018
1628379,Luke Kennard,2017,2018
202810,D.J. Kennedy,2011,2012
1627913,Markus Kennedy,2015,2016
201806,Anthony Kent,2008,2016
202836,Tyrone Kent,2011,2011
1629835,Matt Kenyon,2019,2019
1630296,Braxton Key,2020,2020
1629362,Joe Kilgore,2018,2018
1629314,Lenjo Kilo,2018,2018
203930,Sean Kilpatrick,2014,2015
200512,Bernard King,2005,2005
1628994,George King,2018,2018
1626858,Keala King,2015,2015
1629663,Louis King,2019,2020
200265,Mike King,2004,2005
1629165,Nick King,2018,2018
1628593,Taylor King,2016,2017
1629886,Tevin King,2019,2019
1629722,V.J. King,2019,2019
1629942,Leland King II,2019,2019
203945,Alex Kirk,2014,2014
200475,Tony Kitchings,2004,2005
201318,Jason Klotz,2007,2007
2688,Brandin Knight,2004,2004
202688,Brandon Knight,2018,2018
202972,Preston Knowles,2011,2011
1628027,Zane Knowles,2015,2015
202569,Brendan Knox,2010,2010
1629420,Oleksandr Kobets,2018,2018
202613,Adam Koch,2010,2012
204115,Sebastian Koch,2013,2013
1628460,Bronson Koenig,2017,2019
1628996,Sagaba Konate,2019,2019
1629723,John Konchar,2019,2019
1629829,Bazoumana Kone,2019,2019
1627788,Furkan Korkmaz,2017,2017
1628436,Luke Kornet,2017,2018
101117,Yaroslav Korolev,2008,2009
203262,Mac Koshwal,2013,2015
203727,Kevin Kotzur,2013,2013
201585,Kosta Koufos,2008,2009
1629746,Christ Koumadje,2019,2019
202128,Joe Krabbenhoft,2008,2009
202423,Chris Kramer,2010,2010
1629749,David Kramer,2019,2019
203623,Jon Kreft,2013,2013
1630249,Vit Krejci,2020,2020
1627917,Lasan Kromah,2015,2016
201226,Kevin Kruger,2007,2010
1630228,Jonathan Kuminga,2020,2020
1629066,Rodions Kurucs,2018,2019
201633,Rob Kurz,2008,2009
203136,Ognjen Kuzmic,2013,2014
201354,Anthony Kyle,2007,2008
1626252,Michale Kyser,2015,2019
1627746,Skal Labissiere,2016,2020
1626197,Trevor Lacey,2019,2019
1627640,Davonte Lacy,2015,2015
201802,Oliver Lafayette,2008,2010
202183,Brian Laing,2008,2009
1626215,Cady Lalanne,2015,2015
1630237,Anthony Lamb,2020,2020
203117,Doron Lamb,2012,2016
203087,Jeremy Lamb,2012,2012
202068,Marcus Landry,2009,2013
2591,James Lang,2005,2008
2646,Kris Lang,2007,2007
101247,Keith Langford,2005,2007
1629641,Romeo Langford,2019,2019
1629828,Cameron Lard,2019,2019
203499,Shane Larkin,2013,2013
1629097,Terry Larrier,2019,2019
202867,Reginald Larry,2011,2013
201186,Stephane Lasme,2007,2016
203741,Dwayne Lathan,2013,2013
1629282,Khadeem Lattin,2018,2018
203193,Dallas Lauderdale,2012,2018
1628874,Theron Laudermill,2017,2017
1627494,David Laury III,2015,2016
1629724,Vic Law,2019,2019
202371,Gani Lawal,2010,2015
1629836,Anthony Lawrence II,2019,2020
1629664,Dedric Lawson,2019,2019
203294,Kenny Lawson,2012,2012
1627774,Jake Layman,2016,2016
202175,Darnell Lazare,2009,2013
200578,George Leach,2005,2005
1628388,T.J. Leaf,2017,2017
1629223,Manu Lecomte,2018,2018
1629665,Jalen Lecque,2019,2020
1626586,Jeff Ledbetter,2015,2019
203495,Ricky Ledo,2013,2017
1627914,Anthony Lee,2015,2015
201584,Courtney Lee,2018,2018
1628555,Daesung Lee,2017,2017
1627814,Damion Lee,2015,2018
202723,Malcolm Lee,2011,2014
1629159,Marcus Lee,2018,2019
203588,Michael Lee,2013,2013
1628843,Raven Lee,2017,2017
1629367,William Lee,2018,2018
202533,Brian Leggett,2010,2010
1627916,Stedmon Lemon,2015,2017
1627215,Walt Lemon Jr.,2015,2019
1628618,Justin Leon,2017,2018
203466,CJ Leslie,2013,2018
202727,Travis Leslie,2011,2016
202720,Jon Leuer,2012,2012
203790,Bennie Lewis,2013,2014
1628461,JeQuan Lewis,2017,2017
1628023,Julien Lewis,2015,2018
202459,Kelvin Lewis,2010,2011
202159,Marcus Lewis,2006,2011
204133,Marcus Lewis,2013,2013
201036,Nick Lewis,2006,2008
1629163,Trey Lewis,2018,2018
203349,Vernon Lewis,2012,2014
201794,Adam Liberty,2008,2008
202732,DeAndre Liggins,2012,2018
202391,Jeremy Lin,2010,2020
1629204,Scottie Lindsey,2018,2019
202503,Nate Linhart,2010,2010
203358,Mario Little,2012,2014
1626269,Denzel Livingston,2015,2015
988,Randy Livingston,2006,2007
2733,Shaun Livingston,2008,2008
203556,Trent Lockett,2013,2013
202515,Chris Lofton,2010,2010
1629155,Zach Lofton,2018,2018
200976,David Logan,2006,2006
201325,Damien Lolar,2007,2008
202463,Josh Lomers,2010,2010
1627848,Shawn Long,2015,2017
201848,Longar Longar,2008,2010
201731,Kurt Looby,2008,2009
1626172,Kevon Looney,2015,2016
1627987,Carlos Lopez,2015,2017
204180,Luke Loucks,2014,2014
1628533,Marc Loving,2017,2018
202219,Chris Lowe,2009,2009
1628070,Jordan Loyd,2015,2018
203290,Jai Lucas,2012,2012
203564,Kalin Lucas,2013,2018
101249,John Lucas III,2005,2015
204208,Chadrack Lufile,2014,2014
1629239,Sanjay Lumpkin,2018,2019
1627789,Timothe Luwawu-Cabarrot,2016,2019
2677,Kevin Lyde,2002,2010
1628399,Tyler Lydon,2017,2018
1629131,Jairus Lyles,2018,2018
1628682,Damon Lynn,2017,2017
202598,Leo Lyons,2006,2011
1627994,Michael Lyons,2015,2016
1627815,Sheldon Mac,2016,2020
203159,Scott Machado,2012,2018
202714,Shelvin Mack,2012,2012
202731,Vernon Macklin,2011,2012
1629133,Daryl Macon,2018,2019
1629122,J.P. Macura,2018,2019
204134,Stephen Madison,2013,2013
202624,Chukwudiebere Maduabum,2010,2014
203705,Josh Magette,2013,2019
1630266,Will Magnay,2020,2020
101133,Ian Mahinmi,2007,2008
202736,Ater Majok,2014,2014
200970,Renaldo Major,2006,2016
1629070,Matur Maker,2019,2019
1628025,Emmanuel Malou,2015,2015
1630211,Karim Mane,2020,2020
202803,Collin Mangrum,2011,2011
1628063,Charles Mann,2015,2015
1629611,Terance Mann,2019,2019
1630185,Nico Mannion,2020,2020
1627422,Justin Manns,2015,2015
200849,Jackie Manuel,2006,2009
203906,Devyn Marble,2014,2019
1626246,Boban Marjanovic,2015,2015
200806,Damir Markota,2006,2006
1628590,Derrick Marks,2017,2017
200661,Jackson Marlow,2005,2005
1628641,Charlie Marquardt,2017,2017
202885,Harry Marshall,2011,2011
203088,Kendall Marshall,2012,2017
204169,Khyle Marshall,2014,2014
1630230,Naji Marshall,2020,2020
101185,Rawle Marshall,2005,2005
202580,Sean Marshall,2006,2015
203788,Zeke Marshall,2013,2017
1628997,Caleb Martin,2019,2019
201858,Cartier Martin,2008,2016
1628998,Cody Martin,2019,2019
1626185,Jarell Martin,2015,2019
1629725,Jeremiah Martin,2019,2020
1627638,Justin Martin,2015,2015
1630231,KJ Martin,2020,2020
1629103,Kelan Martin,2019,2019
1627383,Luke Martinez,2015,2015
1627406,Alex Marzette,2017,2017
202400,Anthony Mason,2010,2013
1627263,Antoine Mason,2015,2015
200641,Brandon Mason,2005,2005
200557,Chet Mason,2006,2008
203350,Jefferson Mason,2012,2012
1629463,Nate Mason,2018,2019
1628412,Frank Mason III,2019,2019
202592,Tommy Mason-Griffin,2010,2015
203672,Bruce Massey,2013,2017
1629747,CJ Massinburg,2019,2020
1629952,Nick Masterson,2019,2019
1629205,Terry Maston,2018,2018
1628999,Yante Maten,2018,2019
1629726,Garrison Mathews,2019,2019
1628535,Jordan Mathews,2017,2017
1628493,Mangok Mathiang,2017,2017
1629751,Dakota Mathias,2019,2019
1627918,DeAndre Mathieu,2015,2016
1630351,Anthony Mathis,2020,2020
201358,J.C. Mathis,2007,2009
101260,Bryant Matthews,2005,2005
1629666,Charles Matthews,2020,2020
202857,Chris Matthews,2011,2011
1629206,E.C. Matthews,2019,2019
203818,Julian Mavunga,2013,2013
1962936822,Julian Mavunga,2013,2013
1630323,Selom Mawugbe,2020,2020
202165,Maurice Maxwell,2009,2009
1627527,Amere May Jr.,2015,2015
200966,James Maye,2006,2006
1629612,Luke Maye,2019,2019
204219,Todd Mayo,2014,2014
1628118,Greg Mays,2016,2016
201651,James Mays,2008,2012
202558,Amadou Mbodji,2010,2015
203949,James Michael McAdoo,2014,2017
202139,Kyle McAlarney,2008,2009
1629844,DJ McCall,2019,2019
204161,Mike McCall,2014,2014
1628769,Tahjere McCall,2017,2020
203492,Ray McCallum,2013,2020
1629299,Tre'Darius McCallum,2018,2019
203175,Demetri McCamey,2012,2018
101119,Rashad McCants,2010,2012
1628138,Andrew McCarthy,2015,2015
202998,Ben McCauley,2011,2011
1627775,Patrick McCaw,2016,2017
201810,Jawann McClellan,2008,2008
201984,Jack McClinton,2012,2012
202144,David McClure,2008,2009
200188,Andre McCollum,2006,2006
203468,CJ McCollum,2013,2013
203566,Mickey McConnell,2013,2013
1629000,Brandon McCoy,2018,2019
1741,Jelani McCoy,2007,2007
200840,Chris McCray,2006,2010
1628034,Gabriel McCray,2015,2015
1628571,Erik McCree,2017,2017
202627,Chaz McCrommon,2010,2011
1626191,Chris McCullough,2016,2018
201642,Taj McCullough,2008,2011
1629667,Jalen McDaniels,2019,2020
203909,KJ McDaniels,2015,2020
1630253,Sean McDermott,2020,2020
204284,Leslie McDonald,2014,2014
203722,Quinn McDowell,2013,2013
202187,Stephen McDowell,2006,2011
1629727,William McDowell-White,2019,2020
200862,Scooter McFadgon,2006,2007
202591,Chas McFarland,2010,2012
203956,Mitch McGary,2014,2015
1628745,Donte McGill,2017,2017
201294,Glen McGowan,2007,2008
1628005,Donnie McGrath,2015,2016
1629293,Tanner McGrew,2018,2018
203585,Rodney McGruder,2014,2017
201187,Dominic McGuire,2013,2013
201029,Jeremee McGuire,2006,2006
200977,Anthony McHenry,2006,2006
1629082,MiKyle McIntosh,2018,2018
1629297,Jameel McKay,2018,2018
202768,Myles McKay,2011,2011
200903,Bryson McKenzie,2006,2009
201875,Lawrence McKenzie,2008,2009
204287,Travis McKie,2014,2014
1627973,Mikh McKinney,2016,2016
1626722,Trey McKinney Jones,2016,2017
203590,Trey McKinney-Jones,2013,2015
1628035,Alfonzo McKinnie,2015,2017
201723,Robert McKiver,2008,2008
1630304,Quincy McKnight,2020,2020
201021,Jason McKrieth,2006,2006
1629162,Jordan McLaughlin,2018,2020
204285,Mark McLaughlin,2014,2014
203463,Ben McLemore,2017,2017
2693,Keith McLeod,2008,2011
203295,Liam McMorrow,2012,2018
1629794,Jahmal McMurray,2019,2019
202077,Jerel McNeal,2010,2014
664328,Jerel McNeal,2013,2013
200657,Jeremy McNeil,2005,2006
1630316,Matt McQuaid,2020,2020
203895,Jordan McRae,2014,2018
201177,Josh McRoberts,2007,2007
202826,Billy McShepard,2011,2011
202559,Carlos Medlock,2010,2010
2697,Antonio Meeking,2004,2008
1628452,Kennedy Meeks,2017,2017
201197,Sammy Mejia,2007,2007
1626257,Salah Mejri,2015,2015
203539,Gal Mekel,2013,2013
203097,Fab Melo,2012,2013
1629001,De'Anthony Melton,2018,2019
203807,Cleveland Melvin,2013,2013
2822,Rich Melzer,2005,2005
203655,Darin Mency,2013,2013
200822,Pops Mensah-Bonsu,2006,2008
200589,Jarred Merrill,2007,2007
1630241,Sam Merrill,2020,2020
200850,Scott Merritt,2006,2007
1629002,Chimezie Metu,2018,2019
1626175,Jordan Mickey,2015,2016
203114,Khris Middleton,2012,2012
1628450,Eric Mika,2019,2019
101223,Aaron Miles,2005,2010
101139,CJ Miles,2005,2006
1627776,Isaiah Miles,2019,2019
204116,LaQuentin Miles,2013,2015
1629207,Daxter Miles Jr.,2018,2020
204203,Milos Milisavljevic,2014,2014
200551,Curtis Millage,2004,2004
204184,Dane Miller,2014,2015
203121,Darius Miller,2012,2012
200598,Darnell Miller,2005,2005
1628235,Joey Miller,2016,2016
1626259,Malcolm Miller,2015,2020
1628013,Malcolm Miller,2016,2016
1627279,Patrick Miller,2015,2016
203113,Quincy Miller,2014,2014
1627919,Shonn Miller,2015,2018
1629149,Codi Miller-McIntyre,2018,2018
202166,Dante Milligan,2006,2011
201258,Abdul Mills,2007,2008
201988,Patty Mills,2009,2009
202247,Skip Mills,2009,2009
202407,Elijah Millsap,2006,2017
201267,John Millsap,2007,2007
1629003,Shake Milton,2018,2019
201313,O'Neal Mims,2007,2007
1626305,Nick Minnerath,2015,2015
201347,Corey Minnifield,2007,2009
201724,Tack Minor,2008,2008
204064,Akil Mitchell,2014,2017
202794,Ashton Mitchell,2011,2011
202827,Casey Mitchell,2011,2012
201383,Dwayne Mitchell,2007,2014
204089,Joe Mitchell,2013,2013
202401,Tasmin Mitchell,2010,2010
203183,Tony Mitchell,2012,2017
203502,Tony Mitchell,2013,2014
1630342,Trhae Mitchell,2020,2020
1628513,Naz Mitrou-Long,2017,2020
1627865,Egidijus Mockevicius,2015,2016
1629690,Adam Mokoka,2019,2020
1629910,Zach Monaghan,2019,2019
201776,David Monds,2008,2008
204190,Duke Mondy,2017,2018
2752,Sergei Monia,2005,2005
1628370,Malik Monk,2017,2017
1629099,Max Montana,2019,2019
1626242,Luis Montero,2015,2017
202828,Anthony Moody,2011,2011
200081,Jamario Moon,2005,2014
1629875,Xavier Moon,2019,2019
1629760,Matt Mooney,2019,2020
1628500,Ben Moore,2017,2019
204311,Cameron Moore,2014,2014
204117,Devon Moore,2013,2013
1629078,Doral Moore,2018,2019
1628052,JJ Moore,2015,2020
201855,Jamaal Moore,2008,2008
200577,Jonathan Moore,2005,2006
200594,Malik Moore,2005,2005
1628536,Marquise Moore,2017,2019
200266,Mikki Moore,2011,2013
203377,Ramone Moore,2012,2012
204263,Reggie Moore,2014,2014
1629350,Jovan Mooring,2018,2019
1626213,Yanick Moreira,2015,2016
203961,Eric Moreland,2014,2016
1628456,Jeremy Morgan,2017,2017
1627659,Jordan Morgan,2015,2015
1629752,Juwan Morgan,2019,2019
1630001,Matt Morgan,2019,2020
202170,Sylvester Morgan,2008,2008
1628734,Yannis Morin,2017,2017
202783,Brady Morningstar,2011,2012
202721,Darius Morris,2011,2018
1628630,Jamel Morris,2017,2017
1628537,Jaylen Morris,2017,2020
1628420,Monte Morris,2017,2017
101259,Toree Morris,2008,2008
202694,Marcus Morris Sr.,2011,2011
200559,Brian Morrison,2007,2008
203205,Dominique Morrison,2012,2012
1628020,Gregory Morrow,2015,2015
1629356,AJ Mosby,2018,2018
1629917,Brandon Moss,2019,2019
202700,Donatas Motiejunas,2012,2015
1628405,Johnathan Motley,2017,2019
203102,Arnett Moultrie,2012,2013
1627382,Boubacar Moungoro,2015,2016
1629613,Trey Mourning,2019,2019
1628606,Roger Moute a Bidias,2017,2019
203498,Shabazz Muhammad,2013,2013
1629877,Jean-Victor Mukama,2019,2019
1628539,Mychal Mulder,2017,2019
201957,Byron Mullens,2008,2018
204098,Xavier Munford,2014,2019
2508,Gabe Muoneke,2007,2007
202509,Obi Muonelo,2006,2011
1630278,Ade Murkey,2020,2020
203513,Erik Murphy,2013,2014
1629818,Jordan Murphy,2019,2020
1628768,Kamari Murphy,2017,2018
203122,Kevin Murphy,2012,2016
202821,Nick Murphy,2011,2013
204101,Tymell Murphy,2013,2013
1627749,Dejounte Murray,2016,2016
2436,Flip Murray,2011,2013
1628613,Tyree Murray,2017,2017
1628870,Lamond Murray Jr.,2017,2017
203315,Toure' Murry,2012,2015
1629058,Dzanan Musa,2018,2019
203488,Mike Muscala,2014,2017
202232,Patrick Mutombo,2009,2010
1627920,Ron Mvouika,2015,2015
1629004,Svi Mykhailiuk,2018,2018
201378,Abdoulaye N'Diaye,2007,2007
1627960,Mamadou N'Diaye,2015,2015
1627846,Abdel Nader,2015,2018
203894,Shabazz Napier,2014,2014
200895,Manual Narvaez,2006,2006
1626198,Le'Bryan Nash,2015,2016
202404,Drew Naymick,2010,2010
202380,Hamady Ndiaye,2010,2013
1626254,Maurice Ndour,2016,2016
1626304,Youssou Ndoye,2015,2015
202390,Gary Neal,2016,2016
201020,Alfred Neale,2006,2006
203517,Nemanja Nedovic,2013,2013
202957,Drew Neitzel,2011,2011
203677,Andrae Nelson,2013,2013
201634,DeMarcus Nelson,2008,2008
202129,Mike Nelson,2008,2009
203153,Reeves Nelson,2012,2013
203646,Remon Nelson,2013,2013
1627985,Roberto Nelson,2015,2016
1629209,Tyler Nelson,2018,2019
1628629,Alonzo Nelson-Ododa,2017,2017
201002,Elton Nesbitt,2006,2007
203526,Raul Neto,2016,2016
202842,Justin Neuhaus,2011,2011
1629881,Garrett Nevels,2019,2019
202075,Luke Nevill,2008,2009
1627986,Jeff Newberry,2015,2016
202837,Anthony Newell,2011,2011
1629306,Josh Newkirk,2018,2018
1629005,Malik Newman,2018,2019
201839,Steve Newman,2008,2008
201232,Jared Newson,2009,2009
1628540,Derick Newton,2017,2017
1627274,Jean Nguidjol,2015,2015
1627777,Georges Niang,2016,2018
1627957,Wally Niang,2016,2016
1628604,Austin Nichols,2017,2017
201193,Demetris Nichols,2007,2012
201468,Yemi Nicholson,2007,2007
1627996,E. Victor Nickerson,2015,2016
1630227,Daishen Nix,2020,2020
1627597,Derrick Nix,2015,2015
1628477,Landry Nnoko,2017,2017
201149,Joakim Noah,2017,2017
201779,Dave Noel,2008,2009
200786,David Noel,2007,2009
203512,Lucas Nogueira,2014,2015
202812,Al Nolen,2011,2011
1629968,Nick Norton,2019,2019
1629668,Zach Norvell,2019,2019
1629283,Duane Notice,2018,2019
200779,Steve Novak,2007,2010
1629669,Jaylen Nowell,2019,2019
1628081,Angel Nunez,2019,2019
1629134,Kendrick Nunn,2018,2018
203263,James Nunnally,2012,2013
1628021,David Nwaba,2015,2016
203327,Daniel Nwaelele,2012,2016
1628095,Ike Nwamu,2015,2019
1629670,Jordan Nwora,2020,2020
1626266,JJ O'Brien,2015,2017
203812,Jake O'Brien,2013,2013
200753,Patrick O'Bryant,2006,2012
203948,Johnny O'Bryant III,2016,2016
1627929,Ethan O'Day,2015,2015
1626220,Royce O'Neale,2017,2017
202909,Derrick O'Neil,2011,2011
1629331,Retin Obasohan,2018,2018
1627921,Chris Obekpa,2015,2016
201236,Lukasz Obrzut,2007,2007
1629862,Shawn Occeus,2019,2020
1627849,Daniel Ochefu,2017,2018
1627218,Jon Octeus,2015,2018
1629826,Norense Odiase,2019,2019
1629459,Tai Odiase,2019,2019
203298,George Odufuwa,2012,2012
1628098,Anthony Odunsi,2015,2015
1629296,Uche Ofoegbu,2018,2018
1627934,Uchechi Ogbonna,2015,2015
1629797,Mark Ogden Jr.,2019,2019
1627315,Terrence Oglesby,2015,2015
202522,Chamberlain Oguchi,2010,2012
201795,Yemi Ogunoye,2006,2011
203317,Tim Ohlbrecht,2012,2013
202560,Nkem Ojougboh,2010,2011
2731,Emeka Okafor,2017,2017
1629059,Elie Okobo,2018,2020
1629895,Namdi Okonkwo,2019,2019
1628080,Goodluck Okonoboh,2015,2016
202145,Augustine Okosun,2008,2009
1629644,KZ Okpala,2019,2019
202795,Charles Okwandu,2011,2011
204103,Kevin Olekaibe,2013,2018
202935,Adrian Oliver,2011,2011
1628419,Cameron Oliver,2017,2018
1627219,Brett Olson,2015,2015
1629245,Nuni Omot,2018,2018
1627975,Carl Ona-Embo,2015,2016
1629671,Miye Oni,2019,2019
202620,Arinze Onuaku,2010,2014
1627778,Chinanu Onuaku,2016,2018
1628756,Princeton Onwas,2017,2017
1629419,Randy Onwuasor,2019,2019
1627352,Reggis Onwukamuche,2015,2019
203531,Alex Oriakhi,2013,2013
200514,Randall Orr,2005,2005
1628697,Michael Orris,2017,2018
202350,Daniel Orton,2010,2015
203528,Romero Osby,2013,2014
1626224,Cedi Osman,2017,2017
200924,Eric Osmundson,2006,2008
731,Greg Ostertag,2011,2011
1628473,Yakuba Ouattara,2017,2017
203729,Orion Outerbridge,2013,2013
101261,Andre Owens,2006,2006
203181,Josh Owens,2012,2012
200416,Kevin Owens,2004,2005
202082,Larry Owens,2008,2014
1629745,Tariq Owens,2019,2020
1629873,Jaysean Paige,2019,2019
1627779,Marcus Paige,2015,2017
201334,David Palmer,2007,2007
202851,David Palmer,2011,2011
202402,Kevin Palmer,2006,2010
1629309,Trayvon Palmer,2018,2019
1629615,James Palmer Jr.,2019,2020
204215,Bubu Palo,2014,2019
1962936946,Bubu Palo,2014,2014
1628010,JJ Panoske,2015,2016
1627834,Georgios Papagiannis,2016,2017
2457,Jannero Pargo,2015,2016
202951,Jeremy Pargo,2017,2019
201780,Charlie Parker,2008,2009
201860,Jason Parker,2008,2008
2470,Smush Parker,2004,2008
1628143,Tony Parker,2017,2017
1626639,Trevin Parks,2015,2015
1630010,Mike Parks Jr,2019,2019
1627350,Bobby Ray Parks Jr.,2015,2015
101248,Marlon Parmer,2008,2008
203744,Kevin Parrom,2013,2013
203282,Darryl Partin,2012,2012
1628394,Anzejs Pasecniks,2019,2019
201001,Andre Patterson,2006,2008
203934,Lamar Patterson,2015,2016
202335,Patrick Patterson,2010,2010
202852,Juan Pattillo,2011,2011
1628383,Justin Patton,2017,2020
203464,Brandon Paul,2013,2017
201288,Kenton Paulino,2007,2007
203940,Adreian Payne,2015,2017
1626166,Cameron Payne,2015,2019
1627780,Gary Payton II,2015,2020
1628433,L.J. Peak,2017,2017
201299,Michael Peeples,2007,2007
203658,Norvel Pelle,2013,2020
1630289,Eli Pemberton,2020,2020
2632,Kirk Penney,2009,2009
1629616,Josh Perkins,2019,2019
2570,Kendrick Perkins,2017,2017
200785,Kosta Perovic,2007,2007
1628506,London Perrantes,2017,2020
204312,Kendrick Perry,2014,2014
1629617,Reggie Perry,2020,2020
1628409,Alec Peters,2017,2017
201308,James Peters,2007,2009
1629777,Lamar Peters,2019,2019
202597,Jamine Peterson,2006,2013
1628517,Luke Petrasek,2017,2018
101130,Johan Petro,2016,2016
204181,John Petrucelli,2015,2018
1626189,Terran Petteway,2015,2015
202949,Parrish Petty,2011,2011
201237,Brent Petway,2007,2008
1629341,Tarik Phillip,2018,2018
200905,Marvin Phillips,2008,2011
1629830,Trey Phills,2019,2019
1629799,Dorian Pickens,2019,2019
2773,Tim Pickett,2004,2004
202906,Courtney Pigram,2011,2011
1629753,Isaiah Pineiro,2019,2019
200838,Kevinn Pinkney,2006,2006
200805,JR Pinnock,2006,2006
1629033,Theo Pinson,2018,2020
1629800,Kavion Pippen,2019,2019
1627256,Walter Pitchford,2015,2015
202354,Dexter Pittman,2010,2013
203808,Elijah Pittman,2013,2013
1627444,Ashton Pitts,2015,2015
200819,Kevin Pittsnogle,2007,2009
203690,Steven Pledger,2015,2015
202353,Tibor Pleiss,2015,2015
1627850,Marshall Plumlee,2016,2017
203101,Miles Plumlee,2012,2017
2750,Pavel Podkolzin,2005,2005
1627751,Jakob Poeltl,2016,2016
1626218,Sir'Dominic Pointer,2015,2020
1629211,Darel Poirier,2018,2019
1629738,Vincent Poirier,2019,2019
1630197,Aleksej Pokusevski,2020,2020
1627411,Dwayne Polee Jr.,2015,2016
203331,Christian Polk,2012,2012
1628541,Kendall Pollard,2017,2017
202877,Eniel Polynice,2011,2012
1629044,Shamorie Ponds,2019,2019
204091,Donte Poole,2013,2013
1629673,Jordan Poole,2019,2020
1629080,Malik Pope,2018,2020
2084,Chris Porter,2012,2014
1629007,Jontay Porter,2020,2020
202525,Tajuan Porter,2012,2014
1629645,Kevin Porter Jr.,2020,2020
1626171,Bobby Portis,2016,2016
1627925,Marcus Posley,2015,2018
1627267,Keanau Post,2015,2015
201225,Carlos Powell,2007,2009
203939,Dwight Powell,2014,2014
2694,Josh Powell,2005,2005
2867,Kasib Powell,2007,2008
1629619,Myles Powell,2020,2020
1626181,Norman Powell,2015,2015
101232,Roger Powell,2006,2006
1627816,Alex Poythress,2015,2018
204062,Casey Prather,2014,2014
202829,Will Pratt,2011,2011
203515,Phil Pressey,2014,2016
1629009,Billy Preston,2018,2018
202911,Bruce Price,2011,2011
1628120,TJ Price,2015,2017
1627752,Taurean Prince,2016,2016
204191,Brandon Provost,2014,2014
204307,Quan Prowell,2014,2014
201172,Gabe Pruitt,2007,2012
1628842,Rodney Pryor,2017,2019
200964,Jameel Pugh,2006,2006
1626643,Jacob Pullen,2017,2017
1628681,Rodney Purvis,2017,2018
1628675,Maksym Pustozvonov,2017,2017
204192,Raphiael Putney,2014,2020
1627753,Zhou Qi,2017,2018
202149,Haminn Quaintance,2008,2008
1626180,Michael Qualls,2017,2018
1627817,Tim Quarterman,2016,2019
1630243,Trevelin Queen,2020,2020
1627301,Aqeel Quinn,2015,2015
200809,Chris Quinn,2012,2012
1628397,Ivan Rabb,2017,2020
1629471,Harry Rafferty,2018,2018
1627439,Jordan Railey,2015,2016
202504,Derek Raivio,2010,2010
202612,Nik Raivio,2006,2010
204092,Corey Raji,2013,2013
1628093,Brandis Raley-Ross,2015,2016
2762,Peter John Ramos,2005,2006
1630186,Jahmi'us Ramsey,2020,2020
203684,Kyle Randall,2013,2018
1626184,Chasson Randle,2015,2020
202963,Jerome Randle,2011,2011
200633,Ryan Randle,2005,2005
1629801,Brandon Randolph,2019,2019
1626260,Levi Randolph,2015,2020
1628504,Xavier Rathan-Mayes,2017,2019
202140,AJ Ratliff,2008,2008
202360,Andy Rautins,2012,2012
1628622,Evan Ravenel,2016,2016
2142,Reed Rawlings,2005,2005
200810,Allan Ray,2006,2006
1629729,Josh Reaves,2019,2020
1627485,Juvonte Reddic,2015,2015
1628432,Davon Reed,2017,2019
2770,Justin Reed,2007,2008
202769,Omar Reed,2011,2015
1630194,Paul Reed,2020,2020
201871,Ray Reed,2008,2008
203186,Willie Reed,2012,2019
1630002,Isaiah Reese,2019,2020
202246,Ray Reese,2009,2009
2678,Kareem Reid,2005,2005
1629675,Naz Reid,2019,2019
202385,Ryan Reid,2006,2011
2876,Jared Reiner,2006,2009
1628090,Jarelle Reischel,2015,2016
1627342,Travis Releford,2015,2015
202838,Marcus Relphorde,2011,2011
1630317,Nate Renfro,2020,2020
1629212,Justin Reyes,2018,2019
1629244,Cameron Reynolds,2018,2020
202871,J.R. Reynolds,2011,2011
1630034,Jalen Reynolds,2019,2019
1627017,Justin Reynolds,2015,2015
202535,Scottie Reynolds,2010,2010
2827,Darius Rice,2006,2015
201370,Dwuan Rice,2007,2007
203318,Glen Rice,2012,2014
201271,Lamar Rice,2007,2007
201655,Maureece Rice,2008,2010
201181,Chris Richard,2007,2009
201625,Jason Richards,2008,2009
1630208,Nick Richards,2020,2020
1627932,Shane Richards,2015,2019
201248,Anthony Richardson,2010,2012
200652,Garrett Richardson,2005,2005
200978,Jeremy Richardson,2006,2007
1626196,Josh Richardson,2015,2015
1627781,Malachi Richardson,2016,2020
202784,Nolan Richardson,2011,2011
200599,Norm Richardson,2005,2005
204084,Akeem Richmond,2014,2015
2598,Rick Rickert,2004,2006
1627416,Da'Shonte Riley,2015,2016
1628003,DeAngelo Riley,2015,2016
200600,Roderick Riley,2005,2009
1630203,Grant Riller,2020,2020
1629317,Demetre Rivers,2018,2018
203308,Jeremiah Rivers,2012,2012
203750,K.C. Rivers,2013,2013
1629703,Kerwin Roach II,2019,2019
203460,Andre Roberson,2013,2013
101194,Anthony Roberson,2005,2006
1629446,Anthony Roberson,2018,2019
1629166,Jeff Roberson,2018,2020
1628542,Tyler Roberson,2017,2019
202548,Chris Roberts,2010,2012
1626294,Jaleel Roberts,2015,2016
101160,Lawrence Roberts,2005,2005
202813,Marvin Roberts,2011,2011
202878,Terrence Roberts,2011,2011
204040,Ronald Roberts Jr.,2013,2015
1629757,Alex Robinson,2019,2019
201015,Antywane Robinson,2006,2007
200583,Brandon Robinson,2005,2006
202505,Dawan Robinson,2010,2010
1628421,Devin Robinson,2017,2020
1629130,Duncan Robinson,2018,2018
1944,Eddie Robinson,2006,2006
201648,Frank Robinson,2009,2009
201332,Freddy Robinson,2007,2007
1629010,Jerome Robinson,2018,2018
1629620,Justin Robinson,2019,2020
101126,Nate Robinson,2016,2016
201781,Russell Robinson,2008,2014
1629347,Stanford Robinson,2018,2018
202383,Stanley Robinson,2010,2011
203080,Thomas Robinson,2018,2018
203271,Titus Robinson,2013,2013
203922,Glenn Robinson III,2015,2017
1629955,Galen Robinson Jr.,2019,2020
1629676,Isaiah Roby,2019,2019
202449,Richard Roby,2010,2010
201014,Chris Rodgers,2006,2006
202863,Alejo Rodriguez,2011,2013
1629285,Angel Rodriguez,2018,2019
1629184,Desi Rodriguez,2018,2019
1628001,Frank Rogers,2015,2016
202237,Kevin Rogers,2009,2009
202418,Matt Rogers,2010,2011
202843,Sadiel Rojas,2011,2013
202375,Magnum Rolle,2010,2010
1627458,Ismael Romero,2015,2016
1628615,L.J. Rose,2017,2017
1629051,Quinton Rose,2020,2020
1627460,Earnest Ross,2019,2019
203941,LaQuinton Ross,2017,2018
2624,Quinton Ross,2011,2011
200495,Steve Ross,2004,2004
203272,Ryan Rossiter,2012,2012
1628777,Maverick Rowan,2017,2018
200579,EJ Rowland,2005,2005
1629880,Andrew Rowsey,2019,2020
1626179,Terry Rozier,2015,2015
204135,Titus Rubles,2013,2014
204118,Victor Rudd,2013,2014
1629286,Cameron Rundles,2018,2018
203273,Alex Ruoff,2012,2012
202425,Billy Rush,2006,2011
2416,Kareem Rush,2011,2013
201041,Walker Russell,2006,2014
1628544,Cullen Russo,2017,2017
203135,Robert Sacre,2012,2012
203659,Dustin Salisbery,2013,2013
200595,Tyrone Sally,2005,2006
1629375,Jared Sam,2018,2018
1629677,Luka Samanic,2019,2020
200798,Cheikh Samb,2007,2008
202968,Omar Samhan,2014,2014
1629102,Brandon Sampson,2018,2020
203960,JaKarr Sampson,2014,2019
2441,Jamal Sampson,2011,2011
203322,Ralph Sampson,2012,2014
1626736,Ralph Sampson III,2015,2015
1627922,Jamaal Samuel,2015,2015
202396,Samardo Samuels,2010,2012
204044,Orlando Sanchez,2014,2014
101140,Ricky Sanchez,2006,2007
201456,Sergio Sanchez,2007,2007
200278,Corey Sanders,2005,2005
1629101,Corey Sanders,2019,2019
202910,Jamarr Sanders,2011,2012
204143,Jerrell Sanders,2014,2014
202336,Larry Sanders,2010,2016
2684,Melvin Sanders,2005,2005
201788,Patrick Sanders,2008,2011
1626522,Rakim Sanders,2019,2019
201734,Thomas Sanders,2008,2008
201796,Andres Sandoval,2008,2009
1630014,Jaelan Sanford,2019,2019
1629243,Ismael Sanogo,2018,2019
200979,Corey Santee,2006,2006
202953,Damian Saunders,2011,2015
1626201,Wesley Saunders,2015,2016
1628565,Kethan Savage,2017,2019
201337,Aristide Sawadogo,2007,2008
2637,Alex Scales,2005,2005
201826,Dominique Scales,2006,2011
204124,Michael Schachtner,2013,2014
202180,Ray Schafer,2008,2008
101195,Luke Schenscher,2005,2006
202416,Jon Scheyer,2010,2010
1629678,Admiral Schofield,2019,2020
203471,Dennis Schroder,2013,2013
203641,Akeem Scott,2013,2013
203163,Carleton Scott,2012,2012
201807,DeWitt Scott,2008,2009
1628677,Durand Scott,2017,2017
201365,Ernest Scott,2007,2011
200934,Melvin Scott,2006,2006
203118,Mike Scott,2012,2016
1630003,Mike Scott,2019,2020
1626263,Shannon Scott,2015,2020
1630286,Trevon Scott,2020,2020
1630206,Jay Scrubb,2020,2020
1628135,Jerome Seagears,2015,2017
202460,Moussa Seck,2010,2010
204119,D.J. Seeley,2013,2014
202729,Josh Selby,2011,2012
1627782,Wayne Selden,2015,2019
200754,Mouhamed Sene,2006,2015
1628496,Jeremy Senglin,2017,2017
201324,Julian Sensley,2007,2011
202879,Franklin Session,2011,2011
201196,Ramon Sessions,2007,2007
1630276,Nate Sestina,2020,2020
1629804,Ronshad Shabazz,2019,2019
201203,Mustafa Shakur,2008,2017
201594,Walter Sharpe,2006,2010
1627287,Jarred Shaw,2015,2015
1629621,Marial Shayok,2019,2019
204292,Will Sheehey,2014,2016
201747,Bryce Sheldon,2008,2008
1628022,DJ Shelton,2015,2015
203129,Tornike Shengelia,2012,2013
1628686,Winston Shepard,2017,2017
2135,Nick Sheppard,2005,2005
101251,Ricky Shields,2005,2005
201782,Kyle Shiloh,2008,2008
200517,Joe Shipp,2005,2006
1629679,Simi Shittu,2019,2020
200566,Chris Shumate,2005,2006
1627462,D.J. Shumpert,2015,2016
1627446,James Siakam,2015,2015
1627783,Pascal Siakam,2016,2016
1626296,Jordan Sibert,2015,2019
202918,Xavier Silas,2011,2018
202081,Garret Siler,2008,2010
1629735,Chris Silva,2019,2019
2250,Bobby Simmons,2010,2011
200759,Cedric Simmons,2007,2009
203613,Jonathon Simmons,2013,2019
202907,Josh Simmons,2011,2011
204125,Justin Simmons,2013,2013
1628424,Kobi Simmons,2017,2020
204136,Marcus Simmons,2013,2017
1628133,Mark Simmons,2016,2016
1629779,Justin Simon,2019,2019
1628028,Patrick Simon,2015,2016
1629014,Anfernee Simons,2018,2018
202822,Anthony Simpson,2011,2011
202067,Diamon Simpson,2008,2009
1628083,Rasean Simpson,2015,2015
1630285,Zavier Simpson,2020,2020
201235,Courtney Sims,2007,2010
202586,DeShawn Sims,2010,2011
202875,Donald Sims,2011,2011
203156,Henry Sims,2012,2016
1627958,Amjyot Singh,2017,2018
1627951,Palpreet Singh,2015,2015
1630229,Princepal Singh,2020,2020
1626228,Satnam Singh,2015,2016
203560,E.J. Singler,2013,2016
203319,Mike Singletary,2012,2012
201606,Sean Singletary,2008,2013
202698,Chris Singleton,2014,2014
101189,James Singleton,2014,2014
1628634,Marvin Singleton Jr.,2017,2017
203491,Peyton Siva,2013,2014
1627094,Jamie Skeen,2015,2015
200478,Ron Slay,2004,2004
2447,Tamar Slay,2006,2006
202388,Donald Sloan,2010,2017
1629346,Alen Smailagic,2018,2020
203935,Marcus Smart,2014,2014
202574,Alex Smith,2010,2010
202844,Antonio Smith,2011,2011
1627269,Ashton Smith,2015,2015
203147,Chris Smith,2013,2013
200783,Craig Smith,2013,2013
1630044,Daishon Smith,2019,2019
2764,Donta Smith,2005,2005
201346,Eric Smith,2007,2008
202962,Greg Smith,2011,2015
202397,Ish Smith,2010,2010
201650,JaJuan Smith,2009,2009
1630188,Jalen Smith,2020,2020
200815,Jamar Smith,2007,2007
202446,Jamar Smith,2010,2010
201259,James Smith,2007,2007
1628721,Jarquez Smith,2018,2018
200914,Jason Smith,2006,2006
202536,Jerry Smith,2010,2011
201360,Jesse Smith,2007,2008
2838,Jon Smith,2004,2004
1626288,Joshua Smith,2015,2016
1629923,Kendall Smith,2019,2019
1627589,Kenneth Smith,2015,2018
201831,Lanny Smith,2008,2009
204126,Lenzelle Smith,2013,2014
204162,Malik Smith,2014,2014
1629915,Marquill Smith,2019,2019
202701,Nolan Smith,2012,2014
203964,Roscoe Smith,2014,2018
203893,Russ Smith,2014,2016
1628871,Scoochie Smith,2017,2019
200848,Steven Smith,2006,2013
2604,Theron Smith,2005,2005
2596,Tommy Smith,2011,2012
200906,Tyler Smith,2006,2006
1629146,Zach Smith,2018,2018
1629015,Zhaire Smith,2018,2020
1627886,D'Vauntes Smith-Rivera,2015,2016
1629328,Evan Smotrycz,2018,2018
1627488,Michael Snaer,2015,2015
1630270,Xavier Sneed,2020,2020
202234,Tyc Snow,2009,2011
204076,Richard Solomon,2014,2018
201808,Sean Sonderleiter,2008,2012
200645,TJ Sorrentine,2005,2005
203480,James Southerland,2013,2017
2776,Pape Sow,2005,2005
202135,Zachary Sowers,2008,2009
202506,Kyle Spain,2010,2011
1629034,Ray Spalding,2018,2020
201039,Adam Spanich,2006,2006
202527,Eugene Spates,2010,2011
1629016,Omari Spellman,2018,2020
203647,Bo Spencer,2013,2013
1628647,Skylar Spencer,2017,2017
1629461,Andre Spight,2018,2018
1627449,Nigel Spikes,2015,2015
201168,Tiago Splitter,2016,2016
1628596,Akeem Springs,2017,2018
204104,Tristan Spurlock,2013,2014
202785,Maze Stallworth,2011,2011
203396,Chace Stanback,2012,2012
1630199,Cassius Stanley,2020,2020
1629236,Jonathan Stark,2018,2018
1626219,Juwan Staten,2015,2015
203917,Nik Stauskas,2020,2020
1627316,Keith Steffeck,2015,2017
1629805,Alex Stein,2019,2019
203474,DJ Stephens,2015,2018
1628252,Deshawn Stephens,2016,2016
1627293,Alex Stepheson,2015,2015
201375,Derrick Stevens,2007,2007
1630205,Lamar Stevens,2020,2020
202462,Perry Stevenson,2010,2010
1627933,Daniel Stewart,2015,2016
1629136,Elijah Stewart,2018,2018
201272,Lodrick Stewart,2007,2007
200855,Frans Steyn,2006,2006
201880,Greg Stiemsma,2008,2011
201028,Curtis Stinson,2006,2013
204065,David Stockton,2014,2020
1627132,Michael Stockton,2015,2015
203002,Corey Stokes,2011,2011
203950,Jarnell Stokes,2014,2018
200454,Lenny Stokes,2004,2005
202610,Loren Stokes,2010,2011
1627754,Diamond Stone,2016,2018
202933,Julyan Stone,2011,2017
2852,Awvee Storey,2006,2006
1628000,Kareem Storey,2015,2015
101136,Salim Stoudamire,2010,2010
203304,Anthony Stover,2012,2012
202123,Jason Straight,2008,2009
201199,DJ Strawberry,2007,2010
201240,Brad Stricker,2008,2008
203801,Dexter Strickland,2013,2014
200980,Trent Strickland,2006,2011
204182,Andre Stringer,2014,2015
202823,Ben Strong,2011,2015
203642,Carlos Strong,2013,2013
202796,Jay-R Strowbridge,2011,2018
1629622,Max Strus,2019,2019
203626,Paul Sturgess,2013,2013
201725,Michael Sturns,2011,2011
1628548,Eric Stuteville,2017,2020
203385,Garrett Stutz,2012,2012
203678,Scott Suggs,2013,2015
2690,Cedric Suitt,2005,2005
1627881,Rasheed Sulaimon,2015,2016
200961,JJ Sullinger,2006,2006
203096,Jared Sullinger,2016,2016
202403,Patrick Sullivan,2010,2012
1629215,Taren Sullivan,2018,2019
201969,DaJuan Summers,2012,2015
202872,Durrell Summers,2011,2014
1627299,Jarvis Summers,2015,2017
203278,Danny Sumner,2012,2012
1628410,Edmond Sumner,2017,2019
201641,Curtis Sumpter,2011,2011
201180,Sun Sun,2008,2008
203360,Dominique Sutton,2012,2014
1630263,Dwayne Sutton,2020,2020
204137,Kyrie Sutton,2013,2013
1627379,Leon Sutton,2015,2015
203616,Maurice Sutton,2013,2014
1628403,Caleb Swanigan,2017,2019
202451,Isaiah Swann,2010,2010
202464,Devin Sweetney,2018,2018
2552,Michael Sweetney,2009,2009
201453,Kevin Sweetwyne,2007,2007
2741,Robert Swift,2009,2009
204105,Jordan Swing,2013,2014
1629884,Jordan Swopshire,2019,2019
1628591,Craig Sword,2017,2019
202218,Amara Sy,2009,2009
202377,Pape Sy,2010,2010
1626208,Keifer Sykes,2015,2015
202074,Raymond Sykes,2006,2010
1627923,Ladarius Tabb,2015,2015
2657,Yuta Tabuse,2005,2007
101147,Chris Taft,2007,2007
203334,Shawn Taggart,2012,2012
203745,Gary Talton,2013,2018
1627451,Chris Tang,2015,2015
1627931,Ameen Tanksley,2015,2015
203615,Chase Tapley,2013,2013
1627818,Kaleb Tarczewski,2015,2016
1629279,Gerard Tarin,2018,2019
1628111,Ricky Tarrant,2015,2015
202798,Josh Tarver,2011,2011
202415,Seth Tarver,2006,2012
204155,Tyrrel Tate,2014,2019
203264,Cam Tatum,2012,2012
201249,Jamaal Tatum,2008,2008
204002,Edy Tavares,2015,2017
101182,Donell Taylor,2008,2009
1629269,Evan Taylor,2018,2019
1627819,Isaiah Taylor,2015,2019
200663,James Taylor,2005,2005
203106,Jeffery Taylor,2014,2014
201966,Jermaine Taylor,2009,2017
1628754,Jimmie Taylor,2017,2017
203717,Kam Taylor,2013,2013
201344,Kenny Taylor,2007,2010
2445,Marcus Taylor,2008,2008
200553,Marcus Taylor,2005,2006
1630260,Marlon Taylor,2020,2020
201446,Mike Taylor,2007,2012
200992,Ronell Taylor,2006,2006
1629807,Ryan Taylor,2019,2020
203361,Tony Taylor,2012,2012
203116,Tyshawn Taylor,2012,2013
204138,David Teague,2013,2014
203104,Marquis Teague,2013,2019
202066,Garrett Temple,2008,2012
200584,Anthony Terrell,2005,2009
1628065,JT Terrell,2015,2016
1629123,Jared Terrell,2018,2018
201022,Julian Terrell,2006,2006
201827,Curtis Terry,2008,2010
1629150,Emanuel Terry,2018,2020
1630179,Tyrell Terry,2020,2020
1630257,Jon Teske,2020,2020
201934,Hasheem Thabeet,2009,2019
203904,Xavier Thames,2014,2015
204170,Naadir Tharpe,2014,2016
1629290,Travin Thibodeaux,2018,2019
1628045,Aaron Thomas,2015,2016
203519,Adonis Thomas,2013,2015
202853,Adrian Thomas,2011,2014
2873,Billy Thomas,2007,2009
1630271,Brodric Thomas,2020,2020
1628038,Corbin Thomas,2015,2015
203472,Deshaun Thomas,2015,2015
201230,Doug Thomas,2007,2013
200567,Harvey Thomas,2005,2005
202986,Ibrahima Thomas,2011,2012
200974,Jamaal Thomas,2006,2008
1629935,Jeff Thomas,2019,2019
1519,John Thomas,2007,2007
202864,Jonathan Thomas,2011,2012
1629017,Khyri Thomas,2018,2020
202498,Lance Thomas,2006,2011
202952,Malcolm Thomas,2011,2015
1629744,Matt Thomas,2019,2019
200654,Omar Thomas,2005,2005
1628577,Rashawn Thomas,2017,2017
1627981,Shaquille Thomas,2015,2017
202176,Stanley Thomas,2009,2009
200983,Terrance Thomas,2006,2013
200748,Tyrus Thomas,2014,2014
1628101,Joe Thomasson,2015,2016
101159,Dijon Thompson,2005,2006
203138,Hollis Thompson,2012,2019
204106,Kevin Thompson,2013,2013
202814,Mychel Thompson,2011,2016
202421,Ryan Thompson,2010,2010
1626280,Sam Thompson,2015,2018
1628123,Shevon Thompson,2015,2018
1629808,Stephen Thompson,2019,2019
1628545,Trevor Thompson,2017,2017
202770,Tristan Thompson,2011,2011
203180,Hank Thorns,2012,2012
203692,Kellen Thornton,2013,2013
201977,Marcus Thornton,2017,2018
1626194,Marcus Thornton,2015,2017
1629940,Raynere Thornton,2019,2019
1628414,Sindarius Thornwell,2017,2019
204193,Jarvis Threatt,2014,2018
1629809,Tre'Shawn Thurman,2019,2019
1629947,Madit Tieny Dak,2019,2019
202549,J.T. Tiller,2010,2010
1629681,Killian Tillie,2020,2020
1629460,Justin Tillman,2018,2018
1630242,Tres Tinkle,2020,2020
2224,Jamaal Tinsley,2011,2011
202873,Mike Tisdale,2011,2011
1628600,JD Tisdale Jr.,2019,2019
1627861,Mike Tobey,2015,2016
1630225,Isaiah Todd,2020,2020
204078,Yuki Togashi,2014,2014
1626160,JP Tokoto,2015,2016
202228,Frank Tolbert,2009,2009
201229,Anthony Tolliver,2007,2009
1630255,Jake Toolson,2020,2020
203283,Bernard Toombs,2012,2012
202198,Chad Toppert,2008,2015
200558,Cody Toppert,2005,2005
1629308,Juan Toscano-Anderson,2018,2020
1626253,Axel Toupane,2015,2020
201850,Darian Townes,2008,2009
203004,Joe Trapani,2011,2011
1627252,Jabril Trawick,2015,2016
1629018,Gary Trent Jr.,2018,2018
2244,Jeff Trepagnier,2008,2009
1626275,Travis Trice II,2015,2018
203465,Brandon Triche,2015,2016
1629019,Allonzo Trier,2020,2020
201335,Kibwe Trim,2007,2007
1628453,Melo Trimble,2017,2017
1630261,Jahlil Tripp,2020,2020
2456,Cezary Trybanski,2005,2009
1628714,Buay Tuach,2017,2018
202799,Justin Tubbs,2018,2018
201169,Alando Tucker,2007,2011
200568,Clay Tucker,2005,2006
203336,Cliff Tucker,2012,2012
1628026,Dakarai Tucker,2015,2020
202193,Dar Tucker,2006,2014
200782,P.J. Tucker,2006,2006
1629730,Rayjon Tucker,2019,2020
203709,Josiah Turner,2013,2014
201213,Larry Turner,2007,2007
1627608,Ralston Turner,2015,2016
202824,Michael Tveidt,2011,2011
204313,James Tyler,2014,2014
202719,Jeremy Tyler,2011,2013
201872,Mark Tyndale,2008,2017
1630254,Breein Tyree,2020,2020
201748,Ayinde Ubaka,2008,2008
202775,Edwin Ubiles,2011,2012
1627224,Chris Udofia,2015,2015
203660,Mfon Udofia,2013,2015
2137,Ime Udoka,2005,2005
201261,Ejike Ugboaja,2007,2007
1629258,Stephen Ugochukwu,2018,2019
201270,Aleksandar Ugrinoski,2007,2007
1627755,Tyler Ulis,2016,2019
202520,Lamonte Ulmer,2010,2010
1628136,Isiah Umipig,2015,2015
201448,Cory Underwood,2007,2010
1626193,Robert Upshaw,2015,2015
1626580,Zeke Upshaw,2015,2017
1627592,Davon Usher,2015,2015
204221,AJ Ussery,2014,2014
1627784,Jarrod Uthoff,2015,2020
202386,Ben Uzoh,2010,2013
201987,Robert Vaden,2006,2016
1627756,Denzel Valentine,2016,2019
1629304,Wes VanBeck,2018,2018
1627832,Fred VanVleet,2016,2016
204081,Jordan Vandenberg,2014,2014
201045,Nick Vander Laan,2006,2006
202519,Scott VanderMeer,2010,2012
202982,Jamie Vanderbeken,2011,2011
1629020,Jarred Vanderbilt,2018,2019
202771,Dan Vandervieren,2011,2011
203337,Shawn Vanzant,2012,2012
200851,Jeff Varem,2006,2006
204172,Eloy Vargas,2014,2014
202363,Jarvis Varnado,2012,2018
1626173,Rashad Vaughn,2015,2018
201387,Fabricio Vay,2007,2007
202805,Anthony Vereen,2011,2015
1628670,Craig Victor,2017,2017
200524,Isiah Victor,2004,2005
1629216,Gabe Vincent,2018,2019
200790,Marcus Vinicius,2006,2006
101262,Cory Violette,2007,2007
203343,Bryant Voiles,2012,2015
203943,Noah Vonleh,2014,2014
1629731,Dean Wade,2019,2019
1627419,Mardracus Wade,2015,2016
202544,Lorrenzo Wade Jr.,2015,2016
101144,Von Wafer,2005,2016
1629021,Moritz Wagner,2018,2018
1626258,Corey Walden,2015,2015
1627372,Anthony Walker,2015,2018
952,Antoine Walker,2006,2011
1626217,Chris Walker,2015,2018
204090,Devondrick Walker,2013,2016
201611,Henry Walker,2008,2016
203718,Ty Walker,2013,2015
1629246,Tyrius Walker,2018,2018
1629964,Wyatt Walker,2019,2019
1629022,Lonnie Walker IV,2018,2018
1627843,Thomas Walkup,2015,2016
201204,Brandon Wallace,2007,2012
202150,Jonathan Wallace,2008,2009
1627820,Tyrone Wallace,2015,2020
101190,Matt Walsh,2005,2005
201755,Kirk Walters,2008,2008
201777,Mark Walters,2008,2008
202776,Travis Walton,2011,2011
1628476,Derrick Walton Jr.,2017,2019
202954,Brad Wanamaker,2011,2018
202996,Brad Wanamaker,2011,2011
203255,Alexis Wangmene,2012,2016
1627226,Karrington Ward,2015,2018
1629695,Nick Ward,2019,2019
1627866,Jameel Warney,2015,2018
204200,Andrew Warren,2014,2014
203284,Jason Warren,2012,2012
204163,Josh Warren,2014,2014
203933,T.J. Warren,2014,2014
202378,Willie Warren,2010,2017
101124,Hakim Warrick,2018,2018
1627395,Julian Washburn,2015,2020
1628607,Andre Washington,2017,2017
201476,Anthony Washington,2007,2007
200827,Darius Washington,2007,2007
201622,Deron Washington,2008,2009
202801,Greg Washington,2011,2011
1629458,Kyle Washington,2018,2018
1628230,Wes Washpun,2016,2017
1629139,Yuta Watanabe,2018,2020
204145,Dominic Waters,2014,2014
1629682,Tremont Waters,2019,2019
204024,Christian Watford,2014,2018
201208,Darryl Watkins,2007,2008
201228,C.J. Watson,2007,2007
1629969,Devin Watson,2019,2019
201739,Keoni Watson,2008,2008
1628778,Paul Watson,2017,2019
204030,Mitchell Watt,2014,2014
203146,Maalik Wayns,2012,2014
204033,David Wear,2014,2014
204037,Travis Wear,2015,2019
1628031,Eric Weary Jr.,2015,2016
1629683,Quinndary Weatherspoon,2019,2020
201602,Kyle Weaver,2008,2012
201282,Marquis Webb,2007,2007
202186,Rodney Webb,2009,2009
1627821,James Webb III,2015,2019
1627362,Briante Weber,2015,2018
101110,Martell Webster,2005,2005
1628017,Negus Webster-Chan,2015,2017
204127,Marquis Weddle,2013,2013
201603,Sonny Weems,2008,2008
203661,Steve Weingarten,2013,2014
1627361,Dez Wells,2015,2018
202772,Stefan Welsh,2011,2013
1629118,Thomas Welsh,2018,2019
1627607,Byron Wesley,2015,2015
1629700,Kaleb Wesson,2020,2020
2753,Delonte West,2012,2014
201238,Mario West,2009,2010
203586,Charlie Westbrook,2013,2013
202524,Lawrence Westbrook,2010,2011
201310,Brian Wethers,2007,2007
101156,Robert Whaley,2007,2007
201840,Carlos Wheeler,2006,2010
1627366,Terry Whisnant,2015,2016
202889,Billy White,2011,2011
1628639,Caleb White,2017,2017
201591,DJ White,2008,2009
203679,Darren White,2013,2014
1628401,Derrick White,2017,2017
200778,James White,2006,2008
1627447,Ladarius White,2015,2015
201328,Lou White,2007,2007
201377,Marcus White,2007,2008
1627855,Okaro White,2015,2018
1629874,Paul White,2019,2020
200653,Quannas White,2005,2007
203091,Royce White,2012,2013
202358,Terrico White,2011,2015
204194,Tyrone White,2014,2014
201371,Wendell White,2007,2007
1628510,Andrew White III,2017,2020
1627785,Isaiah Whitehead,2017,2018
201012,Luke Whitehead,2006,2007
202355,Hassan Whiteside,2010,2014
1630232,Kahlil Whitney,2020,2020
202168,Tre Whitted,2009,2010
204222,Greg Whittington,2015,2016
203963,Shayne Whittington,2014,2015
1626442,Antwaine Wiggins,2015,2016
1629811,Demajeo Wiggins,2019,2019
204289,Nick Wiggins,2014,2015
1629623,Lindell Wigginton,2019,2020
1628859,Sekou Wiggs,2017,2018
201816,Elgrace Wilborn,2008,2008
203912,C.J. Wilcox,2014,2019
1629435,Thomas Wilder,2018,2019
1628451,Jacob Wiley,2017,2017
203363,Isaiah Wilkerson,2012,2013
203174,Tyler Wilkerson,2012,2012
200585,Anthony Wilkins,2005,2007
2863,Damien Wilkins,2014,2017
204164,Damien Wilkins,2014,2014
1629145,Isaiah Wilkins,2018,2018
1629930,Shaun Willett,2019,2019
1626210,Alan Williams,2016,2018
1627297,Amir Williams,2015,2016
1626993,Brian Williams,2017,2017
203710,C.J. Williams,2013,2019
204303,Chaz Williams,2014,2014
101258,Corey Williams,2006,2006
1627430,Coron Williams,2015,2017
202806,Derek Williams,2011,2011
1628241,Devin Williams,2016,2017
201247,Donell Williams,2007,2007
202343,Elliot Williams,2013,2015
1630294,Emmitt Williams,2020,2020
677,Eric Williams,2006,2006
201066,Eric Williams,2006,2006
101231,Ezra Williams,2005,2008
2421,Frank Williams,2006,2008
2465,George Williams,2004,2007
1628580,JaCorey Williams,2017,2018
201035,Jamaal Williams,2006,2006
204128,Jarvis Williams,2013,2017
101214,Jawad Williams,2005,2008
2398,Jay Williams,2006,2006
1628018,Jeremiah Williams,2015,2015
203643,Jeremy Williams,2015,2016
202214,John Williams,2009,2009
1629140,Johnathan Williams,2018,2019
202716,Jordan Williams,2011,2011
203899,Kendall Williams,2015,2015
1629953,Kenny Williams,2019,2020
1629026,Kenrich Williams,2018,2018
202538,L.D. Williams,2010,2015
202787,LaDustin Williams,2011,2011
202160,Latavious Williams,2006,2010
101150,Lou Williams,2006,2006
200766,Marcus Williams,2017,2018
201173,Marcus Williams,2007,2009
204210,Michael Williams,2014,2014
1056,Mike Williams,2015,2017
1627491,Paul Williams,2015,2015
1628011,Pendarvis Williams,2015,2016
1627999,Prince Williams,2015,2018
202130,Reggie Williams,2008,2016
203576,Rodney Williams,2013,2016
201157,Sean Williams,2008,2012
200761,Shawne Williams,2013,2017
1628494,T.J. Williams,2017,2017
201944,Terrence Williams,2010,2013
1628689,Tommy Williams,2017,2018
1627786,Troy Williams,2016,2018
1629057,Robert Williams III,2018,2018
1628475,Matt Williams Jr.,2017,2017
1628430,Nigel Williams-Goss,2019,2019
202499,Garrett Williamson,2006,2010
1628491,Derek Willis,2017,2017
201233,Roderick Wilmont,2007,2010
1628391,D.J. Wilson,2017,2019
203966,Jamil Wilson,2014,2017
201023,Wesley Wilson,2006,2006
1630045,Jared Wilson-Frame,2019,2019
1627787,Kyle Wiltjer,2016,2016
1628549,Thomas Wimbush,2017,2018
201363,Craig Winder,2007,2010
1629685,Dylan Windler,2019,2019
202215,Major Wingate,2009,2009
1630216,Cassius Winston,2020,2020
203701,Eric Wise,2013,2013
202217,Jeremy Wise,2009,2013
202124,Curtis Withers,2008,2011
1629270,Todd Withers,2018,2019
203178,Wesley Witherspoon,2012,2012
204195,Austin Witter,2014,2015
202611,Ryan Wittman,2010,2010
203489,Nate Wolters,2014,2017
1628658,Brandon Wood,2017,2017
1626174,Christian Wood,2015,2018
1627954,Scott Wood,2015,2016
1630218,Robert Woodard II,2020,2020
1627967,Adam Woodbury,2015,2019
202773,Terrance Woodbury,2011,2013
202141,Booker Woodfox,2009,2015
1628848,Zeek Woodley,2017,2017
1628016,Asaad Woods,2016,2016
1627380,Kameron Woods,2015,2016
2254,Loren Woods,2006,2006
2417,Qyntel Woods,2006,2006
204146,Renaldo Woolridge,2014,2014
1630324,Ryan Woolridge,2020,2020
1629624,Kenny Wooten,2019,2020
201011,Joseph Works,2006,2006
202195,Horace Wormely,2008,2009
202185,Akeem Wright,2009,2009
101120,Antoine Wright,2011,2012
101152,Bracey Wright,2005,2005
202874,Chris Wright,2011,2018
203203,Chris Wright,2012,2014
1626153,Delon Wright,2015,2016
2748,Dorell Wright,2005,2005
1629966,Isaiah Wright,2019,2019
200525,James Wright,2008,2011
1628547,Jay Wright,2017,2019
204156,Joel Wright,2014,2015
201153,Julian Wright,2011,2011
204093,Keith Wright,2013,2019
204223,Sherrod Wright,2014,2014
1629625,Justin Wright-Foreman,2019,2020
203100,Tony Wroten,2012,2017
203579,Khalif Wyatt,2013,2013
1627824,Guerschon Yabusele,2016,2018
1628096,Ash Yacoubou,2019,2019
1628729,Kendal Yancy,2017,2017
203772,Sammy Yeager,2013,2013
204107,Deilvez Yearby,2013,2013
201146,Yi Jianlian,2011,2011
1628221,Gabe York,2016,2018
3259651,B.J. Young,2013,2013
203523,BJ Young,2013,2013
204294,Brandon Young,2014,2014
2801,David Young,2004,2004
203923,James Young,2014,2020
1626202,Joe Young,2015,2016
1627290,Kevin Young,2015,2019
1628454,Mike Young,2017,2017
1628704,Najeal Young,2017,2017
1630209,Omer Yurtseven,2020,2020
202511,Adam Zahn,2010,2010
202554,Alex Zampier,2010,2010
204075,Talib Zanna,2014,2015
1627878,Nick Zeisloft,2015,2019
202545,Luke Zeller,2010,2013
202133,Martin Zeno,2008,2009
11,Pan Zhenqi,2007,2007
2583,Derrick Zimmerman,2005,2005
1627757,Stephen Zimmerman,2016,2018
204262,Ta'Quan Zimmerman,2014,2015
1627835,Paul Zipser,2016,2017
1627790,Ante Zizic,2017,2017
1627826,Ivica Zubac,2016,2017
203131,Tomislav Zubcic,2015,2015
1628437,George de Paula,2017,2017
